date,cash,equity,open
2026-08-13,9843.05,99647.14,9
2026-08-14,9843.05,102903.51,9
2026-08-17,9843.05,102248.39,9
2026-08-18,9843.05,104515.98,9
2026-08-19,9843.05,107607.95,9
2026-08-20,325.99,104545.17,10
2026-08-21,325.99,105542.93,10
2026-08-24,325.99,104922.32,10
2026-08-25,325.99,104977.63,10
2026-08-26,325.99,103686.95,10
2026-08-27,252.7,102509.25,10
2026-08-28,252.7,101465.58,10
2026-08-31,252.7,102249.09,10
2026-09-01,252.7,102835.75,10
2026-09-02,252.7,104091.63,10
2026-09-03,104122.47,104122.47,0
2026-09-04,128.69,104062.33,10
2026-09-08,128.69,102706.98,10
2026-09-09,128.69,100145.83,10
2026-09-10,128.69,100377.93,10
2026-09-11,128.69,101027.55,10
2026-09-14,102625.68,102625.68,0
2026-09-15,102625.68,102625.68,0
2026-09-16,138.37,102568.22,10
2026-09-17,138.37,101627.37,10
2026-09-18,138.37,99653.2,10
2026-09-21,138.37,99821.44,10
2026-09-22,138.37,98319.67,10
2026-09-23,116.98,97273.55,10
2026-09-24,116.98,97135.5,10
2026-09-25,116.98,96956.37,10
2026-09-28,116.98,97137.67,10
2026-09-29,116.98,97454.49,10
2026-09-30,98355.53,98355.53,0
2026-10-01,98355.53,98355.53,0
2026-10-02,98355.53,98355.53,0
2026-10-05,98355.53,98355.53,0
2026-10-06,98355.53,98355.53,0
