date,ticker,side,conviction,reason
2026-08-13,TKVA,BUY,0.38805795458451775,no session bar (price data missing)
2026-08-13,SCATU,BUY,0.37305795458451774,no session bar (price data missing)
2026-08-13,LEDRU,BUY,0.37305795458451774,no session bar (price data missing)
2026-08-13,IDIAU,BUY,0.37305795458451774,no session bar (price data missing)
2026-08-13,SKAIU,BUY,0.37305795458451774,no session bar (price data missing)
2026-08-13,PHAXU,BUY,0.37305795458451774,no session bar (price data missing)
2026-08-13,APNAU,BUY,0.37305795458451774,no session bar (price data missing)
2026-08-13,BCACU,BUY,0.37305795458451774,no session bar (price data missing)
2026-08-13,PROK,BUY,0.341270929998091,"insufficient cash ($10,056 > $9,843)"
2026-08-13,IMNN,BUY,0.341270929998091,"insufficient cash ($10,045 > $9,843)"
2026-08-13,ABEO,BUY,0.341270929998091,"insufficient cash ($9,983 > $9,843)"
2026-08-13,NRXP,BUY,0.341270929998091,"insufficient cash ($10,002 > $9,843)"
2026-08-13,FTRE,BUY,0.341270929998091,"insufficient cash ($9,969 > $9,843)"
2026-08-13,UNCY,BUY,0.341270929998091,"insufficient cash ($9,987 > $9,843)"
2026-08-13,SPRB,BUY,0.341270929998091,"insufficient cash ($9,957 > $9,843)"
2026-08-13,FDMT,BUY,0.341270929998091,"insufficient cash ($9,972 > $9,843)"
2026-08-14,TLN,BUY,0.5155977573869228,"insufficient cash ($10,159 > $9,843)"
2026-08-14,VST,BUY,0.49167442896524755,"insufficient cash ($10,223 > $9,843)"
2026-08-14,DVN,BUY,0.48674271995112256,"insufficient cash ($10,273 > $9,843)"
2026-08-14,FANG,BUY,0.48234176535356066,"insufficient cash ($10,126 > $9,843)"
2026-08-14,EOG,BUY,0.48234176535356066,"insufficient cash ($10,270 > $9,843)"
2026-08-14,OXY,BUY,0.458019979187021,"insufficient cash ($10,274 > $9,843)"
2026-08-14,COP,BUY,0.455794297250221,"insufficient cash ($10,271 > $9,843)"
2026-08-14,APA,BUY,0.455794297250221,"insufficient cash ($10,283 > $9,843)"
2026-08-14,NRG,BUY,0.4391298591359555,"insufficient cash ($10,228 > $9,843)"
2026-08-14,CEG,BUY,0.41316382716302325,"insufficient cash ($10,172 > $9,843)"
2026-08-14,XOM,BUY,0.4037376139827713,"insufficient cash ($10,249 > $9,843)"
2026-08-14,CVX,BUY,0.40151193204597135,"insufficient cash ($10,202 > $9,843)"
2026-08-14,NEE,BUY,0.39391382716302326,"insufficient cash ($10,259 > $9,843)"
2026-08-14,PHAXU,BUY,0.37105795458451774,no session bar (price data missing)
2026-08-14,SKAIU,BUY,0.37105795458451774,no session bar (price data missing)
2026-08-14,LEDRU,BUY,0.37105795458451774,no session bar (price data missing)
2026-08-14,SCATU,BUY,0.37105795458451774,no session bar (price data missing)
2026-08-14,IDIAU,BUY,0.37105795458451774,no session bar (price data missing)
2026-08-14,BCACU,BUY,0.37105795458451774,no session bar (price data missing)
2026-08-14,APNAU,BUY,0.37105795458451774,no session bar (price data missing)
2026-08-14,BEMD,BUY,0.37105795458451774,"insufficient cash ($10,289 > $9,843)"
2026-08-14,CLRS,BUY,0.33691286959374717,no session bar (price data missing)
2026-08-14,TBCH,BUY,0.329645993615345,"insufficient cash ($10,300 > $9,843)"
2026-08-14,WOLF,BUY,0.329645993615345,"insufficient cash ($10,272 > $9,843)"
2026-08-14,PGY,BUY,0.329645993615345,"insufficient cash ($10,290 > $9,843)"
2026-08-17,DVN,BUY,0.49702233576685556,"insufficient cash ($10,183 > $9,843)"
2026-08-17,FANG,BUY,0.49262138116929366,"insufficient cash ($10,110 > $9,843)"
2026-08-17,EOG,BUY,0.49262138116929366,"insufficient cash ($10,087 > $9,843)"
2026-08-17,OXY,BUY,0.468299595002754,"insufficient cash ($10,216 > $9,843)"
2026-08-17,COP,BUY,0.466073913065954,"insufficient cash ($10,207 > $9,843)"
2026-08-17,APA,BUY,0.466073913065954,"insufficient cash ($10,190 > $9,843)"
2026-08-17,XOM,BUY,0.40916137708952965,"insufficient cash ($10,174 > $9,843)"
2026-08-17,CVX,BUY,0.40693569515272965,"insufficient cash ($10,049 > $9,843)"
2026-08-17,TLN,BUY,0.4066163590596836,"insufficient cash ($9,996 > $9,843)"
2026-08-17,VST,BUY,0.3797542887985917,"insufficient cash ($10,084 > $9,843)"
2026-08-17,CEG,BUY,0.37911635905968355,"insufficient cash ($10,002 > $9,843)"
2026-08-17,NRG,BUY,0.37911635905968355,"insufficient cash ($10,159 > $9,843)"
2026-08-17,TMC,BUY,0.36708136207871644,"insufficient cash ($10,259 > $9,843)"
2026-08-17,TGB,BUY,0.3558104929619934,"insufficient cash ($10,232 > $9,843)"
2026-08-17,ELF,BUY,0.34840953836443156,"insufficient cash ($10,211 > $9,843)"
2026-08-17,NEE,BUY,0.3330042887985917,"insufficient cash ($10,176 > $9,843)"
2026-08-17,DNN,BUY,0.3328104929619934,"insufficient cash ($10,265 > $9,843)"
2026-08-17,ERO,BUY,0.32831049296199344,"insufficient cash ($10,197 > $9,843)"
2026-08-17,HNST,BUY,0.3240877521978919,"insufficient cash ($10,251 > $9,843)"
2026-08-17,MOS,BUY,0.32390953836443154,"insufficient cash ($10,218 > $9,843)"
2026-08-17,EL,BUY,0.32090953836443153,"insufficient cash ($10,207 > $9,843)"
2026-08-17,INTC,BUY,0.3114406031215927,"insufficient cash ($10,144 > $9,843)"
2026-08-17,NVDA,BUY,0.30921492118479277,"insufficient cash ($10,128 > $9,843)"
2026-08-17,MU,BUY,0.30921492118479277,"insufficient cash ($10,120 > $9,843)"
2026-08-17,AMD,BUY,0.30921492118479277,"insufficient cash ($10,122 > $9,843)"
2026-08-18,OXY,BUY,0.5358308401506334,day gate CLOSED: predict DOWN score -6.20 < +1.00
2026-08-18,COP,BUY,0.527731982971518,day gate CLOSED: predict DOWN score -6.20 < +1.00
2026-08-18,APA,BUY,0.527731982971518,day gate CLOSED: predict DOWN score -6.20 < +1.00
2026-08-18,DVN,BUY,0.502687413142226,day gate CLOSED: predict DOWN score -6.20 < +1.00
2026-08-18,EOG,BUY,0.502687413142226,day gate CLOSED: predict DOWN score -6.20 < +1.00
2026-08-18,FANG,BUY,0.450173913065954,day gate CLOSED: predict DOWN score -6.20 < +1.00
2026-08-18,XOM,BUY,0.44354919522900166,day gate CLOSED: predict DOWN score -6.20 < +1.00
2026-08-18,CVX,BUY,0.44354919522900166,day gate CLOSED: predict DOWN score -6.20 < +1.00
2026-08-18,STE,BUY,0.36745135313612337,day gate CLOSED: predict DOWN score -6.20 < +1.00
2026-08-18,SYK,BUY,0.35177014016665586,day gate CLOSED: predict DOWN score -6.20 < +1.00
2026-08-18,DHR,BUY,0.35177014016665586,day gate CLOSED: predict DOWN score -6.20 < +1.00
2026-08-18,TMO,BUY,0.3152215318412982,day gate CLOSED: predict DOWN score -6.20 < +1.00
2026-08-18,EW,BUY,0.3088755703373638,day gate CLOSED: predict DOWN score -6.20 < +1.00
2026-08-18,UTHR,BUY,0.30516049296199343,day gate CLOSED: predict DOWN score -6.20 < +1.00
2026-08-18,COO,BUY,0.28290953836443156,day gate CLOSED: predict DOWN score -6.20 < +1.00
2026-08-18,MUR,BUY,0.2667120702610919,day gate CLOSED: predict DOWN score -6.20 < +1.00
2026-08-18,FAST,BUY,0.2629755703373638,day gate CLOSED: predict DOWN score -6.20 < +1.00
2026-08-18,MDT,BUY,0.2590910050410034,day gate CLOSED: predict DOWN score -6.20 < +1.00
2026-08-18,IQV,BUY,0.22949999999999998,day gate CLOSED: predict DOWN score -6.20 < +1.00
2026-08-18,RMD,BUY,0.22569346858833106,day gate CLOSED: predict DOWN score -6.20 < +1.00
2026-08-18,ES,BUY,0.22030135313612337,day gate CLOSED: predict DOWN score -6.20 < +1.00
2026-08-18,AOS,BUY,0.21915953836443156,day gate CLOSED: predict DOWN score -6.20 < +1.00
2026-08-18,GGG,BUY,0.21915953836443156,day gate CLOSED: predict DOWN score -6.20 < +1.00
2026-08-18,MLYS,BUY,0.21826224780210815,day gate CLOSED: predict DOWN score -6.20 < +1.00
2026-08-18,PFE,BUY,0.20986899734577125,day gate CLOSED: predict DOWN score -6.20 < +1.00
2026-08-19,NEE,BUY,0.3818147817605851,day gate CLOSED: predict DOWN score -7.20 < +1.00
2026-08-19,STE,BUY,0.3494333719584629,day gate CLOSED: predict DOWN score -7.20 < +1.00
2026-08-19,DHR,BUY,0.3324715318412982,day gate CLOSED: predict DOWN score -7.20 < +1.00
2026-08-19,SYK,BUY,0.3324715318412982,day gate CLOSED: predict DOWN score -7.20 < +1.00
2026-08-19,UTHR,BUY,0.3096881286445988,day gate CLOSED: predict DOWN score -7.20 < +1.00
2026-08-19,CEG,BUY,0.3047542887985917,day gate CLOSED: predict DOWN score -7.20 < +1.00
2026-08-19,EW,BUY,0.2853104929619934,day gate CLOSED: predict DOWN score -7.20 < +1.00
2026-08-19,FAST,BUY,0.2687215318412982,day gate CLOSED: predict DOWN score -7.20 < +1.00
2026-08-19,TMO,BUY,0.2565877521978918,day gate CLOSED: predict DOWN score -7.20 < +1.00
2026-08-19,COO,BUY,0.2565877521978918,day gate CLOSED: predict DOWN score -7.20 < +1.00
2026-08-19,VST,BUY,0.24816653660069982,day gate CLOSED: predict DOWN score -7.20 < +1.00
2026-08-19,MDT,BUY,0.2457068417700766,day gate CLOSED: predict DOWN score -7.20 < +1.00
2026-08-19,MUR,BUY,0.23925,day gate CLOSED: predict DOWN score -7.20 < +1.00
2026-08-19,WTW,BUY,0.22243337195846288,day gate CLOSED: predict DOWN score -7.20 < +1.00
2026-08-19,GGG,BUY,0.22156049296199343,day gate CLOSED: predict DOWN score -7.20 < +1.00
2026-08-19,RMD,BUY,0.20926899734577123,day gate CLOSED: predict DOWN score -7.20 < +1.00
2026-08-19,ES,BUY,0.2036833719584629,day gate CLOSED: predict DOWN score -7.20 < +1.00
2026-08-19,IQV,BUY,0.19841224780210814,day gate CLOSED: predict DOWN score -7.20 < +1.00
2026-08-19,ITW,BUY,0.19547766155299348,day gate CLOSED: predict DOWN score -7.20 < +1.00
2026-08-19,AOS,BUY,0.19283775219789184,day gate CLOSED: predict DOWN score -7.20 < +1.00
2026-08-19,NRG,BUY,0.19223529145282042,day gate CLOSED: predict DOWN score -7.20 < +1.00
2026-08-19,ZBH,BUY,0.18989738917414564,day gate CLOSED: predict DOWN score -7.20 < +1.00
2026-08-19,ELV,BUY,0.18989738917414564,day gate CLOSED: predict DOWN score -7.20 < +1.00
2026-08-19,HLN,BUY,0.18989738917414564,day gate CLOSED: predict DOWN score -7.20 < +1.00
2026-08-19,MLYS,BUY,0.18381187135540114,day gate CLOSED: predict DOWN score -7.20 < +1.00
2026-08-20,NHI,BUY,0.9708597618844863,outside top-N conviction cut
2026-08-20,GSHD,BUY,0.9641951681952364,outside top-N conviction cut
2026-08-20,OGS,BUY,0.9452003500135023,outside top-N conviction cut
2026-08-20,FIGR,BUY,0.9405532454700932,outside top-N conviction cut
2026-08-20,HLNE,BUY,0.938312747413788,outside top-N conviction cut
2026-08-21,MOS,BUY,1.1456442068304926,"insufficient cash ($10,551 > $326)"
2026-08-21,OCUL,BUY,1.1353498875359582,"insufficient cash ($10,560 > $326)"
2026-08-21,GSHD,BUY,1.134137320578915,"insufficient cash ($10,518 > $326)"
2026-08-21,DUOL,BUY,1.1333795863184117,"insufficient cash ($10,524 > $326)"
2026-08-21,CRSP,BUY,1.1326498719558447,"insufficient cash ($10,534 > $326)"
2026-08-21,XP,BUY,1.1237579800245125,"insufficient cash ($10,548 > $326)"
2026-08-21,OPCH,BUY,1.1036308040835898,"insufficient cash ($10,552 > $326)"
2026-08-21,WGS,BUY,1.094437529750573,"insufficient cash ($10,537 > $326)"
2026-08-21,HLNE,BUY,1.0846736594522277,"insufficient cash ($10,537 > $326)"
2026-08-21,FIGR,BUY,1.0742397360809401,"insufficient cash ($10,521 > $326)"
2026-08-21,EPAM,BUY,1.0729391780083453,"insufficient cash ($10,485 > $326)"
2026-08-21,CALX,BUY,1.071587093722987,"insufficient cash ($10,555 > $326)"
2026-08-21,NHI,BUY,1.0349689827367952,"insufficient cash ($10,493 > $326)"
2026-08-21,ZG,BUY,1.0336772128750376,"insufficient cash ($10,523 > $326)"
2026-08-21,VNT,BUY,1.018902651489142,"insufficient cash ($10,558 > $326)"
2026-08-21,CE,BUY,1.0137164566360577,"insufficient cash ($10,533 > $326)"
2026-08-21,FBRT,BUY,0.9956501245698564,"insufficient cash ($10,562 > $326)"
2026-08-21,NMRK,BUY,0.9912835175759078,"insufficient cash ($10,561 > $326)"
2026-08-21,ABR,BUY,0.9818522228502896,"insufficient cash ($10,577 > $326)"
2026-08-21,GPK,BUY,0.9776413030846614,"insufficient cash ($10,560 > $326)"
2026-08-21,NFG,BUY,0.9658275222157058,"insufficient cash ($10,477 > $326)"
2026-08-21,BZ,BUY,0.9589528143798716,"insufficient cash ($10,551 > $326)"
2026-08-21,BFAM,BUY,0.9575867822870723,"insufficient cash ($10,497 > $326)"
2026-08-21,Z,BUY,0.9557341770791472,"insufficient cash ($10,553 > $326)"
2026-08-21,DNN,BUY,0.9553721710142942,"insufficient cash ($10,591 > $326)"
2026-08-27,BFAM,BUY,1.1020449016113294,outside top-N conviction cut
2026-08-27,SLI,BUY,1.0999039507727644,outside top-N conviction cut
2026-08-27,SFM,BUY,1.097329398491403,outside top-N conviction cut
2026-08-27,DEC,BUY,1.0951964870649118,outside top-N conviction cut
2026-08-27,LW,BUY,1.0901908909426472,outside top-N conviction cut
2026-08-27,ICL,BUY,1.08176697661532,outside top-N conviction cut
2026-08-27,WT,BUY,1.078884432312023,outside top-N conviction cut
2026-08-27,ALHC,BUY,1.0692943611541945,outside top-N conviction cut
2026-08-27,KBR,BUY,1.069154498898387,outside top-N conviction cut
2026-08-27,TIGR,BUY,1.0671254181092538,outside top-N conviction cut
2026-08-27,Z,BUY,1.0624660870474276,outside top-N conviction cut
2026-08-27,BXSL,BUY,1.0548698053503556,outside top-N conviction cut
2026-08-27,OSK,BUY,1.0543328246347685,outside top-N conviction cut
2026-08-27,GPK,BUY,1.0541401921525597,outside top-N conviction cut
2026-08-27,DNN,BUY,1.0540149251030775,outside top-N conviction cut
2026-08-31,CRM,BUY,0.33742661011988423,day gate CLOSED: predict DOWN score -5.85 < +1.00
2026-08-31,AON,BUY,0.3424465320055805,day gate CLOSED: predict DOWN score -5.85 < +1.00
2026-08-31,MPC,BUY,0.42706886384257203,day gate CLOSED: predict DOWN score -5.85 < +1.00
2026-08-31,BMO,BUY,0.2885749489757585,day gate CLOSED: predict DOWN score -5.85 < +1.00
2026-08-31,AMGN,BUY,0.08251273249580351,day gate CLOSED: predict DOWN score -5.85 < +1.00
2026-08-31,CM,BUY,0.26200783137107253,day gate CLOSED: predict DOWN score -5.85 < +1.00
2026-08-31,AMZN,BUY,0.33150534523963815,day gate CLOSED: predict DOWN score -5.85 < +1.00
2026-08-31,CVE,BUY,0.2657249511284468,day gate CLOSED: predict DOWN score -5.85 < +1.00
2026-08-31,LIN,BUY,0.3376760616458749,day gate CLOSED: predict DOWN score -5.85 < +1.00
2026-08-31,CVX,BUY,0.29159455716649435,day gate CLOSED: predict DOWN score -5.85 < +1.00
2026-09-01,CRM,BUY,0.16316218390256954,day gate CLOSED: predict DOWN score -6.30 < +1.00
2026-09-01,KMI,BUY,0.45251960908406164,day gate CLOSED: predict DOWN score -6.30 < +1.00
2026-09-01,FTI,BUY,0.3185757623364738,day gate CLOSED: predict DOWN score -6.30 < +1.00
2026-09-01,CNR,BUY,0.6664512197068018,day gate CLOSED: predict DOWN score -6.30 < +1.00
2026-09-01,DK,BUY,0.7480655260389895,day gate CLOSED: predict DOWN score -6.30 < +1.00
2026-09-01,INVX,BUY,0.6357626374812111,day gate CLOSED: predict DOWN score -6.30 < +1.00
2026-09-01,OXY,BUY,0.6424037746458504,day gate CLOSED: predict DOWN score -6.30 < +1.00
2026-09-01,DOCS,BUY,0.49141474586748113,day gate CLOSED: predict DOWN score -6.30 < +1.00
2026-09-01,DHT,BUY,0.7053122357894481,day gate CLOSED: predict DOWN score -6.30 < +1.00
2026-09-01,LNG,BUY,0.3143413152362579,day gate CLOSED: predict DOWN score -6.30 < +1.00
2026-09-02,CVS,BUY,0.5230270385778015,day gate CLOSED: predict DOWN score -3.83 < +1.00
2026-09-02,CVE,BUY,0.36037247854258464,day gate CLOSED: predict DOWN score -3.83 < +1.00
2026-09-02,CNQ,BUY,0.37679171545638307,day gate CLOSED: predict DOWN score -3.83 < +1.00
2026-09-02,COR,BUY,0.37296755362638373,day gate CLOSED: predict DOWN score -3.83 < +1.00
2026-09-02,BG,BUY,0.5677530924108332,day gate CLOSED: predict DOWN score -3.83 < +1.00
2026-09-02,PBF,BUY,0.7328886138957196,day gate CLOSED: predict DOWN score -3.83 < +1.00
2026-09-02,ADM,BUY,0.3831028501993111,day gate CLOSED: predict DOWN score -3.83 < +1.00
2026-09-02,OXY,BUY,0.5047038033754504,day gate CLOSED: predict DOWN score -3.83 < +1.00
2026-09-02,EOG,BUY,0.39412582093564563,day gate CLOSED: predict DOWN score -3.83 < +1.00
2026-09-02,CVX,BUY,0.27810347309158207,day gate CLOSED: predict DOWN score -3.83 < +1.00
2026-09-03,AVGO,BUY,0.42266687931221275,day gate CLOSED: predict FLAT score -0.90 < +1.00
2026-09-03,HPE,BUY,0.09935687610598602,day gate CLOSED: predict FLAT score -0.90 < +1.00
2026-09-03,CEG,BUY,0.5677989469950185,day gate CLOSED: predict FLAT score -0.90 < +1.00
2026-09-03,ADM,BUY,0.387461767886616,day gate CLOSED: predict FLAT score -0.90 < +1.00
2026-09-03,VFF,BUY,0.6436910541077241,day gate CLOSED: predict FLAT score -0.90 < +1.00
2026-09-03,VEEV,BUY,0.4536660732056732,day gate CLOSED: predict FLAT score -0.90 < +1.00
2026-09-03,VAL,BUY,0.49912963019089207,day gate CLOSED: predict FLAT score -0.90 < +1.00
2026-09-03,WAY,BUY,0.77753838775741,day gate CLOSED: predict FLAT score -0.90 < +1.00
2026-09-04,STGW,BUY,0.577088794383571,outside top-N conviction cut
2026-09-04,XP,BUY,0.5581377110242598,outside top-N conviction cut
2026-09-04,MTCH,BUY,0.5342848704806492,outside top-N conviction cut
2026-09-04,NCNO,BUY,0.5210485759959811,outside top-N conviction cut
2026-09-04,UPWK,BUY,0.5047970440328411,outside top-N conviction cut
2026-09-04,ASND,BUY,0.41205508729761764,outside top-N conviction cut
2026-09-08,ZIM,BUY,0.5123631288948107,day gate CLOSED: predict DOWN score -11.47 < +1.00
2026-09-09,CIG,BUY,0.7242815504164775,day gate CLOSED: predict DOWN score -13.95 < +1.00
2026-09-09,ATRO,BUY,0.5210078151822785,day gate CLOSED: predict DOWN score -13.95 < +1.00
2026-09-09,EMBJ,BUY,0.13038406873849306,day gate CLOSED: predict DOWN score -13.95 < +1.00
2026-09-09,MIR,BUY,0.5956938762730717,day gate CLOSED: predict DOWN score -13.95 < +1.00
2026-09-09,NXE,BUY,0.5135764674626018,day gate CLOSED: predict DOWN score -13.95 < +1.00
2026-09-09,BG,BUY,0.38511479236914936,day gate CLOSED: predict DOWN score -13.95 < +1.00
2026-09-09,AR,BUY,0.3875737710531883,day gate CLOSED: predict DOWN score -13.95 < +1.00
2026-09-09,ITT,BUY,0.3667763704975007,day gate CLOSED: predict DOWN score -13.95 < +1.00
2026-09-09,XIFR,BUY,0.5613846130666518,day gate CLOSED: predict DOWN score -13.95 < +1.00
2026-09-10,AEHR,BUY,0.6564095424170405,day gate CLOSED: predict DOWN score -13.28 < +1.00
2026-09-11,ORCL,BUY,0.5408410335575866,day gate CLOSED: predict FLAT score +0.50 < +1.00
2026-09-11,NVT,BUY,0.46848116683036684,day gate CLOSED: predict FLAT score +0.50 < +1.00
2026-09-14,CVE,BUY,0.3085269772347176,day gate CLOSED: predict DOWN score -11.00 < +1.00
2026-09-15,MPC,BUY,0.29209191309625154,day gate CLOSED: predict DOWN score -3.84 < +1.00
2026-09-15,ZD,BUY,0.5589167166768818,day gate CLOSED: predict DOWN score -3.84 < +1.00
2026-09-15,DBX,BUY,0.6655696991736344,day gate CLOSED: predict DOWN score -3.84 < +1.00
2026-09-15,OKTA,BUY,0.3171949408503709,day gate CLOSED: predict DOWN score -3.84 < +1.00
2026-09-15,S,BUY,0.6756555447512882,day gate CLOSED: predict DOWN score -3.84 < +1.00
2026-09-15,MTCH,BUY,0.2507798001669761,day gate CLOSED: predict DOWN score -3.84 < +1.00
2026-09-15,TWLO,BUY,0.2344131255187727,day gate CLOSED: predict DOWN score -3.84 < +1.00
2026-09-15,AVAH,BUY,0.6530342269261553,day gate CLOSED: predict DOWN score -3.84 < +1.00
2026-09-16,SAIC,BUY,0.6660896729727943,no session bar (price data missing)
2026-09-16,IQV,BUY,0.37032222788081726,outside top-N conviction cut
2026-09-17,MGNI,BUY,0.87696946072677,"insufficient cash ($10,155 > $138)"
2026-09-17,PGEN,BUY,0.8599167205490108,"insufficient cash ($10,177 > $138)"
2026-09-17,ATRC,BUY,0.8458045741914606,"insufficient cash ($10,112 > $138)"
2026-09-17,IOVA,BUY,0.8171253936116503,"insufficient cash ($10,173 > $138)"
2026-09-17,FIVN,BUY,0.8056706447862081,"insufficient cash ($10,147 > $138)"
2026-09-17,ASAN,BUY,0.8049978570110208,"insufficient cash ($10,174 > $138)"
2026-09-17,CROX,BUY,0.7885155288364787,"insufficient cash ($10,088 > $138)"
2026-09-17,M,BUY,0.752488389619979,"insufficient cash ($10,155 > $138)"
2026-09-17,SONO,BUY,0.74733798620364,"insufficient cash ($10,164 > $138)"
2026-09-17,CARG,BUY,0.7219152308478134,"insufficient cash ($10,163 > $138)"
2026-09-17,ZD,BUY,0.7021835975593342,"insufficient cash ($10,114 > $138)"
2026-09-17,CHEF,BUY,0.7018883396847719,"insufficient cash ($10,137 > $138)"
2026-09-17,ILMN,BUY,0.5912664255463734,"insufficient cash ($10,054 > $138)"
2026-09-17,NXDR,BUY,0.5837614591702165,"insufficient cash ($10,213 > $138)"
2026-09-17,GME,BUY,0.5788690966329287,"insufficient cash ($10,161 > $138)"
2026-09-17,BBY,BUY,0.3732146912526119,"insufficient cash ($10,120 > $138)"
2026-09-17,CRWD,BUY,0.26472507241916676,"insufficient cash ($10,076 > $138)"
2026-09-18,VICR,BUY,0.8457966679510307,"insufficient cash ($9,802 > $138)"
2026-09-18,BRKR,BUY,0.7999654436410955,"insufficient cash ($9,948 > $138)"
2026-09-18,SDGR,BUY,0.7976664965389122,"insufficient cash ($9,958 > $138)"
2026-09-18,ECO,BUY,0.7787755181767473,"insufficient cash ($9,941 > $138)"
2026-09-18,FIVN,BUY,0.7660125964152846,"insufficient cash ($9,940 > $138)"
2026-09-18,WAY,BUY,0.7595831760161345,"insufficient cash ($9,961 > $138)"
2026-09-18,XMTR,BUY,0.7480238010689635,"insufficient cash ($9,915 > $138)"
2026-09-18,SFL,BUY,0.7304810714418355,"insufficient cash ($9,973 > $138)"
2026-09-18,M,BUY,0.7200118668730076,"insufficient cash ($9,967 > $138)"
2026-09-18,GLBE,BUY,0.7024277081149934,"insufficient cash ($9,932 > $138)"
2026-09-18,GNRC,BUY,0.6387805533179371,"insufficient cash ($9,959 > $138)"
2026-09-18,ILMN,BUY,0.4873263812643802,"insufficient cash ($9,827 > $138)"
2026-09-18,RBRK,BUY,0.4387479515826178,"insufficient cash ($9,926 > $138)"
2026-09-18,DELL,BUY,0.31301341153751355,"insufficient cash ($9,659 > $138)"
2026-09-21,MGNI,BUY,0.8787515311040279,"insufficient cash ($9,977 > $138)"
2026-09-21,NEOG,BUY,0.8565442544423565,"insufficient cash ($9,986 > $138)"
2026-09-21,PGEN,BUY,0.8376139065949222,"insufficient cash ($9,996 > $138)"
2026-09-21,IOVA,BUY,0.8252531235735936,"insufficient cash ($9,989 > $138)"
2026-09-21,HAE,BUY,0.8046767942654001,"insufficient cash ($9,897 > $138)"
2026-09-21,CNK,BUY,0.7554397035732043,"insufficient cash ($9,972 > $138)"
2026-09-21,ZD,BUY,0.7458511329012261,"insufficient cash ($9,945 > $138)"
2026-09-21,IMAX,BUY,0.7282616519380656,"insufficient cash ($9,946 > $138)"
2026-09-21,CHEF,BUY,0.6538388853438419,"insufficient cash ($9,965 > $138)"
2026-09-21,TAL,BUY,0.5717180252724567,"insufficient cash ($9,987 > $138)"
2026-09-21,DAR,BUY,0.26277851542660113,"insufficient cash ($9,934 > $138)"
2026-09-21,SJM,BUY,0.18308935716633895,"insufficient cash ($9,952 > $138)"
2026-09-22,PACS,BUY,0.28812563161550103,day gate CLOSED: predict DOWN score -0.50 < +1.00
2026-09-22,PAYS,BUY,0.3818751006424396,day gate CLOSED: predict DOWN score -0.50 < +1.00
2026-09-22,AMN,BUY,0.21749284617892392,day gate CLOSED: predict DOWN score -0.50 < +1.00
2026-09-22,ATEN,BUY,0.30493897995062075,day gate CLOSED: predict DOWN score -0.50 < +1.00
2026-09-23,VSTS,BUY,0.6191745615179922,outside top-N conviction cut
2026-09-23,TAL,BUY,0.618631773300955,outside top-N conviction cut
2026-09-23,SB,BUY,0.5770729430715258,outside top-N conviction cut
2026-09-23,SHOO,BUY,0.5042884738828913,outside top-N conviction cut
2026-09-23,DXCM,BUY,0.38580549282001886,outside top-N conviction cut
2026-09-24,CVE,BUY,0.12720679420963588,day gate CLOSED: predict DOWN score -7.66 < +1.00
2026-09-24,EOG,BUY,0.34419817806410746,day gate CLOSED: predict DOWN score -7.66 < +1.00
2026-09-24,RRC,BUY,0.6523650052176941,day gate CLOSED: predict DOWN score -7.66 < +1.00
2026-09-24,S,BUY,0.6480301925972238,day gate CLOSED: predict DOWN score -7.66 < +1.00
2026-09-24,GCT,BUY,0.5667551636834464,day gate CLOSED: predict DOWN score -7.66 < +1.00
2026-09-24,HITI,BUY,0.35429720584504554,day gate CLOSED: predict DOWN score -7.66 < +1.00
2026-09-24,RPD,BUY,0.6211086365095552,day gate CLOSED: predict DOWN score -7.66 < +1.00
2026-09-25,SONO,BUY,0.8508945066798499,"insufficient cash ($9,694 > $117)"
2026-09-25,OMER,BUY,0.8019102788133965,"insufficient cash ($9,685 > $117)"
2026-09-25,VCYT,BUY,0.7856439025015278,"insufficient cash ($9,679 > $117)"
2026-09-25,ELF,BUY,0.781277465959759,"insufficient cash ($9,655 > $117)"
2026-09-25,FIVN,BUY,0.7613574697264032,"insufficient cash ($9,697 > $117)"
2026-09-25,PDFS,BUY,0.7602445116807803,"insufficient cash ($9,665 > $117)"
2026-09-25,OLLI,BUY,0.7458249158595283,"insufficient cash ($9,691 > $117)"
2026-09-25,ADMA,BUY,0.6929160046044809,"insufficient cash ($9,703 > $117)"
2026-09-25,CCC,BUY,0.6800935790627343,"insufficient cash ($9,713 > $117)"
2026-09-25,COCO,BUY,0.6710433276831007,"insufficient cash ($9,670 > $117)"
2026-09-25,TAL,BUY,0.6670356385316383,"insufficient cash ($9,694 > $117)"
2026-09-25,PRCH,BUY,0.6453439583455642,"insufficient cash ($9,694 > $117)"
2026-09-25,CNK,BUY,0.6082820203724919,"insufficient cash ($9,672 > $117)"
2026-09-25,STGW,BUY,0.6071299570893032,"insufficient cash ($9,708 > $117)"
2026-09-25,MGNI,BUY,0.5871903939133394,"insufficient cash ($9,689 > $117)"
2026-09-25,FDS,BUY,0.535668676281667,"insufficient cash ($9,560 > $117)"
2026-09-25,TDS,BUY,0.5152800325457689,"insufficient cash ($9,683 > $117)"
2026-09-25,EZPW,BUY,0.4039380741003576,"insufficient cash ($9,695 > $117)"
2026-09-25,REGN,BUY,0.309258569261249,"insufficient cash ($9,459 > $117)"
2026-09-25,COF,BUY,0.225846736930929,"insufficient cash ($9,612 > $117)"
2026-09-28,CNQ,BUY,0.2421714774534895,day gate CLOSED: predict DOWN score -6.14 < +1.00
2026-09-28,CVE,BUY,0.18230041462908336,day gate CLOSED: predict DOWN score -6.14 < +1.00
2026-09-28,ASTH,BUY,0.5593004910733419,day gate CLOSED: predict DOWN score -6.14 < +1.00
2026-09-28,SONO,BUY,0.7277474987185046,day gate CLOSED: predict DOWN score -6.14 < +1.00
2026-09-28,FIVN,BUY,0.5958555240790689,day gate CLOSED: predict DOWN score -6.14 < +1.00
2026-09-28,AMN,BUY,0.6139082297236333,day gate CLOSED: predict DOWN score -6.14 < +1.00
2026-09-28,CON,BUY,0.6041769515131301,day gate CLOSED: predict DOWN score -6.14 < +1.00
2026-09-28,BAND,BUY,0.6151821000350606,day gate CLOSED: predict DOWN score -6.14 < +1.00
2026-09-28,MQ,BUY,0.6431089586605956,day gate CLOSED: predict DOWN score -6.14 < +1.00
2026-09-29,ARHS,BUY,0.9013014936750097,"insufficient cash ($9,757 > $117)"
2026-09-29,SONO,BUY,0.882807210417524,"insufficient cash ($9,735 > $117)"
2026-09-29,PDFS,BUY,0.8511534460930921,"insufficient cash ($9,708 > $117)"
2026-09-29,CDNA,BUY,0.8021608286801538,"insufficient cash ($9,733 > $117)"
2026-09-29,GCT,BUY,0.800810216334066,"insufficient cash ($9,732 > $117)"
2026-09-29,SHOO,BUY,0.7988795225956768,"insufficient cash ($9,708 > $117)"
2026-09-29,ARQT,BUY,0.7733596676403423,"insufficient cash ($9,742 > $117)"
2026-09-29,OLLI,BUY,0.7642739401100922,"insufficient cash ($9,722 > $117)"
2026-09-29,CAKE,BUY,0.757941251392074,"insufficient cash ($9,664 > $117)"
2026-09-29,CRON,BUY,0.7328939330237798,"insufficient cash ($9,782 > $117)"
2026-09-29,CTOS,BUY,0.6824839281708199,"insufficient cash ($9,750 > $117)"
2026-09-29,TAL,BUY,0.6559776656383001,"insufficient cash ($9,747 > $117)"
2026-09-29,SFL,BUY,0.648883749717212,"insufficient cash ($9,752 > $117)"
2026-09-29,COCO,BUY,0.6339682398387261,"insufficient cash ($9,729 > $117)"
2026-09-29,SNDR,BUY,0.5625040177750854,"insufficient cash ($9,726 > $117)"
2026-09-29,BJ,BUY,0.515825807162678,"insufficient cash ($9,742 > $117)"
2026-09-29,PBI,BUY,0.5028592504091454,"insufficient cash ($9,749 > $117)"
2026-09-29,SN,BUY,0.4632041695805488,"insufficient cash ($9,671 > $117)"
2026-09-29,DT,BUY,0.41888615803821805,"insufficient cash ($9,725 > $117)"
2026-09-29,CORT,BUY,0.3172479380905753,"insufficient cash ($9,640 > $117)"
2026-09-29,GPRK,BUY,0.3131017791277414,"insufficient cash ($9,755 > $117)"
2026-09-30,AVPT,BUY,0.7733844288336755,no exit price (unsettleable)
2026-09-30,AMN,BUY,0.611244210274493,no exit price (unsettleable)
2026-09-30,RELY,BUY,0.5911221390096641,no exit price (unsettleable)
2026-09-30,MD,BUY,0.4705764124026185,no exit price (unsettleable)
2026-09-30,FTNT,BUY,0.11542025277020634,no exit price (unsettleable)
2026-10-01,BKR,BUY,0.13313867766486298,day gate CLOSED: predict DOWN score -1.34 < +1.00
2026-10-01,CNR,BUY,0.260513533753055,day gate CLOSED: predict DOWN score -1.34 < +1.00
2026-10-01,NTAP,BUY,0.36809651152058465,day gate CLOSED: predict DOWN score -1.34 < +1.00
2026-10-01,BAND,BUY,0.691714825316514,day gate CLOSED: predict DOWN score -1.34 < +1.00
2026-10-01,NTSK,BUY,0.4740209302059006,day gate CLOSED: predict DOWN score -1.34 < +1.00
2026-10-02,CDNA,BUY,0.8738779481435954,no exit price (unsettleable)
2026-10-02,SHOO,BUY,0.7279190312330831,no exit price (unsettleable)
2026-10-02,SIG,BUY,0.7157782789631657,no exit price (unsettleable)
2026-10-02,FIGS,BUY,0.7011666567266757,no exit price (unsettleable)
2026-10-02,AVPT,BUY,0.6861184751644784,no exit price (unsettleable)
2026-10-02,PRCH,BUY,0.6781574024639143,no exit price (unsettleable)
2026-10-02,CHEF,BUY,0.6568694570215011,no exit price (unsettleable)
2026-10-02,LAUR,BUY,0.6502540584292986,no exit price (unsettleable)
2026-10-02,IMAX,BUY,0.6289850501705696,no exit price (unsettleable)
2026-10-02,MQ,BUY,0.6250094809509803,no exit price (unsettleable)
2026-10-02,SONO,BUY,0.6122557554404606,no exit price (unsettleable)
2026-10-02,EXLS,BUY,0.6111113600658857,no exit price (unsettleable)
2026-10-02,EZPW,BUY,0.5076250434144034,no exit price (unsettleable)
2026-10-02,VEEV,BUY,0.47713246551822375,no exit price (unsettleable)
2026-10-02,PEB,BUY,0.4386515783670519,no exit price (unsettleable)
2026-10-02,CORT,BUY,0.40853998059703733,no exit price (unsettleable)
2026-10-02,ILMN,BUY,0.40135043679986604,no exit price (unsettleable)
2026-10-02,ABX,BUY,0.38653764214978487,no exit price (unsettleable)
2026-10-02,SN,BUY,0.3368977595867225,no exit price (unsettleable)
2026-10-05,COP,BUY,0.5928244640113322,day gate CLOSED: predict FLAT score +0.09 < +1.00
2026-10-05,SPOT,BUY,0.1457986289286642,day gate CLOSED: predict FLAT score +0.09 < +1.00
2026-10-05,DG,BUY,0.26188343941980674,day gate CLOSED: predict FLAT score +0.09 < +1.00
2026-10-05,DVN,BUY,0.5750671138771493,day gate CLOSED: predict FLAT score +0.09 < +1.00
2026-10-05,TMUS,BUY,0.1735501338913136,day gate CLOSED: predict FLAT score +0.09 < +1.00
2026-10-05,RRC,BUY,0.7178435970911741,day gate CLOSED: predict FLAT score +0.09 < +1.00
2026-10-06,MQ,BUY,0.7912685318443962,no exit price (unsettleable)
2026-10-06,BAND,BUY,0.733556143665846,no exit price (unsettleable)
2026-10-06,TLS,BUY,0.562236405593484,no exit price (unsettleable)
2026-10-06,PRTH,BUY,0.5392257708490016,no exit price (unsettleable)
2026-10-06,NTSK,BUY,0.5358067004048164,no exit price (unsettleable)
2026-10-06,CGNT,BUY,0.5079999562537683,no exit price (unsettleable)
2026-10-06,ACN,BUY,0.21897914731488438,no exit price (unsettleable)
2026-10-06,NET,BUY,0.17448798248868358,no exit price (unsettleable)
