sleeve,source,seats,hold,color,hard_red,date,n_held,n_buy,n_skip,n_sell,day_pnl,equity
book_25_h1,book,25,1,all,none,2026-08-13,17,17,8,0,-0.464,9953.57
book_25_h1,book,25,1,all,none,2026-08-14,17,17,8,17,0.855,10038.63
book_25_h1,book,25,1,all,none,2026-08-17,23,10,2,6,0.026,10041.22
book_25_h1,book,25,1,all,none,2026-08-18,17,15,2,21,-1.416,9899.01
book_25_h1,book,25,1,all,none,2026-08-19,25,8,3,1,1.225,10020.26
book_25_h1,book,25,1,all,none,2026-08-20,15,15,0,22,-1.325,9887.54
book_25_h1,book,25,1,all,none,2026-08-21,22,14,0,7,0.278,9915.06
book_25_h1,book,25,1,all,none,2026-08-27,16,11,0,17,-1.03,9812.98
book_25_h1,book,25,1,all,none,2026-08-30,21,0,16,11,-47.591,5142.84
book_25_h1,book,25,1,all,none,2026-08-31,10,8,2,5,-0.619,5111.02
book_25_h1,book,25,1,all,none,2026-09-01,10,8,1,7,-0.248,5098.33
book_25_h1,book,25,1,all,none,2026-09-02,10,9,0,8,-0.367,5079.62
book_25_h1,book,25,1,all,none,2026-09-03,8,7,0,9,-1.005,5028.56
book_25_h1,book,25,1,all,none,2026-09-04,16,16,0,8,-1.707,4942.71
book_25_h1,book,25,1,all,none,2026-09-06,8,0,8,16,-60.713,1941.82
book_25_h1,book,25,1,all,none,2026-09-07,6,0,6,0,0.0,1941.82
book_25_h1,book,25,1,all,none,2026-09-08,1,1,0,0,-0.112,1939.64
book_25_h1,book,25,1,all,none,2026-09-09,9,7,2,1,-2.959,1882.24
book_25_h1,book,25,1,all,none,2026-09-10,1,1,0,7,-1.388,1856.11
book_25_h1,book,25,1,all,none,2026-09-11,2,2,0,1,0.573,1866.75
book_25_h1,book,25,1,all,none,2026-09-12,5,0,5,2,-65.699,640.31
book_25_h1,book,25,1,all,none,2026-09-13,8,0,8,0,0.0,640.31
book_25_h1,book,25,1,all,none,2026-09-14,1,1,0,0,-0.32,638.26
book_25_h1,book,25,1,all,none,2026-09-15,8,5,3,1,1.222,646.06
book_25_h1,book,25,1,all,none,2026-09-16,11,4,6,3,-0.819,640.77
book_25_h1,book,25,1,all,none,2026-09-17,17,8,9,6,-1.264,632.67
book_25_h1,book,25,1,all,none,2026-09-18,14,4,9,7,-0.839,627.36
book_25_h1,book,25,1,all,none,2026-09-20,8,0,8,5,-21.734,491.01
book_25_h1,book,25,1,all,none,2026-09-21,12,5,7,0,-0.303,489.52
book_25_h1,book,25,1,all,none,2026-09-22,4,4,0,5,-0.407,487.53
book_25_h1,book,25,1,all,none,2026-09-23,15,10,4,3,-1.573,479.86
book_25_h1,book,25,1,all,none,2026-09-24,7,5,2,11,-0.577,477.09
book_25_h1,book,25,1,all,none,2026-09-25,20,7,13,5,-2.14,466.88
book_25_h1,book,25,1,all,none,2026-09-27,8,0,8,7,-26.322,343.99
book_25_h1,book,25,1,all,none,2026-09-28,9,3,6,0,-0.195,343.32
book_25_h1,book,25,1,all,none,2026-09-29,21,6,14,2,-0.399,341.95
book_25_h1,book,25,1,all,none,2026-09-30,5,4,1,7,-0.775,339.3
book_25_h1,book,25,1,all,none,2026-10-01,5,2,3,4,-0.743,336.78
book_25_h1,book,25,1,all,none,2026-10-02,19,0,19,2,-32.416,227.61
overlay_25_h1,overlay,25,1,all,none,2026-08-13,17,17,8,0,-0.446,9955.38
overlay_25_h1,overlay,25,1,all,none,2026-08-14,17,17,8,17,0.191,9974.38
overlay_25_h1,overlay,25,1,all,none,2026-08-17,23,10,2,6,0.007,9975.08
overlay_25_h1,overlay,25,1,all,none,2026-08-18,22,19,3,21,-1.597,9815.79
overlay_25_h1,overlay,25,1,all,none,2026-08-19,25,10,3,7,0.756,9889.99
overlay_25_h1,overlay,25,1,all,none,2026-08-20,17,17,0,22,-1.303,9761.09
overlay_25_h1,overlay,25,1,all,none,2026-08-21,24,16,0,9,0.088,9769.69
overlay_25_h1,overlay,25,1,all,none,2026-08-27,19,14,0,19,-1.132,9659.13
overlay_25_h1,overlay,25,1,all,none,2026-08-30,25,0,20,14,-48.075,5015.47
overlay_25_h1,overlay,25,1,all,none,2026-08-31,12,9,3,5,-0.692,4980.76
overlay_25_h1,overlay,25,1,all,none,2026-09-01,11,10,0,8,-1.011,4930.42
overlay_25_h1,overlay,25,1,all,none,2026-09-02,13,11,1,10,-0.455,4908.0
overlay_25_h1,overlay,25,1,all,none,2026-09-03,12,10,1,11,-1.325,4842.96
overlay_25_h1,overlay,25,1,all,none,2026-09-04,16,15,1,11,-1.346,4777.78
overlay_25_h1,overlay,25,1,all,none,2026-09-06,12,0,12,15,-58.906,1963.39
overlay_25_h1,overlay,25,1,all,none,2026-09-07,11,0,11,0,0.0,1963.39
overlay_25_h1,overlay,25,1,all,none,2026-09-08,6,6,0,0,-0.537,1952.84
overlay_25_h1,overlay,25,1,all,none,2026-09-09,13,11,2,6,-3.038,1893.51
overlay_25_h1,overlay,25,1,all,none,2026-09-10,6,6,0,11,-1.959,1856.42
overlay_25_h1,overlay,25,1,all,none,2026-09-11,6,4,1,5,-0.617,1844.96
overlay_25_h1,overlay,25,1,all,none,2026-09-12,6,0,6,5,-56.417,804.08
overlay_25_h1,overlay,25,1,all,none,2026-09-13,10,0,10,0,0.0,804.08
overlay_25_h1,overlay,25,1,all,none,2026-09-14,5,3,2,0,-0.43,800.62
overlay_25_h1,overlay,25,1,all,none,2026-09-15,12,7,5,3,0.106,801.47
overlay_25_h1,overlay,25,1,all,none,2026-09-16,12,5,6,5,-0.789,795.15
overlay_25_h1,overlay,25,1,all,none,2026-09-17,17,9,8,7,-1.055,786.76
overlay_25_h1,overlay,25,1,all,none,2026-09-18,14,4,8,7,-1.214,777.21
overlay_25_h1,overlay,25,1,all,none,2026-09-20,13,0,13,6,-29.679,546.54
overlay_25_h1,overlay,25,1,all,none,2026-09-21,12,5,7,0,-0.298,544.91
overlay_25_h1,overlay,25,1,all,none,2026-09-22,9,5,4,5,-0.182,543.92
overlay_25_h1,overlay,25,1,all,none,2026-09-23,15,10,4,4,-1.186,537.47
overlay_25_h1,overlay,25,1,all,none,2026-09-24,9,5,4,11,-0.567,534.42
overlay_25_h1,overlay,25,1,all,none,2026-09-25,20,7,13,5,-1.823,524.68
overlay_25_h1,overlay,25,1,all,none,2026-09-27,11,0,11,7,-24.392,396.7
overlay_25_h1,overlay,25,1,all,none,2026-09-28,11,3,8,0,-0.169,396.03
overlay_25_h1,overlay,25,1,all,none,2026-09-29,22,6,15,2,-0.354,394.63
overlay_25_h1,overlay,25,1,all,none,2026-09-30,10,6,4,7,-0.692,391.9
overlay_25_h1,overlay,25,1,all,none,2026-10-01,7,3,4,6,-0.783,388.83
overlay_25_h1,overlay,25,1,all,none,2026-10-02,19,0,19,3,-32.621,261.99
mine_25_h1,mine,25,1,all,none,2026-08-13,25,25,0,0,-1.193,9880.7
mine_25_h1,mine,25,1,all,none,2026-08-14,25,13,2,15,-0.565,9824.92
mine_25_h1,mine,25,1,all,none,2026-08-17,24,24,0,23,661.884,74854.48
mine_25_h1,mine,25,1,all,none,2026-08-18,25,24,0,23,-1.696,73584.79
mine_25_h1,mine,25,1,all,none,2026-08-19,25,25,0,25,-0.477,73233.45
mine_25_h1,mine,25,1,all,none,2026-08-20,23,23,0,25,-0.697,72722.8
mine_25_h1,mine,25,1,all,none,2026-08-21,25,23,0,21,-2.954,70574.35
mine_25_h1,mine,25,1,all,none,2026-08-27,25,24,0,24,0.399,70855.84
mine_25_h1,mine,25,1,all,none,2026-08-30,25,0,25,25,-65.036,24774.22
mine_25_h1,mine,25,1,all,none,2026-08-31,25,24,1,0,-0.233,24716.49
mine_25_h1,mine,25,1,all,none,2026-09-01,25,24,0,23,-1.139,24435.06
mine_25_h1,mine,25,1,all,none,2026-09-02,25,24,0,24,0.033,24443.13
mine_25_h1,mine,25,1,all,none,2026-09-03,24,21,0,22,-0.431,24337.72
mine_25_h1,mine,25,1,all,none,2026-09-04,25,20,0,19,-0.522,24210.7
mine_25_h1,mine,25,1,all,none,2026-09-06,22,0,22,25,-65.852,8267.56
mine_25_h1,mine,25,1,all,none,2026-09-07,24,0,24,0,0.0,8267.56
mine_25_h1,mine,25,1,all,none,2026-09-08,25,24,1,0,-0.532,8223.6
mine_25_h1,mine,25,1,all,none,2026-09-09,24,21,2,23,-4.204,7877.84
mine_25_h1,mine,25,1,all,none,2026-09-10,25,20,4,21,-1.204,7782.98
mine_25_h1,mine,25,1,all,none,2026-09-11,25,15,7,18,-0.552,7740.0
mine_25_h1,mine,25,1,all,none,2026-09-12,25,0,22,15,-40.892,4574.94
mine_25_h1,mine,25,1,all,none,2026-09-13,25,0,25,3,-15.078,3885.15
mine_25_h1,mine,25,1,all,none,2026-09-14,24,14,11,0,-0.404,3869.45
mine_25_h1,mine,25,1,all,none,2026-09-15,25,19,6,14,-0.977,3831.63
mine_25_h1,mine,25,1,all,none,2026-09-16,22,16,3,16,-1.824,3761.75
mine_25_h1,mine,25,1,all,none,2026-09-17,25,18,7,19,0.763,3790.45
mine_25_h1,mine,25,1,all,none,2026-09-18,23,14,8,17,-1.583,3730.45
mine_25_h1,mine,25,1,all,none,2026-09-20,25,0,25,15,-45.117,2047.37
mine_25_h1,mine,25,1,all,none,2026-09-21,24,13,11,0,-0.407,2039.03
mine_25_h1,mine,25,1,all,none,2026-09-22,24,17,6,12,0.202,2043.15
mine_25_h1,mine,25,1,all,none,2026-09-23,16,12,3,17,-2.354,1995.06
mine_25_h1,mine,25,1,all,none,2026-09-24,22,14,6,11,-0.394,1987.19
mine_25_h1,mine,25,1,all,none,2026-09-25,24,14,8,14,-1.401,1959.34
mine_25_h1,mine,25,1,all,none,2026-09-27,25,0,23,14,-41.896,1138.45
mine_25_h1,mine,25,1,all,none,2026-09-28,21,13,7,1,-0.55,1132.19
mine_25_h1,mine,25,1,all,none,2026-09-29,25,11,11,11,-0.709,1124.16
mine_25_h1,mine,25,1,all,none,2026-09-30,24,13,11,13,-0.293,1120.87
mine_25_h1,mine,25,1,all,none,2026-10-01,24,6,16,12,-0.722,1112.78
mine_25_h1,mine,25,1,all,none,2026-10-02,25,0,25,8,-24.532,839.79
overlay_10_h1,overlay,10,1,all,none,2026-08-13,2,2,8,0,-0.813,9918.74
overlay_10_h1,overlay,10,1,all,none,2026-08-14,10,10,0,2,1.141,10031.93
overlay_10_h1,overlay,10,1,all,none,2026-08-17,10,7,1,8,-0.034,10028.49
overlay_10_h1,overlay,10,1,all,none,2026-08-18,10,9,1,9,-1.401,9887.98
overlay_10_h1,overlay,10,1,all,none,2026-08-19,10,6,0,5,0.951,9982.06
overlay_10_h1,overlay,10,1,all,none,2026-08-20,10,10,0,10,-0.653,9916.88
overlay_10_h1,overlay,10,1,all,none,2026-08-21,10,5,0,5,0.41,9957.54
overlay_10_h1,overlay,10,1,all,none,2026-08-27,10,10,0,10,-0.551,9902.71
overlay_10_h1,overlay,10,1,all,none,2026-08-30,10,0,7,7,-42.497,5694.37
overlay_10_h1,overlay,10,1,all,none,2026-08-31,10,7,3,3,-0.307,5676.87
overlay_10_h1,overlay,10,1,all,none,2026-09-01,10,9,0,6,-0.246,5662.9
overlay_10_h1,overlay,10,1,all,none,2026-09-02,10,10,0,10,-0.331,5644.18
overlay_10_h1,overlay,10,1,all,none,2026-09-03,10,9,0,9,-1.215,5575.6
overlay_10_h1,overlay,10,1,all,none,2026-09-04,10,10,0,10,-1.522,5490.73
overlay_10_h1,overlay,10,1,all,none,2026-09-06,10,0,10,10,-61.102,2135.79
overlay_10_h1,overlay,10,1,all,none,2026-09-07,10,0,10,0,0.0,2135.79
overlay_10_h1,overlay,10,1,all,none,2026-09-08,6,6,0,0,-0.509,2124.91
overlay_10_h1,overlay,10,1,all,none,2026-09-09,10,8,2,6,-2.96,2062.02
overlay_10_h1,overlay,10,1,all,none,2026-09-10,6,6,0,8,-1.938,2022.05
overlay_10_h1,overlay,10,1,all,none,2026-09-11,6,4,1,5,-0.59,2010.11
overlay_10_h1,overlay,10,1,all,none,2026-09-12,6,0,6,5,-59.86,806.85
overlay_10_h1,overlay,10,1,all,none,2026-09-13,10,0,10,0,0.0,806.85
overlay_10_h1,overlay,10,1,all,none,2026-09-14,5,3,2,0,-0.429,803.39
overlay_10_h1,overlay,10,1,all,none,2026-09-15,10,7,3,3,-0.002,803.37
overlay_10_h1,overlay,10,1,all,none,2026-09-16,10,4,4,5,-1.093,794.59
overlay_10_h1,overlay,10,1,all,none,2026-09-17,10,7,3,6,-0.856,787.79
overlay_10_h1,overlay,10,1,all,none,2026-09-18,10,2,7,6,-1.234,778.07
overlay_10_h1,overlay,10,1,all,none,2026-09-20,10,0,10,3,-21.445,611.21
overlay_10_h1,overlay,10,1,all,none,2026-09-21,10,6,4,0,-0.44,608.52
overlay_10_h1,overlay,10,1,all,none,2026-09-22,9,5,4,6,-0.343,606.43
overlay_10_h1,overlay,10,1,all,none,2026-09-23,10,7,3,5,-1.357,598.2
overlay_10_h1,overlay,10,1,all,none,2026-09-24,9,5,4,7,-0.428,595.64
overlay_10_h1,overlay,10,1,all,none,2026-09-25,10,7,3,5,-2.085,583.22
overlay_10_h1,overlay,10,1,all,none,2026-09-27,10,0,10,7,-46.741,310.62
overlay_10_h1,overlay,10,1,all,none,2026-09-28,10,2,8,0,-0.116,310.26
overlay_10_h1,overlay,10,1,all,none,2026-09-29,10,4,6,2,-0.429,308.93
overlay_10_h1,overlay,10,1,all,none,2026-09-30,10,4,6,4,-0.809,306.43
overlay_10_h1,overlay,10,1,all,none,2026-10-01,7,2,5,4,-0.587,304.63
overlay_10_h1,overlay,10,1,all,none,2026-10-02,10,0,10,2,-23.379,233.41
overlay_50_h1,overlay,50,1,all,none,2026-08-13,17,17,8,0,-0.446,9955.38
overlay_50_h1,overlay,50,1,all,none,2026-08-14,17,17,8,17,0.191,9974.38
overlay_50_h1,overlay,50,1,all,none,2026-08-17,23,10,2,6,0.007,9975.08
overlay_50_h1,overlay,50,1,all,none,2026-08-18,26,21,5,21,-1.624,9813.06
overlay_50_h1,overlay,50,1,all,none,2026-08-19,26,12,3,10,0.383,9850.68
overlay_50_h1,overlay,50,1,all,none,2026-08-20,19,19,0,23,-1.351,9717.64
overlay_50_h1,overlay,50,1,all,none,2026-08-21,25,17,0,11,0.033,9720.82
overlay_50_h1,overlay,50,1,all,none,2026-08-27,21,16,0,20,-1.107,9613.22
overlay_50_h1,overlay,50,1,all,none,2026-08-30,28,0,23,16,-49.353,4868.83
overlay_50_h1,overlay,50,1,all,none,2026-08-31,16,11,5,5,-0.748,4832.39
overlay_50_h1,overlay,50,1,all,none,2026-09-01,11,10,0,10,-0.843,4791.66
overlay_50_h1,overlay,50,1,all,none,2026-09-02,16,14,1,10,-0.504,4767.5
overlay_50_h1,overlay,50,1,all,none,2026-09-03,13,10,2,14,-1.13,4713.65
overlay_50_h1,overlay,50,1,all,none,2026-09-04,17,16,1,11,-1.32,4651.42
overlay_50_h1,overlay,50,1,all,none,2026-09-06,15,0,15,16,-59.772,1871.16
overlay_50_h1,overlay,50,1,all,none,2026-09-07,15,0,15,0,0.0,1871.16
overlay_50_h1,overlay,50,1,all,none,2026-09-08,6,6,0,0,-0.539,1861.08
overlay_50_h1,overlay,50,1,all,none,2026-09-09,13,11,2,6,-2.962,1805.96
overlay_50_h1,overlay,50,1,all,none,2026-09-10,8,8,0,11,-1.954,1770.67
overlay_50_h1,overlay,50,1,all,none,2026-09-11,7,5,1,7,-0.589,1760.24
overlay_50_h1,overlay,50,1,all,none,2026-09-12,8,0,8,6,-54.864,794.5
overlay_50_h1,overlay,50,1,all,none,2026-09-13,14,0,14,0,0.0,794.5
overlay_50_h1,overlay,50,1,all,none,2026-09-14,6,4,2,0,-0.452,790.91
overlay_50_h1,overlay,50,1,all,none,2026-09-15,15,7,8,4,-0.288,788.63
overlay_50_h1,overlay,50,1,all,none,2026-09-16,12,5,6,5,-0.715,782.99
overlay_50_h1,overlay,50,1,all,none,2026-09-17,19,9,10,7,-0.962,775.46
overlay_50_h1,overlay,50,1,all,none,2026-09-18,14,5,8,8,-0.892,768.54
overlay_50_h1,overlay,50,1,all,none,2026-09-20,16,0,16,6,-24.465,580.52
overlay_50_h1,overlay,50,1,all,none,2026-09-21,12,6,6,0,-0.345,578.52
overlay_50_h1,overlay,50,1,all,none,2026-09-22,13,5,8,6,-0.188,577.43
overlay_50_h1,overlay,50,1,all,none,2026-09-23,15,10,4,4,-0.868,572.42
overlay_50_h1,overlay,50,1,all,none,2026-09-24,9,5,4,11,-0.769,568.02
overlay_50_h1,overlay,50,1,all,none,2026-09-25,20,7,13,5,-1.715,558.28
overlay_50_h1,overlay,50,1,all,none,2026-09-27,13,0,13,7,-24.16,423.4
overlay_50_h1,overlay,50,1,all,none,2026-09-28,11,3,8,0,-0.198,422.56
overlay_50_h1,overlay,50,1,all,none,2026-09-29,22,6,15,2,-0.369,421.0
overlay_50_h1,overlay,50,1,all,none,2026-09-30,12,7,5,7,-0.665,418.2
overlay_50_h1,overlay,50,1,all,none,2026-10-01,7,3,4,7,-0.705,415.25
overlay_50_h1,overlay,50,1,all,none,2026-10-02,19,0,19,3,-30.545,288.41
overlay_25_h2,overlay,25,2,all,none,2026-08-13,17,17,8,0,-0.446,9955.38
overlay_25_h2,overlay,25,2,all,none,2026-08-14,25,8,17,0,0.848,10039.85
overlay_25_h2,overlay,25,2,all,none,2026-08-17,24,14,2,17,-0.006,10039.21
overlay_25_h2,overlay,25,2,all,none,2026-08-18,25,9,13,8,-1.244,9914.34
overlay_25_h2,overlay,25,2,all,none,2026-08-19,25,12,8,13,1.276,10040.88
overlay_25_h2,overlay,25,2,all,none,2026-08-20,25,13,4,10,-0.902,9950.36
overlay_25_h2,overlay,25,2,all,none,2026-08-21,25,12,6,12,-0.145,9935.89
overlay_25_h2,overlay,25,2,all,none,2026-08-27,25,13,3,13,-1.366,9800.17
overlay_25_h2,overlay,25,2,all,none,2026-08-30,25,0,19,10,-33.162,6550.27
overlay_25_h2,overlay,25,2,all,none,2026-08-31,12,9,3,15,-1.987,6420.12
overlay_25_h2,overlay,25,2,all,none,2026-09-01,19,9,1,0,-0.478,6389.4
overlay_25_h2,overlay,25,2,all,none,2026-09-02,21,9,1,7,-0.182,6377.77
overlay_25_h2,overlay,25,2,all,none,2026-09-03,20,9,2,11,-1.035,6311.76
overlay_25_h2,overlay,25,2,all,none,2026-09-04,25,15,1,9,-1.216,6235.01
overlay_25_h2,overlay,25,2,all,none,2026-09-06,25,0,12,9,-39.162,3793.26
overlay_25_h2,overlay,25,2,all,none,2026-09-07,11,0,10,14,-51.509,1839.4
overlay_25_h2,overlay,25,2,all,none,2026-09-08,6,6,0,1,-0.912,1822.63
overlay_25_h2,overlay,25,2,all,none,2026-09-09,19,8,5,0,-2.089,1784.55
overlay_25_h2,overlay,25,2,all,none,2026-09-10,14,5,0,5,-1.031,1766.15
overlay_25_h2,overlay,25,2,all,none,2026-09-11,10,4,1,9,-0.479,1757.69
overlay_25_h2,overlay,25,2,all,none,2026-09-12,10,0,6,5,-41.693,1024.85
overlay_25_h2,overlay,25,2,all,none,2026-09-13,10,0,10,4,-50.033,512.09
overlay_25_h2,overlay,25,2,all,none,2026-09-14,5,2,3,0,-0.35,510.3
overlay_25_h2,overlay,25,2,all,none,2026-09-15,14,3,9,0,1.144,516.14
overlay_25_h2,overlay,25,2,all,none,2026-09-16,14,5,7,2,-2.848,501.44
overlay_25_h2,overlay,25,2,all,none,2026-09-17,22,5,12,3,-0.323,499.82
overlay_25_h2,overlay,25,2,all,none,2026-09-18,19,4,10,5,-1.284,493.4
overlay_25_h2,overlay,25,2,all,none,2026-09-20,17,0,12,4,-10.144,443.35
overlay_25_h2,overlay,25,2,all,none,2026-09-21,12,4,7,4,-0.239,442.29
overlay_25_h2,overlay,25,2,all,none,2026-09-22,13,3,6,1,0.235,443.33
overlay_25_h2,overlay,25,2,all,none,2026-09-23,17,8,5,3,-1.308,437.53
overlay_25_h2,overlay,25,2,all,none,2026-09-24,17,4,5,4,-0.368,435.92
overlay_25_h2,overlay,25,2,all,none,2026-09-25,24,3,16,7,-1.331,430.12
overlay_25_h2,overlay,25,2,all,none,2026-09-27,14,0,11,5,-27.997,309.7
overlay_25_h2,overlay,25,2,all,none,2026-09-28,11,2,9,3,-0.494,308.17
overlay_25_h2,overlay,25,2,all,none,2026-09-29,23,5,16,0,-0.172,307.64
overlay_25_h2,overlay,25,2,all,none,2026-09-30,15,3,7,2,-0.325,306.64
overlay_25_h2,overlay,25,2,all,none,2026-10-01,10,2,5,5,-0.222,305.96
overlay_25_h2,overlay,25,2,all,none,2026-10-02,21,0,18,2,-13.512,264.62
overlay_25_h3,overlay,25,3,all,none,2026-08-13,17,17,8,0,-0.446,9955.38
overlay_25_h3,overlay,25,3,all,none,2026-08-14,25,8,17,0,0.848,10039.85
overlay_25_h3,overlay,25,3,all,none,2026-08-17,25,0,16,0,0.736,10113.7
overlay_25_h3,overlay,25,3,all,none,2026-08-18,25,14,8,17,-0.169,10096.63
overlay_25_h3,overlay,25,3,all,none,2026-08-19,25,7,7,6,0.81,10178.39
overlay_25_h3,overlay,25,3,all,none,2026-08-20,25,4,13,2,-0.457,10131.91
overlay_25_h3,overlay,25,3,all,none,2026-08-21,25,14,7,14,0.276,10159.86
overlay_25_h3,overlay,25,3,all,none,2026-08-27,25,7,10,7,-0.614,10097.46
overlay_25_h3,overlay,25,3,all,none,2026-08-30,25,0,19,3,-15.739,8508.19
overlay_25_h3,overlay,25,3,all,none,2026-08-31,19,9,3,15,-1.436,8386.02
overlay_25_h3,overlay,25,3,all,none,2026-09-01,19,10,0,7,-0.642,8332.18
overlay_25_h3,overlay,25,3,all,none,2026-09-02,25,5,5,0,0.276,8355.15
overlay_25_h3,overlay,25,3,all,none,2026-09-03,25,7,4,9,-0.479,8315.16
overlay_25_h3,overlay,25,3,all,none,2026-09-04,25,13,3,10,-0.992,8232.64
overlay_25_h3,overlay,25,3,all,none,2026-09-06,25,0,12,5,-12.261,7223.27
overlay_25_h3,overlay,25,3,all,none,2026-09-07,23,0,9,6,-22.802,5576.23
overlay_25_h3,overlay,25,3,all,none,2026-09-08,6,6,0,14,-1.099,5514.95
overlay_25_h3,overlay,25,3,all,none,2026-09-09,19,11,2,0,-2.34,5385.91
overlay_25_h3,overlay,25,3,all,none,2026-09-10,22,5,0,0,-0.391,5364.83
overlay_25_h3,overlay,25,3,all,none,2026-09-11,21,5,0,6,-0.206,5353.77
overlay_25_h3,overlay,25,3,all,none,2026-09-12,16,0,6,11,-18.386,4369.41
overlay_25_h3,overlay,25,3,all,none,2026-09-13,15,0,10,5,-12.982,3802.19
overlay_25_h3,overlay,25,3,all,none,2026-09-14,5,4,1,5,-4.983,3612.73
overlay_25_h3,overlay,25,3,all,none,2026-09-15,16,8,4,0,0.725,3638.92
overlay_25_h3,overlay,25,3,all,none,2026-09-16,22,7,4,0,-2.029,3565.08
overlay_25_h3,overlay,25,3,all,none,2026-09-17,25,9,7,4,0.167,3571.05
overlay_25_h3,overlay,25,3,all,none,2026-09-18,25,5,6,6,-1.549,3515.75
overlay_25_h3,overlay,25,3,all,none,2026-09-20,25,0,12,9,-15.425,2973.43
overlay_25_h3,overlay,25,3,all,none,2026-09-21,17,7,1,5,-0.152,2968.92
overlay_25_h3,overlay,25,3,all,none,2026-09-22,16,8,1,9,0.873,2994.83
overlay_25_h3,overlay,25,3,all,none,2026-09-23,25,8,5,0,-1.164,2959.97
overlay_25_h3,overlay,25,3,all,none,2026-09-24,25,7,2,7,-0.139,2955.86
overlay_25_h3,overlay,25,3,all,none,2026-09-25,25,10,9,8,-1.644,2907.28
overlay_25_h3,overlay,25,3,all,none,2026-09-27,25,0,11,8,-16.824,2418.17
overlay_25_h3,overlay,25,3,all,none,2026-09-28,21,9,1,6,-1.339,2385.78
overlay_25_h3,overlay,25,3,all,none,2026-09-29,25,9,9,8,-0.525,2373.26
overlay_25_h3,overlay,25,3,all,none,2026-09-30,25,3,6,3,-0.245,2367.45
overlay_25_h3,overlay,25,3,all,none,2026-10-01,19,5,1,8,0.159,2371.21
overlay_25_h3,overlay,25,3,all,none,2026-10-02,25,0,16,8,-23.408,1816.16
overlay_25_h5,overlay,25,5,all,none,2026-08-13,17,17,8,0,-0.446,9955.38
overlay_25_h5,overlay,25,5,all,none,2026-08-14,25,8,17,0,0.848,10039.85
overlay_25_h5,overlay,25,5,all,none,2026-08-17,25,0,16,0,0.736,10113.7
overlay_25_h5,overlay,25,5,all,none,2026-08-18,25,0,22,0,0.571,10171.49
overlay_25_h5,overlay,25,5,all,none,2026-08-19,25,0,23,0,1.985,10373.37
overlay_25_h5,overlay,25,5,all,none,2026-08-20,25,17,0,17,-2.002,10165.66
overlay_25_h5,overlay,25,5,all,none,2026-08-21,25,8,8,8,0.069,10172.63
overlay_25_h5,overlay,25,5,all,none,2026-08-27,25,0,17,0,-0.812,10090.07
overlay_25_h5,overlay,25,5,all,none,2026-08-30,25,0,22,0,0.328,10123.13
overlay_25_h5,overlay,25,5,all,none,2026-08-31,25,0,12,0,-1.086,10013.17
overlay_25_h5,overlay,25,5,all,none,2026-09-01,19,11,0,17,-1.207,9892.3
overlay_25_h5,overlay,25,5,all,none,2026-09-02,23,12,0,8,0.411,9932.99
overlay_25_h5,overlay,25,5,all,none,2026-09-03,25,2,9,0,-0.435,9889.8
overlay_25_h5,overlay,25,5,all,none,2026-09-04,25,0,16,0,-0.65,9825.53
overlay_25_h5,overlay,25,5,all,none,2026-09-06,25,0,12,0,0.819,9906.01
overlay_25_h5,overlay,25,5,all,none,2026-09-07,25,0,10,10,-35.46,6393.38
overlay_25_h5,overlay,25,5,all,none,2026-09-08,8,6,0,13,-1.364,6306.16
overlay_25_h5,overlay,25,5,all,none,2026-09-09,19,12,1,2,-2.232,6165.43
overlay_25_h5,overlay,25,5,all,none,2026-09-10,23,5,0,0,-0.564,6130.67
overlay_25_h5,overlay,25,5,all,none,2026-09-11,25,2,3,0,0.032,6132.62
overlay_25_h5,overlay,25,5,all,none,2026-09-12,25,0,6,0,2.104,6261.62
overlay_25_h5,overlay,25,5,all,none,2026-09-13,25,0,10,6,-50.014,3129.96
overlay_25_h5,overlay,25,5,all,none,2026-09-14,12,3,2,12,-4.301,2995.33
overlay_25_h5,overlay,25,5,all,none,2026-09-15,17,9,3,5,-0.116,2991.85
overlay_25_h5,overlay,25,5,all,none,2026-09-16,22,9,2,2,-1.821,2937.36
overlay_25_h5,overlay,25,5,all,none,2026-09-17,25,3,13,0,0.412,2949.46
overlay_25_h5,overlay,25,5,all,none,2026-09-18,25,1,11,0,-1.532,2904.28
overlay_25_h5,overlay,25,5,all,none,2026-09-20,25,0,12,3,-26.442,2136.32
overlay_25_h5,overlay,25,5,all,none,2026-09-21,23,5,4,8,-1.567,2102.85
overlay_25_h5,overlay,25,5,all,none,2026-09-22,18,6,3,10,1.499,2134.38
overlay_25_h5,overlay,25,5,all,none,2026-09-23,25,9,3,2,-0.646,2120.6
overlay_25_h5,overlay,25,5,all,none,2026-09-24,25,4,5,2,-0.116,2118.15
overlay_25_h5,overlay,25,5,all,none,2026-09-25,25,1,16,0,-0.981,2097.37
overlay_25_h5,overlay,25,5,all,none,2026-09-27,25,0,11,5,-15.718,1767.7
overlay_25_h5,overlay,25,5,all,none,2026-09-28,24,5,4,5,-2.637,1721.08
overlay_25_h5,overlay,25,5,all,none,2026-09-29,25,3,15,7,-0.58,1711.09
overlay_25_h5,overlay,25,5,all,none,2026-09-30,19,6,4,7,-0.632,1700.28
overlay_25_h5,overlay,25,5,all,none,2026-10-01,21,5,2,1,-0.718,1688.07
overlay_25_h5,overlay,25,5,all,none,2026-10-02,25,0,16,0,-0.091,1686.54
book_25_h3,book,25,3,all,none,2026-08-13,17,17,8,0,-0.464,9953.57
book_25_h3,book,25,3,all,none,2026-08-14,25,8,17,0,1.525,10105.38
book_25_h3,book,25,3,all,none,2026-08-17,25,0,16,0,0.786,10184.76
book_25_h3,book,25,3,all,none,2026-08-18,25,15,2,17,0.083,10193.24
book_25_h3,book,25,3,all,none,2026-08-19,25,7,3,7,1.124,10307.8
book_25_h3,book,25,3,all,none,2026-08-20,25,3,12,1,-0.773,10228.12
book_25_h3,book,25,3,all,none,2026-08-21,25,15,6,15,-0.145,10213.34
book_25_h3,book,25,3,all,none,2026-08-27,25,7,7,7,0.028,10216.19
book_25_h3,book,25,3,all,none,2026-08-30,25,0,15,2,-11.383,9053.3
book_25_h3,book,25,3,all,none,2026-08-31,17,9,1,16,-0.613,8997.8
book_25_h3,book,25,3,all,none,2026-09-01,18,8,1,7,0.464,9039.54
book_25_h3,book,25,3,all,none,2026-09-02,24,6,1,0,0.393,9075.11
book_25_h3,book,25,3,all,none,2026-09-03,21,7,0,9,-0.387,9040.0
book_25_h3,book,25,3,all,none,2026-09-04,25,12,4,8,-1.062,8944.02
book_25_h3,book,25,3,all,none,2026-09-06,25,0,8,6,-14.333,7662.07
book_25_h3,book,25,3,all,none,2026-09-07,18,0,5,6,-24.981,5748.03
book_25_h3,book,25,3,all,none,2026-09-08,1,1,0,13,-0.63,5711.8
book_25_h3,book,25,3,all,none,2026-09-09,10,1,8,0,-2.317,5579.48
book_25_h3,book,25,3,all,none,2026-09-10,3,0,1,0,0.306,5596.53
book_25_h3,book,25,3,all,none,2026-09-11,3,2,0,1,0.218,5608.73
book_25_h3,book,25,3,all,none,2026-09-12,7,0,5,1,-0.039,5606.53
book_25_h3,book,25,3,all,none,2026-09-13,10,0,8,0,0.0,5606.53
book_25_h3,book,25,3,all,none,2026-09-14,1,1,0,2,-4.126,5375.2
book_25_h3,book,25,3,all,none,2026-09-15,9,0,8,0,1.947,5479.85
book_25_h3,book,25,3,all,none,2026-09-16,12,0,12,0,-4.113,5254.45
book_25_h3,book,25,3,all,none,2026-09-17,17,16,1,1,0.609,5286.43
book_25_h3,book,25,3,all,none,2026-09-18,25,7,4,0,-1.211,5222.39
book_25_h3,book,25,3,all,none,2026-09-20,25,0,7,0,1.011,5275.21
book_25_h3,book,25,3,all,none,2026-09-21,19,7,0,11,-0.269,5261.0
book_25_h3,book,25,3,all,none,2026-09-22,11,4,0,12,0.551,5289.99
book_25_h3,book,25,3,all,none,2026-09-23,24,10,3,0,-1.022,5235.95
book_25_h3,book,25,3,all,none,2026-09-24,21,7,0,7,0.381,5255.92
book_25_h3,book,25,3,all,none,2026-09-25,25,7,12,4,-1.435,5180.49
book_25_h3,book,25,3,all,none,2026-09-27,22,0,8,10,-10.557,4633.6
book_25_h3,book,25,3,all,none,2026-09-28,14,6,0,6,-1.805,4549.96
book_25_h3,book,25,3,all,none,2026-09-29,25,13,5,5,-0.367,4533.28
book_25_h3,book,25,3,all,none,2026-09-30,23,4,0,3,-0.241,4522.36
book_25_h3,book,25,3,all,none,2026-10-01,22,4,0,5,0.214,4532.04
book_25_h3,book,25,3,all,none,2026-10-02,25,0,16,12,-25.512,3375.83
overlay_10_h3,overlay,10,3,all,none,2026-08-13,2,2,8,0,-0.813,9918.74
overlay_10_h3,overlay,10,3,all,none,2026-08-14,10,7,3,0,2.097,10126.7
overlay_10_h3,overlay,10,3,all,none,2026-08-17,10,1,7,0,-0.555,10070.52
overlay_10_h3,overlay,10,3,all,none,2026-08-18,10,2,8,2,0.532,10124.09
overlay_10_h3,overlay,10,3,all,none,2026-08-19,10,5,3,6,2.073,10333.99
overlay_10_h3,overlay,10,3,all,none,2026-08-20,10,3,7,2,1.452,10484.04
overlay_10_h3,overlay,10,3,all,none,2026-08-21,10,2,6,2,0.084,10492.86
overlay_10_h3,overlay,10,3,all,none,2026-08-27,10,5,5,5,-0.336,10457.58
overlay_10_h3,overlay,10,3,all,none,2026-08-30,10,0,8,3,-19.063,8464.0
overlay_10_h3,overlay,10,3,all,none,2026-08-31,10,5,5,2,-3.005,8209.63
overlay_10_h3,overlay,10,3,all,none,2026-09-01,10,5,4,5,0.117,8219.24
overlay_10_h3,overlay,10,3,all,none,2026-09-02,10,0,8,0,0.631,8271.13
overlay_10_h3,overlay,10,3,all,none,2026-09-03,10,5,5,5,-0.21,8253.73
overlay_10_h3,overlay,10,3,all,none,2026-09-04,10,5,5,5,-0.254,8232.73
overlay_10_h3,overlay,10,3,all,none,2026-09-06,10,0,10,0,0.521,8275.59
overlay_10_h3,overlay,10,3,all,none,2026-09-07,10,0,9,5,-40.629,4913.28
overlay_10_h3,overlay,10,3,all,none,2026-09-08,6,6,0,5,-1.139,4857.3
overlay_10_h3,overlay,10,3,all,none,2026-09-09,10,4,6,0,-2.389,4741.27
overlay_10_h3,overlay,10,3,all,none,2026-09-10,10,0,5,0,-0.345,4724.92
overlay_10_h3,overlay,10,3,all,none,2026-09-11,10,6,0,6,-0.35,4708.38
overlay_10_h3,overlay,10,3,all,none,2026-09-12,10,0,6,4,-23.685,3593.2
overlay_10_h3,overlay,10,3,all,none,2026-09-13,10,0,10,0,0.0,3593.2
overlay_10_h3,overlay,10,3,all,none,2026-09-14,5,4,1,6,-5.144,3408.38
overlay_10_h3,overlay,10,3,all,none,2026-09-15,10,5,5,0,0.795,3435.47
overlay_10_h3,overlay,10,3,all,none,2026-09-16,10,1,7,0,-2.1,3363.33
overlay_10_h3,overlay,10,3,all,none,2026-09-17,10,4,6,4,-0.479,3347.23
overlay_10_h3,overlay,10,3,all,none,2026-09-18,10,4,6,5,-1.934,3282.49
overlay_10_h3,overlay,10,3,all,none,2026-09-20,10,0,9,1,-19.977,2626.76
overlay_10_h3,overlay,10,3,all,none,2026-09-21,10,4,4,2,-0.848,2604.49
overlay_10_h3,overlay,10,3,all,none,2026-09-22,10,6,3,6,1.569,2645.36
overlay_10_h3,overlay,10,3,all,none,2026-09-23,10,0,10,0,-1.339,2609.94
overlay_10_h3,overlay,10,3,all,none,2026-09-24,10,4,5,4,0.198,2615.11
overlay_10_h3,overlay,10,3,all,none,2026-09-25,10,6,4,6,-2.073,2560.91
overlay_10_h3,overlay,10,3,all,none,2026-09-27,10,0,10,0,0.797,2581.31
overlay_10_h3,overlay,10,3,all,none,2026-09-28,10,3,6,3,-1.046,2554.32
overlay_10_h3,overlay,10,3,all,none,2026-09-29,10,5,3,5,-0.906,2531.17
overlay_10_h3,overlay,10,3,all,none,2026-09-30,10,2,8,2,-0.393,2521.23
overlay_10_h3,overlay,10,3,all,none,2026-10-01,10,3,4,3,0.355,2530.17
overlay_10_h3,overlay,10,3,all,none,2026-10-02,10,0,8,3,-21.314,1990.89
overlay_25_h1_blue,overlay,25,1,blue,none,2026-08-13,0,0,0,0,0.0,10000.0
overlay_25_h1_blue,overlay,25,1,blue,none,2026-08-14,13,13,0,0,-0.26,9973.96
overlay_25_h1_blue,overlay,25,1,blue,none,2026-08-17,8,7,1,13,-0.122,9961.81
overlay_25_h1_blue,overlay,25,1,blue,none,2026-08-18,0,0,0,7,-1.546,9807.84
overlay_25_h1_blue,overlay,25,1,blue,none,2026-08-19,3,3,0,0,-0.064,9801.59
overlay_25_h1_blue,overlay,25,1,blue,none,2026-08-20,17,17,0,3,-1.877,9617.61
overlay_25_h1_blue,overlay,25,1,blue,none,2026-08-21,19,12,0,10,0.147,9631.76
overlay_25_h1_blue,overlay,25,1,blue,none,2026-08-27,14,14,0,19,-1.128,9523.07
overlay_25_h1_blue,overlay,25,1,blue,none,2026-08-30,4,0,4,14,-61.253,3689.9
overlay_25_h1_blue,overlay,25,1,blue,none,2026-08-31,10,6,4,0,-0.317,3678.21
overlay_25_h1_blue,overlay,25,1,blue,none,2026-09-01,10,9,1,6,-0.644,3654.53
overlay_25_h1_blue,overlay,25,1,blue,none,2026-09-02,12,10,2,9,-0.589,3633.02
overlay_25_h1_blue,overlay,25,1,blue,none,2026-09-03,12,8,3,9,-1.372,3583.18
overlay_25_h1_blue,overlay,25,1,blue,none,2026-09-04,8,8,0,9,-1.684,3522.83
overlay_25_h1_blue,overlay,25,1,blue,none,2026-09-06,10,0,10,8,-63.417,1288.76
overlay_25_h1_blue,overlay,25,1,blue,none,2026-09-07,6,0,6,0,0.0,1288.76
overlay_25_h1_blue,overlay,25,1,blue,none,2026-09-08,5,5,0,0,-0.582,1281.26
overlay_25_h1_blue,overlay,25,1,blue,none,2026-09-09,13,10,3,5,-3.159,1240.78
overlay_25_h1_blue,overlay,25,1,blue,none,2026-09-10,5,5,0,10,-2.032,1215.57
overlay_25_h1_blue,overlay,25,1,blue,none,2026-09-11,6,4,1,4,-0.728,1206.72
overlay_25_h1_blue,overlay,25,1,blue,none,2026-09-12,6,0,6,5,-58.186,504.58
overlay_25_h1_blue,overlay,25,1,blue,none,2026-09-13,9,0,9,0,0.0,504.58
overlay_25_h1_blue,overlay,25,1,blue,none,2026-09-14,5,2,3,0,-0.357,502.78
overlay_25_h1_blue,overlay,25,1,blue,none,2026-09-15,12,6,6,2,0.569,505.64
overlay_25_h1_blue,overlay,25,1,blue,none,2026-09-16,11,4,6,4,-0.562,502.8
overlay_25_h1_blue,overlay,25,1,blue,none,2026-09-17,9,5,4,6,-1.15,497.02
overlay_25_h1_blue,overlay,25,1,blue,none,2026-09-18,10,2,7,4,-1.237,490.87
overlay_25_h1_blue,overlay,25,1,blue,none,2026-09-20,9,0,9,3,-20.549,390.0
overlay_25_h1_blue,overlay,25,1,blue,none,2026-09-21,11,5,6,0,-0.313,388.78
overlay_25_h1_blue,overlay,25,1,blue,none,2026-09-22,5,2,3,5,-0.183,388.07
overlay_25_h1_blue,overlay,25,1,blue,none,2026-09-23,15,10,5,2,-1.312,382.98
overlay_25_h1_blue,overlay,25,1,blue,none,2026-09-24,5,2,3,10,-0.504,381.05
overlay_25_h1_blue,overlay,25,1,blue,none,2026-09-25,18,6,12,2,-0.863,377.76
overlay_25_h1_blue,overlay,25,1,blue,none,2026-09-27,11,0,11,6,-25.892,279.95
overlay_25_h1_blue,overlay,25,1,blue,none,2026-09-28,4,3,1,0,-0.439,278.72
overlay_25_h1_blue,overlay,25,1,blue,none,2026-09-29,21,4,17,3,-1.033,275.84
overlay_25_h1_blue,overlay,25,1,blue,none,2026-09-30,9,3,6,4,-0.439,274.63
overlay_25_h1_blue,overlay,25,1,blue,none,2026-10-01,4,2,2,3,-0.637,272.88
overlay_25_h1_blue,overlay,25,1,blue,none,2026-10-02,15,0,15,2,-33.399,181.74
overlay_25_h1_green,overlay,25,1,green,none,2026-08-13,17,17,8,0,-0.446,9955.38
overlay_25_h1_green,overlay,25,1,green,none,2026-08-14,17,17,8,17,0.191,9974.38
overlay_25_h1_green,overlay,25,1,green,none,2026-08-17,23,10,2,6,0.007,9975.08
overlay_25_h1_green,overlay,25,1,green,none,2026-08-18,16,14,2,21,-1.499,9825.57
overlay_25_h1_green,overlay,25,1,green,none,2026-08-19,19,7,1,3,1.178,9941.32
overlay_25_h1_green,overlay,25,1,green,none,2026-08-20,16,16,0,18,-1.415,9800.65
overlay_25_h1_green,overlay,25,1,green,none,2026-08-21,24,17,0,9,-0.149,9786.08
overlay_25_h1_green,overlay,25,1,green,none,2026-08-27,6,4,0,22,-0.979,9690.23
overlay_25_h1_green,overlay,25,1,green,none,2026-08-30,4,0,3,5,-51.205,4728.37
overlay_25_h1_green,overlay,25,1,green,none,2026-08-31,11,9,2,1,0.163,4736.09
overlay_25_h1_green,overlay,25,1,green,none,2026-09-01,11,10,0,8,-1.031,4687.26
overlay_25_h1_green,overlay,25,1,green,none,2026-09-02,13,11,1,10,-0.5,4663.81
overlay_25_h1_green,overlay,25,1,green,none,2026-09-03,12,9,2,11,-1.348,4600.93
overlay_25_h1_green,overlay,25,1,green,none,2026-09-04,9,9,0,10,-1.531,4530.47
overlay_25_h1_green,overlay,25,1,green,none,2026-09-06,4,0,4,9,-62.272,1709.25
overlay_25_h1_green,overlay,25,1,green,none,2026-09-07,5,0,5,0,0.0,1709.25
overlay_25_h1_green,overlay,25,1,green,none,2026-09-08,6,6,0,0,-0.571,1699.49
overlay_25_h1_green,overlay,25,1,green,none,2026-09-09,13,11,2,6,-3.064,1647.42
overlay_25_h1_green,overlay,25,1,green,none,2026-09-10,4,4,0,11,-1.879,1616.47
overlay_25_h1_green,overlay,25,1,green,none,2026-09-11,6,4,1,3,-0.961,1600.93
overlay_25_h1_green,overlay,25,1,green,none,2026-09-12,6,0,6,5,-62.334,603.0
overlay_25_h1_green,overlay,25,1,green,none,2026-09-13,4,0,4,0,0.0,603.0
overlay_25_h1_green,overlay,25,1,green,none,2026-09-14,5,2,3,0,-0.297,601.21
overlay_25_h1_green,overlay,25,1,green,none,2026-09-15,12,6,6,2,0.394,603.58
overlay_25_h1_green,overlay,25,1,green,none,2026-09-16,12,5,6,4,-0.689,599.42
overlay_25_h1_green,overlay,25,1,green,none,2026-09-17,17,8,9,7,-0.994,593.46
overlay_25_h1_green,overlay,25,1,green,none,2026-09-18,14,4,9,7,-0.917,588.02
overlay_25_h1_green,overlay,25,1,green,none,2026-09-20,9,0,9,5,-23.188,451.67
overlay_25_h1_green,overlay,25,1,green,none,2026-09-21,12,5,7,0,-0.312,450.26
overlay_25_h1_green,overlay,25,1,green,none,2026-09-22,9,5,4,5,-0.193,449.39
overlay_25_h1_green,overlay,25,1,green,none,2026-09-23,15,10,4,4,-1.246,443.79
overlay_25_h1_green,overlay,25,1,green,none,2026-09-24,8,5,3,11,-0.595,441.15
overlay_25_h1_green,overlay,25,1,green,none,2026-09-25,17,7,10,5,-1.779,433.3
overlay_25_h1_green,overlay,25,1,green,none,2026-09-27,9,0,9,7,-26.767,317.32
overlay_25_h1_green,overlay,25,1,green,none,2026-09-28,11,2,9,0,-0.113,316.96
overlay_25_h1_green,overlay,25,1,green,none,2026-09-29,12,4,7,1,-0.29,316.04
overlay_25_h1_green,overlay,25,1,green,none,2026-09-30,5,4,1,5,-0.639,314.02
overlay_25_h1_green,overlay,25,1,green,none,2026-10-01,7,2,5,4,-0.678,311.89
overlay_25_h1_green,overlay,25,1,green,none,2026-10-02,19,0,19,2,-22.835,240.67
overlay_10_h1_green,overlay,10,1,green,none,2026-08-13,2,2,8,0,-0.813,9918.74
overlay_10_h1_green,overlay,10,1,green,none,2026-08-14,10,10,0,2,1.141,10031.93
overlay_10_h1_green,overlay,10,1,green,none,2026-08-17,10,7,1,8,-0.034,10028.49
overlay_10_h1_green,overlay,10,1,green,none,2026-08-18,6,6,0,9,-1.338,9894.26
overlay_10_h1_green,overlay,10,1,green,none,2026-08-19,6,3,0,3,1.853,10077.64
overlay_10_h1_green,overlay,10,1,green,none,2026-08-20,10,10,0,6,-0.983,9978.6
overlay_10_h1_green,overlay,10,1,green,none,2026-08-21,10,5,0,5,0.407,10019.26
overlay_10_h1_green,overlay,10,1,green,none,2026-08-27,4,4,0,10,-0.428,9976.35
overlay_10_h1_green,overlay,10,1,green,none,2026-08-30,4,0,3,3,-54.176,4571.54
overlay_10_h1_green,overlay,10,1,green,none,2026-08-31,9,7,2,1,0.15,4578.38
overlay_10_h1_green,overlay,10,1,green,none,2026-09-01,10,9,0,6,-0.311,4564.16
overlay_10_h1_green,overlay,10,1,green,none,2026-09-02,10,9,1,10,-0.396,4546.09
overlay_10_h1_green,overlay,10,1,green,none,2026-09-03,10,8,1,8,-1.258,4488.92
overlay_10_h1_green,overlay,10,1,green,none,2026-09-04,8,8,0,9,-1.336,4428.94
overlay_10_h1_green,overlay,10,1,green,none,2026-09-06,3,0,3,8,-61.842,1689.99
overlay_10_h1_green,overlay,10,1,green,none,2026-09-07,4,0,4,0,0.0,1689.99
overlay_10_h1_green,overlay,10,1,green,none,2026-09-08,6,6,0,0,-0.576,1680.26
overlay_10_h1_green,overlay,10,1,green,none,2026-09-09,10,8,2,6,-3.066,1628.74
overlay_10_h1_green,overlay,10,1,green,none,2026-09-10,4,4,0,8,-1.797,1599.47
overlay_10_h1_green,overlay,10,1,green,none,2026-09-11,6,4,1,3,-0.972,1583.93
overlay_10_h1_green,overlay,10,1,green,none,2026-09-12,6,0,6,5,-63.003,586.0
overlay_10_h1_green,overlay,10,1,green,none,2026-09-13,4,0,4,0,0.0,586.0
overlay_10_h1_green,overlay,10,1,green,none,2026-09-14,5,2,3,0,-0.305,584.21
overlay_10_h1_green,overlay,10,1,green,none,2026-09-15,10,6,4,2,0.37,586.37
overlay_10_h1_green,overlay,10,1,green,none,2026-09-16,10,3,5,4,-0.895,581.12
overlay_10_h1_green,overlay,10,1,green,none,2026-09-17,10,6,4,5,-0.905,575.86
overlay_10_h1_green,overlay,10,1,green,none,2026-09-18,10,2,7,5,-0.972,570.26
overlay_10_h1_green,overlay,10,1,green,none,2026-09-20,8,0,8,3,-23.566,435.87
overlay_10_h1_green,overlay,10,1,green,none,2026-09-21,10,5,5,0,-0.356,434.32
overlay_10_h1_green,overlay,10,1,green,none,2026-09-22,9,4,5,5,-0.053,434.09
overlay_10_h1_green,overlay,10,1,green,none,2026-09-23,10,7,3,4,-1.175,428.99
overlay_10_h1_green,overlay,10,1,green,none,2026-09-24,8,5,3,7,-0.501,426.84
overlay_10_h1_green,overlay,10,1,green,none,2026-09-25,10,5,5,5,-1.919,418.65
overlay_10_h1_green,overlay,10,1,green,none,2026-09-27,8,0,8,5,-34.198,275.48
overlay_10_h1_green,overlay,10,1,green,none,2026-09-28,10,2,8,0,-0.127,275.13
overlay_10_h1_green,overlay,10,1,green,none,2026-09-29,4,1,3,2,-0.363,274.13
overlay_10_h1_green,overlay,10,1,green,none,2026-09-30,5,4,1,1,-0.077,273.92
overlay_10_h1_green,overlay,10,1,green,none,2026-10-01,7,2,5,4,-0.632,272.19
overlay_10_h1_green,overlay,10,1,green,none,2026-10-02,10,0,10,2,-19.608,218.82
overlay_25_h3_blue,overlay,25,3,blue,none,2026-08-13,0,0,0,0,0.0,10000.0
overlay_25_h3_blue,overlay,25,3,blue,none,2026-08-14,13,13,0,0,-0.26,9973.96
overlay_25_h3_blue,overlay,25,3,blue,none,2026-08-17,21,6,2,0,0.184,9992.29
overlay_25_h3_blue,overlay,25,3,blue,none,2026-08-18,19,0,0,0,-1.292,9863.22
overlay_25_h3_blue,overlay,25,3,blue,none,2026-08-19,9,1,0,11,0.644,9926.78
overlay_25_h3_blue,overlay,25,3,blue,none,2026-08-20,18,15,1,7,-0.767,9850.63
overlay_25_h3_blue,overlay,25,3,blue,none,2026-08-21,25,8,4,0,3.775,10222.53
overlay_25_h3_blue,overlay,25,3,blue,none,2026-08-27,25,2,12,2,-1.934,10024.81
overlay_25_h3_blue,overlay,25,3,blue,none,2026-08-30,14,0,4,15,-14.175,8603.79
overlay_25_h3_blue,overlay,25,3,blue,none,2026-08-31,12,5,5,8,-5.26,8151.27
overlay_25_h3_blue,overlay,25,3,blue,none,2026-09-01,15,10,0,2,-2.139,7976.89
overlay_25_h3_blue,overlay,25,3,blue,none,2026-09-02,25,9,1,0,0.213,7993.89
overlay_25_h3_blue,overlay,25,3,blue,none,2026-09-03,25,3,8,5,-0.526,7951.86
overlay_25_h3_blue,overlay,25,3,blue,none,2026-09-04,20,8,0,10,-0.704,7895.85
overlay_25_h3_blue,overlay,25,3,blue,none,2026-09-06,21,0,10,9,-18.625,6425.26
overlay_25_h3_blue,overlay,25,3,blue,none,2026-09-07,14,0,6,3,-12.71,5608.61
overlay_25_h3_blue,overlay,25,3,blue,none,2026-09-08,5,5,0,8,-0.713,5568.63
overlay_25_h3_blue,overlay,25,3,blue,none,2026-09-09,18,11,2,0,-2.634,5421.98
overlay_25_h3_blue,overlay,25,3,blue,none,2026-09-10,21,5,0,0,-0.496,5395.11
overlay_25_h3_blue,overlay,25,3,blue,none,2026-09-11,21,5,0,5,-0.134,5387.9
overlay_25_h3_blue,overlay,25,3,blue,none,2026-09-12,16,0,6,11,-18.234,4405.49
overlay_25_h3_blue,overlay,25,3,blue,none,2026-09-13,14,0,9,5,-12.379,3860.12
overlay_25_h3_blue,overlay,25,3,blue,none,2026-09-14,5,4,1,5,-4.908,3670.65
overlay_25_h3_blue,overlay,25,3,blue,none,2026-09-15,16,8,4,0,0.793,3699.75
overlay_25_h3_blue,overlay,25,3,blue,none,2026-09-16,21,6,4,0,-2.115,3621.49
overlay_25_h3_blue,overlay,25,3,blue,none,2026-09-17,23,8,1,4,0.149,3626.89
overlay_25_h3_blue,overlay,25,3,blue,none,2026-09-18,23,6,3,8,-1.715,3564.68
overlay_25_h3_blue,overlay,25,3,blue,none,2026-09-20,23,0,9,6,-10.205,3200.9
overlay_25_h3_blue,overlay,25,3,blue,none,2026-09-21,17,8,0,5,-0.819,3174.67
overlay_25_h3_blue,overlay,25,3,blue,none,2026-09-22,13,4,1,9,-0.564,3156.77
overlay_25_h3_blue,overlay,25,3,blue,none,2026-09-23,25,10,4,0,-1.622,3105.58
overlay_25_h3_blue,overlay,25,3,blue,none,2026-09-24,19,5,0,8,-0.22,3098.74
overlay_25_h3_blue,overlay,25,3,blue,none,2026-09-25,25,10,7,4,-0.97,3068.68
overlay_25_h3_blue,overlay,25,3,blue,none,2026-09-27,25,0,11,10,-15.407,2595.89
overlay_25_h3_blue,overlay,25,3,blue,none,2026-09-28,14,2,1,4,-0.95,2571.24
overlay_25_h3_blue,overlay,25,3,blue,none,2026-09-29,23,13,5,8,-0.853,2549.3
overlay_25_h3_blue,overlay,25,3,blue,none,2026-09-30,24,6,3,3,-0.288,2541.96
overlay_25_h3_blue,overlay,25,3,blue,none,2026-10-01,23,4,0,2,0.208,2547.25
overlay_25_h3_blue,overlay,25,3,blue,none,2026-10-02,25,0,13,11,-23.025,1960.75
overlay_25_h1_stand,overlay,25,1,all,stand_down,2026-08-13,17,17,8,0,-0.446,9955.38
overlay_25_h1_stand,overlay,25,1,all,stand_down,2026-08-14,17,17,8,17,0.191,9974.38
overlay_25_h1_stand,overlay,25,1,all,stand_down,2026-08-17,23,10,2,6,0.007,9975.08
overlay_25_h1_stand,overlay,25,1,all,stand_down,2026-08-18,22,19,3,21,-1.597,9815.79
overlay_25_h1_stand,overlay,25,1,all,stand_down,2026-08-19,25,10,3,7,0.756,9889.99
overlay_25_h1_stand,overlay,25,1,all,stand_down,2026-08-20,17,17,0,22,-1.303,9761.09
overlay_25_h1_stand,overlay,25,1,all,stand_down,2026-08-21,24,16,0,9,0.088,9769.69
overlay_25_h1_stand,overlay,25,1,all,stand_down,2026-08-27,19,14,0,19,-1.132,9659.13
overlay_25_h1_stand,overlay,25,1,all,stand_down,2026-08-30,25,0,20,14,-48.075,5015.47
overlay_25_h1_stand,overlay,25,1,all,stand_down,2026-08-31,0,0,12,5,-0.333,4998.76
overlay_25_h1_stand,overlay,25,1,all,stand_down,2026-09-01,0,0,11,0,0.0,4998.76
overlay_25_h1_stand,overlay,25,1,all,stand_down,2026-09-02,0,0,13,0,0.0,4998.76
overlay_25_h1_stand,overlay,25,1,all,stand_down,2026-09-03,12,11,1,0,-0.443,4976.64
overlay_25_h1_stand,overlay,25,1,all,stand_down,2026-09-04,16,15,1,11,-1.303,4911.78
overlay_25_h1_stand,overlay,25,1,all,stand_down,2026-09-06,12,0,12,15,-59.259,2001.1
overlay_25_h1_stand,overlay,25,1,all,stand_down,2026-09-07,11,0,11,0,0.0,2001.1
overlay_25_h1_stand,overlay,25,1,all,stand_down,2026-09-08,0,0,6,0,0.0,2001.1
overlay_25_h1_stand,overlay,25,1,all,stand_down,2026-09-09,0,0,13,0,0.0,2001.1
overlay_25_h1_stand,overlay,25,1,all,stand_down,2026-09-10,0,0,6,0,0.0,2001.1
overlay_25_h1_stand,overlay,25,1,all,stand_down,2026-09-11,6,5,1,0,-0.423,1992.64
overlay_25_h1_stand,overlay,25,1,all,stand_down,2026-09-12,6,0,6,5,-50.881,978.76
overlay_25_h1_stand,overlay,25,1,all,stand_down,2026-09-13,10,0,10,0,0.0,978.76
overlay_25_h1_stand,overlay,25,1,all,stand_down,2026-09-14,0,0,5,0,0.0,978.76
overlay_25_h1_stand,overlay,25,1,all,stand_down,2026-09-15,0,0,12,0,0.0,978.76
overlay_25_h1_stand,overlay,25,1,all,stand_down,2026-09-16,12,8,5,0,-0.466,974.2
overlay_25_h1_stand,overlay,25,1,all,stand_down,2026-09-17,17,10,7,8,-1.09,963.58
overlay_25_h1_stand,overlay,25,1,all,stand_down,2026-09-18,14,5,7,8,-1.299,951.06
overlay_25_h1_stand,overlay,25,1,all,stand_down,2026-09-20,13,0,13,7,-35.714,611.4
overlay_25_h1_stand,overlay,25,1,all,stand_down,2026-09-21,12,6,6,0,-0.368,609.15
overlay_25_h1_stand,overlay,25,1,all,stand_down,2026-09-22,9,5,4,6,-0.442,606.46
overlay_25_h1_stand,overlay,25,1,all,stand_down,2026-09-23,15,10,4,4,-1.158,599.44
overlay_25_h1_stand,overlay,25,1,all,stand_down,2026-09-24,0,0,9,11,-0.334,597.44
overlay_25_h1_stand,overlay,25,1,all,stand_down,2026-09-25,20,8,12,0,-0.303,595.63
overlay_25_h1_stand,overlay,25,1,all,stand_down,2026-09-27,11,0,11,8,-29.643,419.07
overlay_25_h1_stand,overlay,25,1,all,stand_down,2026-09-28,0,0,11,0,0.0,419.07
overlay_25_h1_stand,overlay,25,1,all,stand_down,2026-09-29,22,6,16,0,-0.198,418.24
overlay_25_h1_stand,overlay,25,1,all,stand_down,2026-09-30,10,6,4,6,-0.66,415.48
overlay_25_h1_stand,overlay,25,1,all,stand_down,2026-10-01,7,3,4,6,-0.787,412.21
overlay_25_h1_stand,overlay,25,1,all,stand_down,2026-10-02,19,0,19,3,-30.771,285.37
overlay_25_h1_cut5,overlay,25,1,all,haircut_5,2026-08-13,17,17,8,0,-0.446,9955.38
overlay_25_h1_cut5,overlay,25,1,all,haircut_5,2026-08-14,17,17,8,17,0.191,9974.38
overlay_25_h1_cut5,overlay,25,1,all,haircut_5,2026-08-17,23,10,2,6,0.007,9975.08
overlay_25_h1_cut5,overlay,25,1,all,haircut_5,2026-08-18,22,19,3,21,-1.597,9815.79
overlay_25_h1_cut5,overlay,25,1,all,haircut_5,2026-08-19,25,10,3,7,0.756,9889.99
overlay_25_h1_cut5,overlay,25,1,all,haircut_5,2026-08-20,17,17,0,22,-1.303,9761.09
overlay_25_h1_cut5,overlay,25,1,all,haircut_5,2026-08-21,24,16,0,9,0.088,9769.69
overlay_25_h1_cut5,overlay,25,1,all,haircut_5,2026-08-27,19,14,0,19,-1.132,9659.13
overlay_25_h1_cut5,overlay,25,1,all,haircut_5,2026-08-30,25,0,20,14,-48.075,5015.47
overlay_25_h1_cut5,overlay,25,1,all,haircut_5,2026-08-31,12,8,4,5,-0.652,4982.75
overlay_25_h1_cut5,overlay,25,1,all,haircut_5,2026-09-01,11,10,0,7,-1.131,4926.4
overlay_25_h1_cut5,overlay,25,1,all,haircut_5,2026-09-02,13,11,1,10,-0.455,4903.98
overlay_25_h1_cut5,overlay,25,1,all,haircut_5,2026-09-03,12,10,1,11,-1.326,4838.94
overlay_25_h1_cut5,overlay,25,1,all,haircut_5,2026-09-04,16,15,1,11,-1.347,4773.77
overlay_25_h1_cut5,overlay,25,1,all,haircut_5,2026-09-06,12,0,12,15,-58.955,1959.38
overlay_25_h1_cut5,overlay,25,1,all,haircut_5,2026-09-07,11,0,11,0,0.0,1959.38
overlay_25_h1_cut5,overlay,25,1,all,haircut_5,2026-09-08,6,6,0,0,-0.538,1948.83
overlay_25_h1_cut5,overlay,25,1,all,haircut_5,2026-09-09,13,11,2,6,-3.044,1889.5
overlay_25_h1_cut5,overlay,25,1,all,haircut_5,2026-09-10,6,6,0,11,-1.962,1852.42
overlay_25_h1_cut5,overlay,25,1,all,haircut_5,2026-09-11,6,4,1,5,-0.619,1840.96
overlay_25_h1_cut5,overlay,25,1,all,haircut_5,2026-09-12,6,0,6,5,-55.975,810.49
overlay_25_h1_cut5,overlay,25,1,all,haircut_5,2026-09-13,10,0,10,0,0.0,810.49
overlay_25_h1_cut5,overlay,25,1,all,haircut_5,2026-09-14,5,3,2,0,-0.427,807.03
overlay_25_h1_cut5,overlay,25,1,all,haircut_5,2026-09-15,12,7,5,3,0.161,808.33
overlay_25_h1_cut5,overlay,25,1,all,haircut_5,2026-09-16,12,5,6,5,-0.816,801.73
overlay_25_h1_cut5,overlay,25,1,all,haircut_5,2026-09-17,17,9,8,7,-1.033,793.45
overlay_25_h1_cut5,overlay,25,1,all,haircut_5,2026-09-18,14,4,8,7,-1.204,783.9
overlay_25_h1_cut5,overlay,25,1,all,haircut_5,2026-09-20,13,0,13,6,-29.426,553.23
overlay_25_h1_cut5,overlay,25,1,all,haircut_5,2026-09-21,12,5,7,0,-0.295,551.6
overlay_25_h1_cut5,overlay,25,1,all,haircut_5,2026-09-22,9,5,4,5,-0.181,550.6
overlay_25_h1_cut5,overlay,25,1,all,haircut_5,2026-09-23,15,10,4,4,-1.19,544.05
overlay_25_h1_cut5,overlay,25,1,all,haircut_5,2026-09-24,9,5,4,11,-0.704,540.22
overlay_25_h1_cut5,overlay,25,1,all,haircut_5,2026-09-25,20,7,13,5,-1.816,530.41
overlay_25_h1_cut5,overlay,25,1,all,haircut_5,2026-09-27,11,0,11,7,-25.429,395.53
overlay_25_h1_cut5,overlay,25,1,all,haircut_5,2026-09-28,11,3,8,0,-0.169,394.86
overlay_25_h1_cut5,overlay,25,1,all,haircut_5,2026-09-29,22,6,15,2,-0.357,393.45
overlay_25_h1_cut5,overlay,25,1,all,haircut_5,2026-09-30,10,6,4,7,-0.691,390.73
overlay_25_h1_cut5,overlay,25,1,all,haircut_5,2026-10-01,7,2,5,6,-0.642,388.22
overlay_25_h1_cut5,overlay,25,1,all,haircut_5,2026-10-02,19,0,19,2,-18.345,317.0
overlay_25_h1_lim5,overlay,25,1,all,limit_5,2026-08-13,17,17,8,0,-0.446,9955.38
overlay_25_h1_lim5,overlay,25,1,all,limit_5,2026-08-14,17,17,8,17,0.191,9974.38
overlay_25_h1_lim5,overlay,25,1,all,limit_5,2026-08-17,23,10,2,6,0.007,9975.08
overlay_25_h1_lim5,overlay,25,1,all,limit_5,2026-08-18,22,19,3,21,-1.597,9815.79
overlay_25_h1_lim5,overlay,25,1,all,limit_5,2026-08-19,25,10,3,7,0.756,9889.99
overlay_25_h1_lim5,overlay,25,1,all,limit_5,2026-08-20,17,17,0,22,-1.303,9761.09
overlay_25_h1_lim5,overlay,25,1,all,limit_5,2026-08-21,24,16,0,9,0.088,9769.69
overlay_25_h1_lim5,overlay,25,1,all,limit_5,2026-08-27,19,14,0,19,-1.132,9659.13
overlay_25_h1_lim5,overlay,25,1,all,limit_5,2026-08-30,25,0,20,14,-48.075,5015.47
overlay_25_h1_lim5,overlay,25,1,all,limit_5,2026-08-31,1,1,11,5,-0.816,4974.53
overlay_25_h1_lim5,overlay,25,1,all,limit_5,2026-09-01,1,1,10,1,1.641,5056.16
overlay_25_h1_lim5,overlay,25,1,all,limit_5,2026-09-02,0,0,13,1,-2.586,4925.4
overlay_25_h1_lim5,overlay,25,1,all,limit_5,2026-09-03,12,11,1,0,-0.447,4903.36
overlay_25_h1_lim5,overlay,25,1,all,limit_5,2026-09-04,16,15,1,11,-1.327,4838.3
overlay_25_h1_lim5,overlay,25,1,all,limit_5,2026-09-06,12,0,12,15,-59.082,1979.73
overlay_25_h1_lim5,overlay,25,1,all,limit_5,2026-09-07,11,0,11,0,0.0,1979.73
overlay_25_h1_lim5,overlay,25,1,all,limit_5,2026-09-08,0,0,6,0,0.0,1979.73
overlay_25_h1_lim5,overlay,25,1,all,limit_5,2026-09-09,0,0,13,0,0.0,1979.73
overlay_25_h1_lim5,overlay,25,1,all,limit_5,2026-09-10,0,0,6,0,0.0,1979.73
overlay_25_h1_lim5,overlay,25,1,all,limit_5,2026-09-11,6,5,1,0,-0.428,1971.26
overlay_25_h1_lim5,overlay,25,1,all,limit_5,2026-09-12,6,0,6,5,-51.433,957.38
overlay_25_h1_lim5,overlay,25,1,all,limit_5,2026-09-13,10,0,10,0,0.0,957.38
overlay_25_h1_lim5,overlay,25,1,all,limit_5,2026-09-14,0,0,5,0,0.0,957.38
overlay_25_h1_lim5,overlay,25,1,all,limit_5,2026-09-15,2,2,10,0,0.644,963.55
overlay_25_h1_lim5,overlay,25,1,all,limit_5,2026-09-16,12,7,6,2,-1.53,948.81
overlay_25_h1_lim5,overlay,25,1,all,limit_5,2026-09-17,17,10,7,7,-0.968,939.63
overlay_25_h1_lim5,overlay,25,1,all,limit_5,2026-09-18,14,5,7,8,-1.261,927.78
overlay_25_h1_lim5,overlay,25,1,all,limit_5,2026-09-20,13,0,13,7,-36.61,588.12
overlay_25_h1_lim5,overlay,25,1,all,limit_5,2026-09-21,12,6,6,0,-0.338,586.13
overlay_25_h1_lim5,overlay,25,1,all,limit_5,2026-09-22,9,5,4,6,-0.329,584.2
overlay_25_h1_lim5,overlay,25,1,all,limit_5,2026-09-23,15,10,4,4,-1.185,577.28
overlay_25_h1_lim5,overlay,25,1,all,limit_5,2026-09-24,0,0,9,11,-0.282,575.65
overlay_25_h1_lim5,overlay,25,1,all,limit_5,2026-09-25,20,7,13,0,-0.24,574.27
overlay_25_h1_lim5,overlay,25,1,all,limit_5,2026-09-27,11,0,11,7,-23.489,439.38
overlay_25_h1_lim5,overlay,25,1,all,limit_5,2026-09-28,0,0,11,0,0.0,439.38
overlay_25_h1_lim5,overlay,25,1,all,limit_5,2026-09-29,22,7,15,0,-0.228,438.38
overlay_25_h1_lim5,overlay,25,1,all,limit_5,2026-09-30,10,6,4,7,-0.696,435.33
overlay_25_h1_lim5,overlay,25,1,all,limit_5,2026-10-01,7,3,4,6,-0.786,431.91
overlay_25_h1_lim5,overlay,25,1,all,limit_5,2026-10-02,19,0,19,3,-29.367,305.07
overlay_50_h1_cut5,overlay,50,1,all,haircut_5,2026-08-13,17,17,8,0,-0.446,9955.38
overlay_50_h1_cut5,overlay,50,1,all,haircut_5,2026-08-14,17,17,8,17,0.191,9974.38
overlay_50_h1_cut5,overlay,50,1,all,haircut_5,2026-08-17,23,10,2,6,0.007,9975.08
overlay_50_h1_cut5,overlay,50,1,all,haircut_5,2026-08-18,26,21,5,21,-1.624,9813.06
overlay_50_h1_cut5,overlay,50,1,all,haircut_5,2026-08-19,26,12,3,10,0.383,9850.68
overlay_50_h1_cut5,overlay,50,1,all,haircut_5,2026-08-20,19,19,0,23,-1.351,9717.64
overlay_50_h1_cut5,overlay,50,1,all,haircut_5,2026-08-21,25,17,0,11,0.033,9720.82
overlay_50_h1_cut5,overlay,50,1,all,haircut_5,2026-08-27,21,16,0,20,-1.107,9613.22
overlay_50_h1_cut5,overlay,50,1,all,haircut_5,2026-08-30,28,0,23,16,-49.353,4868.83
overlay_50_h1_cut5,overlay,50,1,all,haircut_5,2026-08-31,16,11,5,5,-0.603,4839.46
overlay_50_h1_cut5,overlay,50,1,all,haircut_5,2026-09-01,11,10,0,10,-0.798,4800.82
overlay_50_h1_cut5,overlay,50,1,all,haircut_5,2026-09-02,16,14,1,10,-0.503,4776.66
overlay_50_h1_cut5,overlay,50,1,all,haircut_5,2026-09-03,13,10,2,14,-1.127,4722.82
overlay_50_h1_cut5,overlay,50,1,all,haircut_5,2026-09-04,17,16,1,11,-1.318,4660.58
overlay_50_h1_cut5,overlay,50,1,all,haircut_5,2026-09-06,15,0,15,16,-59.655,1880.32
overlay_50_h1_cut5,overlay,50,1,all,haircut_5,2026-09-07,15,0,15,0,0.0,1880.32
overlay_50_h1_cut5,overlay,50,1,all,haircut_5,2026-09-08,6,6,0,0,-0.537,1870.22
overlay_50_h1_cut5,overlay,50,1,all,haircut_5,2026-09-09,13,11,2,6,-2.951,1815.03
overlay_50_h1_cut5,overlay,50,1,all,haircut_5,2026-09-10,8,8,0,11,-1.945,1779.72
overlay_50_h1_cut5,overlay,50,1,all,haircut_5,2026-09-11,7,5,1,7,-0.583,1769.35
overlay_50_h1_cut5,overlay,50,1,all,haircut_5,2026-09-12,8,0,8,6,-54.582,803.61
overlay_50_h1_cut5,overlay,50,1,all,haircut_5,2026-09-13,14,0,14,0,0.0,803.61
overlay_50_h1_cut5,overlay,50,1,all,haircut_5,2026-09-14,6,4,2,0,-0.488,799.69
overlay_50_h1_cut5,overlay,50,1,all,haircut_5,2026-09-15,15,8,7,4,-0.32,797.13
overlay_50_h1_cut5,overlay,50,1,all,haircut_5,2026-09-16,12,5,6,6,-0.858,790.29
overlay_50_h1_cut5,overlay,50,1,all,haircut_5,2026-09-17,19,9,10,7,-0.962,782.69
overlay_50_h1_cut5,overlay,50,1,all,haircut_5,2026-09-18,14,5,8,8,-1.011,774.78
overlay_50_h1_cut5,overlay,50,1,all,haircut_5,2026-09-20,16,0,16,6,-28.013,557.74
overlay_50_h1_cut5,overlay,50,1,all,haircut_5,2026-09-21,12,5,7,0,-0.292,556.11
overlay_50_h1_cut5,overlay,50,1,all,haircut_5,2026-09-22,13,5,8,5,-0.061,555.77
overlay_50_h1_cut5,overlay,50,1,all,haircut_5,2026-09-23,15,10,4,4,-0.883,550.86
overlay_50_h1_cut5,overlay,50,1,all,haircut_5,2026-09-24,9,5,4,11,-0.73,546.84
overlay_50_h1_cut5,overlay,50,1,all,haircut_5,2026-09-25,20,7,13,5,-1.781,537.1
overlay_50_h1_cut5,overlay,50,1,all,haircut_5,2026-09-27,13,0,13,7,-25.115,402.21
overlay_50_h1_cut5,overlay,50,1,all,haircut_5,2026-09-28,11,3,8,0,-0.167,401.54
overlay_50_h1_cut5,overlay,50,1,all,haircut_5,2026-09-29,22,6,15,2,-0.349,400.14
overlay_50_h1_cut5,overlay,50,1,all,haircut_5,2026-09-30,12,7,5,7,-0.68,397.42
overlay_50_h1_cut5,overlay,50,1,all,haircut_5,2026-10-01,7,3,4,7,-0.742,394.47
overlay_50_h1_cut5,overlay,50,1,all,haircut_5,2026-10-02,19,0,19,3,-32.155,267.63
