date,strat,side,rule,n_bought,bought,n_sold,sold,n_held,held,n_seats,hold_1d_pnl,hold_2d_pnl,hold_3d_pnl,hold_1w_pnl,book_buy_1d,hold_1d_w,hold_1d_l,hold_2d_w,hold_2d_l,how
2026-08-13,boring_winners_mine25,buy,join_band,25,AAP ABX AEO AHCO AIOT AIRS AISP ALT AMZE AOSL APEI ARDX ARKO ARQT AUPH BBBY BKKT BLBD BLND BROS BXBL CDNL CISS CLSK COIN,0,,0,,25,2.263,1.69,0.331,-0.177,2.003,16,9,13,11,"no hit camera; `join=good AND short=high AND sma20=below`, not hot"
2026-08-13,boring_winners_mine25,sell,none,0,,0,,0,,0,,,,,,0,0,0,0,no fade or bad-A print — short book empty
2026-08-14,boring_winners_mine25,buy,steady_blue,17,ANGI BMBL BORR CCOI DJT FLNG FVRR GETY IEP IMPP LB NEXT NEE NRG VST CEG TLN,25,AAP ABX AEO AHCO AIOT AIRS AISP ALT AMZE AOSL APEI ARDX ARKO ARQT AUPH BBBY BKKT BLBD BLND BROS BXBL CDNL CISS CLSK COIN,0,,17,-2.278,-3.67,-2.316,-1.931,0.519,5,12,5,11,"mined `steady+blue`, not hot"
2026-08-14,boring_winners_mine25,sell,none,0,,0,,0,,0,,,,,,0,0,0,0,no fade or bad-A print — short book empty
2026-08-17,boring_winners_mine25,buy,steady_blue+join_band,14,UAMY AMAT AVGO ALB ALM AMRZ BAK CRML AMD ASML INTC LRCX AHR CDNL,16,ANGI BORR CCOI CEG DJT FLNG FVRR GETY IEP IMPP LB NEE NEXT NRG TLN VST,1,BMBL,15,-2.082,-2.522,-3.023,,-1.588,2,13,5,9,"mined `steady+blue`, not hot → no hit camera; `join=good AND short=high AND sma20=below`, not hot"
2026-08-17,boring_winners_mine25,sell,fade,25,AIV BEP CAE CMCSA DIS EMR ERIC EXFY KT NGG NOK PCG SAP SBLK SKM SONY SUNB WPP WSE ACA AME AMH AMT AQN BXDC,0,,0,,25,0.68,0.274,0.758,,,12,12,11,13,fade or first_crack
2026-08-18,boring_winners_mine25,buy,join_band,16,EVRG EXEL LNT LNTH PBH PNW AOS DPZ LULU BF-B COCO KMB RRC OZK FHB TROW,15,AHR ALB ALM AMAT AMD AMRZ ASML AVGO BAK BMBL CDNL CRML INTC LRCX UAMY,0,,16,1.351,0.317,0.333,,2.069,13,3,7,9,"no hit camera; `join=good AND short=high AND sma20=below`, not hot"
2026-08-18,boring_winners_mine25,sell,fade,6,DVN COP CVX OXY XOM APA,25,ACA AIV AME AMH AMT AQN BEP BXDC CAE CMCSA DIS EMR ERIC EXFY KT NGG NOK PCG SAP SBLK SKM SONY SUNB WPP WSE,0,,6,-0.809,-2.658,-1.985,,,5,1,6,0,fade or first_crack
2026-08-19,boring_winners_mine25,buy,steady_blue+blue,25,NEE LOGI WB ARM CHTR JD LEN MAR MCD SWKS TCOM ABNB ADBE AEM ASML DOCU NEM NWSA SKM AAL ALK AXP NMR VMC CRCL,16,AOS BF-B COCO DPZ EVRG EXEL FHB KMB LNT LNTH LULU OZK PBH PNW RRC TROW,0,,25,-0.953,-0.107,,,-0.776,7,17,10,14,"mined `steady+blue`, not hot → blue, not hot"
2026-08-19,boring_winners_mine25,sell,none,0,,6,APA COP CVX DVN OXY XOM,0,,0,,,,,,0,0,0,0,no fade or bad-A print — short book empty
2026-08-20,boring_winners_mine25,buy,hot_ab_peer,24,BMEA CRSP PUK UBS KC TEM WBS DUOT ABTC ABUS ALEC CABA EL PPC TGT DUOL IAG KGC WPM LTC MSTR COIN AXTI BTBT,24,AAL ABNB ADBE ALK ARM ASML AXP CHTR CRCL DOCU JD LEN LOGI MAR MCD NEE NEM NMR NWSA SKM SWKS TCOM VMC WB,1,AEM,25,2.094,,,,1.098,16,8,0,0,mined `hot+ab+peer` (70.6% 1d hit)
2026-08-20,boring_winners_mine25,sell,A_bad,25,NEXA SBSW SGML CNC EQH IONQ WMT SNPS TUYA VLN WIT COST LILA YRD HLMN LMT VST BAK BBD BMO CLF CLMT CM FG OLLI,0,,0,,25,-2.323,,,,,19,5,0,0,A cameras printed; pool=ab|peer bad
2026-08-21,boring_winners_mine25,buy,hot_ab_peer+steady_blue,20,ALVO MT VIRT AKBA AZN FUTU PCG SUZ AMLX ARCT DE BTDR ABEV CSAN TRON UPXI BYND CNH AGRO SOFI,23,ABTC ABUS AEM ALEC AXTI BMEA BTBT CABA DUOL DUOT EL IAG KC KGC LTC MSTR PPC PUK TEM TGT UBS WBS WPM,2,CRSP COIN,22,,,,,,0,0,0,0,"mined `hot+ab+peer` (70.6% 1d hit) → mined `steady+blue`, not hot"
2026-08-21,boring_winners_mine25,sell,fade,21,RELY COP DVN KO EDU LAUR LRCX NVDA UL WSE XOM MDLZ MNST UBER DUOT EVER HLX HPK NXE HWM BZ,25,BAK BBD BMO CLF CLMT CM CNC COST EQH FG HLMN IONQ LILA LMT NEXA OLLI SBSW SGML SNPS TUYA VLN VST WIT WMT YRD,0,,21,,,,,,0,0,0,0,fade or first_crack
2026-08-27,boring_winners_mine25,buy,hot_ab_peer+ab_and_peer,20,BKKT G ROST SBS BJ CRML DSX LAR TECK BTBT RYAAY DFDV ALT IOVA NVAX RZLT TEM KD VYX ANET,18,ABEV AGRO AKBA ALVO AMLX AZN BYND CNH COIN CRSP CSAN DE FUTU MT PCG SOFI SUZ VIRT,4,BTDR TRON UPXI ARCT,24,,,,,,0,0,0,0,mined `hot+ab+peer` (70.6% 1d hit) → mined `ab=good AND peer=good`
2026-08-27,boring_winners_mine25,sell,fade,25,BBVA CEF COF SCHW BBDC GCMG AES PCG SBAC WELL BEKE AU LIN CNQ FCX BXDC LXP VMRK CCJ CMBT ECL ET GFI HBM NOMD,21,BZ COP DUOT DVN EDU EVER HLX HPK HWM KO LAUR LRCX MDLZ MNST NVDA NXE RELY UBER UL WSE XOM,0,,25,,,,,,0,0,0,0,fade or first_crack
2026-08-30,boring_winners_mine25,buy,hot_ab_peer+ab_and_peer,20,BOX DTM SMTC TRMD BZ EDU BMEA GDRX ANF URBN MATV UPBD CRWD BRZE CRCT AGNC ES GLPI ZIP ATHM,21,ALT ANET BJ BKKT BTBT BTDR DFDV DSX G IOVA KD LAR NVAX ROST RYAAY RZLT TECK TEM TRON UPXI VYX,3,ARCT CRML SBS,23,,,,,,0,0,0,0,mined `hot+ab+peer` (70.6% 1d hit) → mined `ab=good AND peer=good`
2026-08-30,boring_winners_mine25,sell,fade,23,SHOP EXFY MU NOK ADSK DDOG BNS ING MA PLD RNW AJG CNO DB CRMD DTE FCPT NTST DEC RRC ARR EFC RLJ,24,AU BBDC BBVA BEKE BXDC CCJ CEF CMBT CNQ COF ECL ET FCX GCMG GFI HBM LIN LXP NOMD PCG SBAC SCHW VMRK WELL,1,AES,24,,,,,,0,0,0,0,fade or first_crack
2026-08-31,boring_winners_mine25,buy,hot_ab_peer+ab_and_peer,21,CRM AFRM ESI TENB ESTC PDFS DFDV PD UPXI BEKE ULTA SGI BMO RWAY CVE CVX COST AMZN TCBI VOD VTS,19,AGNC ANF ATHM BMEA BOX BRZE CRCT CRML CRWD EDU ES GDRX GLPI MATV SMTC TRMD UPBD URBN ZIP,4,BZ ARCT SBS DTM,25,,,,,,0,0,0,0,mined `hot+ab+peer` (70.6% 1d hit) → mined `ab=good AND peer=good`
2026-08-31,boring_winners_mine25,sell,fade,25,IAG VLN MNSO HTZ NPWR AIIO ORBS RXRX GUTS LAR MAR AVTX LODE VLRS CEG B FCX AEHR AAOI COHU DE MXL OUST EIX ACA,24,ADSK AES AJG ARR BNS CNO CRMD DB DDOG DEC DTE EFC EXFY FCPT ING MA MU NOK NTST PLD RLJ RNW RRC SHOP,0,,25,,,,,,0,0,0,0,fade or first_crack
2026-09-01,boring_winners_mine25,buy,ab_and_peer,24,IEP KMI DHT LBRT ASX KEYS CRK CGNX TEL MU ALAB CTGO ANNX ADMA ALLO COGT FULC INDV ODFL OSK NEM DE NVT FNV,24,AFRM AMZN ARCT BEKE BMO BZ COST CRM CVE CVX DFDV ESI ESTC PD PDFS RWAY SBS SGI TCBI TENB ULTA UPXI VOD VTS,1,DTM,25,,,,,,0,0,0,0,mined `ab=good AND peer=good`
2026-09-01,boring_winners_mine25,sell,fade,24,TS EU THM DEC AFL CERS CNC ITUB PFGC PUK CRML DKNG MYGN NG USAS WU XHR AMTX ANGI DFH FVRR INN LU MLCO,24,AAOI ACA AEHR AIIO AVTX B CEG COHU DE EIX FCX GUTS HTZ IAG LAR LODE MAR MXL NPWR ORBS OUST RXRX VLN VLRS,1,MNSO,25,,,,,,0,0,0,0,fade or first_crack
