key,title,extreme_n,eligible,chosen,top_blockers,chosen_names,ext_hff_mean,ext_hff_n,ext_hff_hit,current_hff_daymean,current_mornings,force_hff_daymean,force_mornings,chosen_hff_mean,chosen_hff_n
factor_mine,Factor-mine 09:30 panel / recipes,2183,161,58,not_in_factor_mine_panel:2022; chosen:58; in_panel_not_recipe_pick:58; too_extended_ret5_or_rvol:45,AIRO 2026-08-13→2026-08-14; ARX 2026-08-13→2026-08-14; BETA 2026-08-13→2026-08-14; LIFE 2026-08-13→2026-08-14; OMER 2026-08-13→2026-08-14; HTFL 2026-08-14→2026-08-17; IOVA 2026-08-14→2026-08-17; UMAC 2026-08-14→2026-08-17; IOVA 2026-08-17→2026-08-18; ABCL 2026-08-18→2026-08-19; AMLX 2026-08-18→2026-08-19; OABI 2026-08-18→2026-08-19,0.162,2029,40.5,-0.048,18,0.179,18,0.566,56
flatten,Flatten wish-list / live GO,2183,589,4,not_in_morning_book:956; etf:638; flatten_gate_off:297; HARD_RED_sit:203; not_on_wishlist:85; chosen:4,ARCT 2026-08-20→2026-08-21; AUTL 2026-08-20→2026-08-21; CRDL 2026-08-20→2026-08-21; CYPH 2026-08-20→2026-08-21,0.162,2029,40.5,0.426,18,0.233,18,2.682,4
green,Green pile,2183,22,16,not_in_morning_book:1570; not_green_cores:336; illiquid_mcap_lt_400_or_micro:242; green_pile_unused:19; chosen:16,CRDL 2026-09-01→2026-09-02; ALEC 2026-09-02→2026-09-03; ARCT 2026-09-02→2026-09-03; BMEA 2026-09-02→2026-09-03; EMBC 2026-09-02→2026-09-03; IOVA 2026-09-02→2026-09-03; OABI 2026-09-02→2026-09-03; SENS 2026-09-02→2026-09-03; SY 2026-09-02→2026-09-03; CRDL 2026-09-03→2026-09-04; CYPH 2026-09-03→2026-09-04; IOVA 2026-09-03→2026-09-04,0.162,2029,40.5,0.642,5,-0.013,18,4.906,16
sleeve,Live sleeve_merge tickets,2183,168,5,not_in_morning_book:1570; illiquid_mcap_lt_400_or_micro:248; not_ticketed:213; dead_relvol_0_0.7:147; chosen:5,ARCT 2026-08-20→2026-08-21; AUTL 2026-08-20→2026-08-21; CRDL 2026-08-20→2026-08-21; CYPH 2026-08-20→2026-08-21; OABI 2026-09-03→2026-09-04,0.162,2029,40.5,0.618,8,0.184,18,0.816,5
excel_L1,Excel L1 lowvol (skip loud by design),2183,22,0,loud_volM_ge3_skip_by_design:1514; etf:638; cohort_ok_not_signaled:22; volM_unknown:9,,0.162,2029,40.5,0.097,10,0.053,18,,0
excel_L2,Excel L2 lowvol (skip loud by design),2183,22,0,loud_volM_ge3_skip_by_design:1514; etf:638; cohort_ok_not_signaled:22; volM_unknown:9,,0.162,2029,40.5,0.097,10,0.053,18,,0
excel_L3,Excel L3 midcap (skip loud by design),2183,212,0,not_midcap_skip_loud_by_design:1333; etf:638; cohort_ok_not_signaled:212,,0.162,2029,40.5,0.264,10,0.118,18,,0
excel_L4,Excel L4 BBAI-like,2183,59,0,not_midcap:1333; etf:638; not_hibeta:147; cohort_ok_not_signaled:59; not_unprofitable:6,,0.162,2029,40.5,,0,0.208,18,,0
excel_L5,Excel L5 midhibeta (loud-tolerant),2183,65,0,not_midcap:1333; etf:638; not_hibeta:147; cohort_ok_not_signaled:65,,0.162,2029,40.5,0.197,8,0.211,18,,0
