date,score,route,cash,equity,open,filled_am,filled_pm,exits,gap
2026-08-13,8.525,io,9979.08,99830.14,9,0,9,0,
2026-08-14,5.5,io,9979.08,101741.9,9,0,0,0,
2026-08-17,2.25,io,9979.08,102385.06,9,0,0,0,
2026-08-18,-6.2,io,10246.56,102442.16,9,0,9,9,
2026-08-19,-7.2,io,10246.56,107185.56,9,0,0,0,
2026-08-20,1.125,io,10246.56,109844.03,9,0,0,0,
2026-08-21,3.25,io,11394.01,112058.14,9,0,9,9,
2026-08-24,-5.175,io,11394.01,111058.1,9,0,0,0,io source missing (no stock_book file)
2026-08-25,1.8,io,11394.01,112297.55,9,0,0,0,io source missing (no stock_book file)
2026-08-26,2.025,io,111357.16,111357.16,0,0,0,9,io source missing (no stock_book file)
2026-08-27,,io,117.0,111275.6,8,0,8,0,
2026-08-28,0.75,io,117.0,111353.64,8,0,0,0,io source missing (no stock_book file)
2026-08-31,-5.85,io,117.0,110513.71,8,0,0,0,
2026-09-01,-6.3,io,36.36,108697.47,5,0,5,8,
2026-09-02,-3.825,io,36.36,108167.65,5,0,0,0,
2026-09-03,-0.9,io,36.36,108507.84,5,0,0,0,
2026-09-04,2.25,io,231.4,107936.06,5,0,5,5,
2026-09-08,-11.475,io,231.4,105587.79,5,0,0,0,
2026-09-09,,io,231.4,104365.76,5,0,0,0,
2026-09-10,,io,10822.05,105473.06,9,0,9,5,
2026-09-11,,io,149.97,106993.99,10,0,1,0,
2026-09-14,,io,149.97,102363.71,10,0,0,0,
2026-09-15,,io,683.52,101464.07,10,0,9,9,
2026-09-16,,io,720.65,101249.56,10,0,1,1,
2026-09-17,,io,720.65,100804.07,10,0,0,0,
2026-09-18,,io,346.66,98472.96,10,0,9,9,
2026-09-21,,io,214.52,101637.48,10,0,1,1,
2026-09-22,,io,214.52,104068.17,10,0,0,0,
2026-09-23,,io,10704.6,104059.52,9,0,8,9,
2026-09-24,,io,490.87,105484.91,10,0,2,1,
2026-09-25,,io,490.87,104802.38,10,0,0,0,
2026-09-28,,io,995.26,105175.7,10,0,8,8,
2026-09-29,,io,85.2,104879.2,10,0,2,2,
2026-09-30,,io,85.2,104316.37,10,0,0,0,
2026-10-01,,io,391.5,105695.09,10,0,8,8,
2026-10-02,,io,21589.33,105990.36,8,0,0,2,3d cannot settle (end of calendar)
2026-10-05,,io,21589.33,107717.27,8,0,0,0,3d cannot settle (end of calendar)
2026-10-06,,io,106331.84,106331.84,0,0,0,8,3d cannot settle (end of calendar)
