dt,date,clock,side,source,ticker,shares,price,fees,pnl,hold
2026-08-13 16:00 ET,2026-08-13,16:00 ET,BUY,io,BTSG,166,60.22999954223633,2.49,,3d
2026-08-13 16:00 ET,2026-08-13,16:00 ET,BUY,io,HIMS,347,28.770000457763672,4.48,,3d
2026-08-13 16:00 ET,2026-08-13,16:00 ET,BUY,io,INO,11108,0.8999999761581421,133.3,,3d
2026-08-13 16:00 ET,2026-08-13,16:00 ET,BUY,io,IREN,223,44.7599983215332,2.88,,3d
2026-08-13 16:00 ET,2026-08-13,16:00 ET,BUY,io,SLS,808,12.359999656677246,10.42,,3d
2026-08-13 16:00 ET,2026-08-13,16:00 ET,BUY,io,TGTX,208,47.939998626708984,2.68,,3d
2026-08-13 16:00 ET,2026-08-13,16:00 ET,BUY,io,TNDM,431,23.1299991607666,5.56,,3d
2026-08-13 16:00 ET,2026-08-13,16:00 ET,BUY,io,TPG,183,54.619998931884766,2.54,,3d
2026-08-13 16:00 ET,2026-08-13,16:00 ET,BUY,io,VOR,428,23.290000915527344,5.52,,3d
2026-08-18 16:00 ET,2026-08-18,16:00 ET,SELL,io,BTSG,166,59.5,2.59,-126.26,3d
2026-08-18 16:00 ET,2026-08-18,16:00 ET,SELL,io,HIMS,347,27.39,4.61,-487.95,3d
2026-08-18 16:00 ET,2026-08-18,16:00 ET,SELL,io,INO,11108,1.2,145.24,3053.86,3d
2026-08-18 16:00 ET,2026-08-18,16:00 ET,SELL,io,IREN,223,42.0,2.99,-621.35,3d
2026-08-18 16:00 ET,2026-08-18,16:00 ET,SELL,io,SLS,808,13.1,10.64,576.86,3d
2026-08-18 16:00 ET,2026-08-18,16:00 ET,SELL,io,TGTX,208,50.26,2.8,477.08,3d
2026-08-18 16:00 ET,2026-08-18,16:00 ET,SELL,io,TNDM,431,23.73,5.71,247.33,3d
2026-08-18 16:00 ET,2026-08-18,16:00 ET,SELL,io,TPG,183,52.02,2.65,-480.99,3d
2026-08-18 16:00 ET,2026-08-18,16:00 ET,SELL,io,VOR,428,23.28,5.67,-15.47,3d
2026-08-18 16:00 ET,2026-08-18,16:00 ET,BUY,io,APA,242,42.369998931884766,3.12,,3d
2026-08-18 16:00 ET,2026-08-18,16:00 ET,BUY,io,COP,79,129.72000122070312,2.23,,3d
2026-08-18 16:00 ET,2026-08-18,16:00 ET,BUY,io,CYPH,12744,0.8050000071525574,140.82,,3d
2026-08-18 16:00 ET,2026-08-18,16:00 ET,BUY,io,MLYS,385,26.610000610351562,4.97,,3d
2026-08-18 16:00 ET,2026-08-18,16:00 ET,BUY,io,MUR,291,35.18000030517578,3.75,,3d
2026-08-18 16:00 ET,2026-08-18,16:00 ET,BUY,io,OBE,883,11.609999656677246,11.39,,3d
2026-08-18 16:00 ET,2026-08-18,16:00 ET,BUY,io,OXY,171,59.79999923706055,2.5,,3d
2026-08-18 16:00 ET,2026-08-18,16:00 ET,BUY,io,TBPH,604,16.950000762939453,7.79,,3d
2026-08-18 16:00 ET,2026-08-18,16:00 ET,BUY,io,TRMD,339,30.200000762939453,4.37,,3d
2026-08-21 16:00 ET,2026-08-21,16:00 ET,SELL,io,APA,242,43.39,3.25,240.47,3d
2026-08-21 16:00 ET,2026-08-21,16:00 ET,SELL,io,COP,79,134.87,2.33,402.29,3d
2026-08-21 16:00 ET,2026-08-21,16:00 ET,SELL,io,CYPH,12744,1.42,166.66,7530.08,3d
2026-08-21 16:00 ET,2026-08-21,16:00 ET,SELL,io,MLYS,385,25.65,5.11,-379.68,3d
2026-08-21 16:00 ET,2026-08-21,16:00 ET,SELL,io,MUR,291,37.41,3.89,641.29,3d
2026-08-21 16:00 ET,2026-08-21,16:00 ET,SELL,io,OBE,883,11.95,11.62,277.21,3d
2026-08-21 16:00 ET,2026-08-21,16:00 ET,SELL,io,OXY,171,61.3,2.62,251.38,3d
2026-08-21 16:00 ET,2026-08-21,16:00 ET,SELL,io,TBPH,604,17.01,7.97,20.48,3d
2026-08-21 16:00 ET,2026-08-21,16:00 ET,SELL,io,TRMD,339,31.8,4.52,533.51,3d
2026-08-21 16:00 ET,2026-08-21,16:00 ET,BUY,io,CRMD,1367,8.199999809265137,17.63,,3d
2026-08-21 16:00 ET,2026-08-21,16:00 ET,BUY,io,GSHD,154,72.5199966430664,2.45,,3d
2026-08-21 16:00 ET,2026-08-21,16:00 ET,BUY,io,HCA,26,429.19000244140625,2.07,,3d
2026-08-21 16:00 ET,2026-08-21,16:00 ET,BUY,io,HOOD,103,108.12999725341797,2.3,,3d
2026-08-21 16:00 ET,2026-08-21,16:00 ET,BUY,io,INSP,179,62.36000061035156,2.53,,3d
2026-08-21 16:00 ET,2026-08-21,16:00 ET,BUY,io,MOS,459,24.40999984741211,5.92,,3d
2026-08-21 16:00 ET,2026-08-21,16:00 ET,BUY,io,OCUL,1011,11.079999923706055,13.04,,3d
2026-08-21 16:00 ET,2026-08-21,16:00 ET,BUY,io,RZLT,2202,5.090000152587891,28.41,,3d
2026-08-21 16:00 ET,2026-08-21,16:00 ET,BUY,io,SOFI,593,18.90999984741211,7.65,,3d
2026-08-26 16:00 ET,2026-08-26,16:00 ET,SELL,io,CRMD,1367,8.39,17.95,224.15,3d
2026-08-26 16:00 ET,2026-08-26,16:00 ET,SELL,io,GSHD,154,71.31,2.57,-191.36,3d
2026-08-26 16:00 ET,2026-08-26,16:00 ET,SELL,io,HCA,26,427.16,2.17,-57.02,3d
2026-08-26 16:00 ET,2026-08-26,16:00 ET,SELL,io,HOOD,103,108.54,2.41,37.52,3d
2026-08-26 16:00 ET,2026-08-26,16:00 ET,SELL,io,INSP,179,61.8,2.65,-105.42,3d
2026-08-26 16:00 ET,2026-08-26,16:00 ET,SELL,io,MOS,459,24.16,6.09,-126.76,3d
2026-08-26 16:00 ET,2026-08-26,16:00 ET,SELL,io,OCUL,1011,10.77,13.3,-339.75,3d
2026-08-26 16:00 ET,2026-08-26,16:00 ET,SELL,io,RZLT,2202,5.04,28.86,-167.37,3d
2026-08-26 16:00 ET,2026-08-26,16:00 ET,SELL,io,SOFI,593,18.84,7.84,-57.0,3d
2026-08-27 16:00 ET,2026-08-27,16:00 ET,BUY,io,CNH,973,11.430000305175781,12.55,,3d
2026-08-27 16:00 ET,2026-08-27,16:00 ET,BUY,io,CRK,761,14.619999885559082,9.82,,3d
2026-08-27 16:00 ET,2026-08-27,16:00 ET,BUY,io,FUTU,87,127.34,2.25,,3d
2026-08-27 16:00 ET,2026-08-27,16:00 ET,BUY,io,HOOD,102,108.54,2.3,,3d
2026-08-27 16:00 ET,2026-08-27,16:00 ET,BUY,io,MOS,468,23.760000228881836,6.04,,3d
2026-08-27 16:00 ET,2026-08-27,16:00 ET,BUY,io,PGY,993,22.41,12.81,,3d
2026-08-27 16:00 ET,2026-08-27,16:00 ET,BUY,io,RRC,267,41.63999938964844,3.44,,3d
2026-08-27 16:00 ET,2026-08-27,16:00 ET,BUY,io,VYX,2508,8.88,32.35,,3d
2026-09-01 16:00 ET,2026-09-01,16:00 ET,SELL,io,CNH,973,11.77,12.8,305.46,3d
2026-09-01 16:00 ET,2026-09-01,16:00 ET,SELL,io,CRK,761,14.9,10.03,193.23,3d
2026-09-01 16:00 ET,2026-09-01,16:00 ET,SELL,io,FUTU,87,120.88,2.35,-566.62,3d
2026-09-01 16:00 ET,2026-09-01,16:00 ET,SELL,io,HOOD,102,107.41,2.4,-119.96,3d
2026-09-01 16:00 ET,2026-09-01,16:00 ET,SELL,io,MOS,468,24.25,6.21,217.07,3d
2026-09-01 16:00 ET,2026-09-01,16:00 ET,SELL,io,PGY,993,21.25,13.14,-1177.83,3d
2026-09-01 16:00 ET,2026-09-01,16:00 ET,SELL,io,RRC,267,42.4,3.58,195.9,3d
2026-09-01 16:00 ET,2026-09-01,16:00 ET,SELL,io,VYX,2508,8.27,32.94,-1595.17,3d
2026-09-01 16:00 ET,2026-09-01,16:00 ET,BUY,io,BTE,4440,4.9,57.28,,3d
2026-09-01 16:00 ET,2026-09-01,16:00 ET,BUY,io,DK,288,75.39,3.72,,3d
2026-09-01 16:00 ET,2026-09-01,16:00 ET,BUY,io,FTI,273,79.53,3.52,,3d
2026-09-01 16:00 ET,2026-09-01,16:00 ET,BUY,io,MTDR,369,58.9,4.76,,3d
2026-09-01 16:00 ET,2026-09-01,16:00 ET,BUY,io,RES,3295,6.6,42.51,,3d
2026-09-04 16:00 ET,2026-09-04,16:00 ET,SELL,io,BTE,4440,4.95,58.19,106.53,3d
2026-09-04 16:00 ET,2026-09-04,16:00 ET,SELL,io,DK,288,72.4,3.93,-868.77,3d
2026-09-04 16:00 ET,2026-09-04,16:00 ET,SELL,io,FTI,273,80.08,3.74,142.89,3d
2026-09-04 16:00 ET,2026-09-04,16:00 ET,SELL,io,MTDR,369,59.72,5.0,292.82,3d
2026-09-04 16:00 ET,2026-09-04,16:00 ET,SELL,io,RES,3295,6.47,43.22,-514.08,3d
2026-09-04 16:00 ET,2026-09-04,16:00 ET,BUY,io,ASND,79,271.12,2.23,,3d
2026-09-04 16:00 ET,2026-09-04,16:00 ET,BUY,io,ATRC,411,52.46,5.3,,3d
2026-09-04 16:00 ET,2026-09-04,16:00 ET,BUY,io,HOOD,173,124.72,2.51,,3d
2026-09-04 16:00 ET,2026-09-04,16:00 ET,BUY,io,OSCR,669,32.24,8.63,,3d
2026-09-04 16:00 ET,2026-09-04,16:00 ET,BUY,io,XP,1079,20.0,13.92,,3d
2026-09-10 16:00 ET,2026-09-10,16:00 ET,SELL,io,ASND,79,261.23,2.41,-785.94,3d
2026-09-10 16:00 ET,2026-09-10,16:00 ET,SELL,io,ATRC,411,52.96,5.54,194.66,3d
2026-09-10 16:00 ET,2026-09-10,16:00 ET,SELL,io,HOOD,173,113.33,2.69,-1975.67,3d
2026-09-10 16:00 ET,2026-09-10,16:00 ET,SELL,io,OSCR,669,32.58,8.92,209.92,3d
2026-09-10 16:00 ET,2026-09-10,16:00 ET,SELL,io,XP,1079,19.97,14.27,-60.56,3d
2026-09-10 16:00 ET,2026-09-10,16:00 ET,BUY,io,AEHR,112,93.80999755859375,2.33,,3d
2026-09-10 16:00 ET,2026-09-10,16:00 ET,BUY,io,CLB,842,12.529999732971191,10.86,,3d
2026-09-10 16:00 ET,2026-09-10,16:00 ET,BUY,io,CRSR,839,12.569999694824219,10.82,,3d
2026-09-10 16:00 ET,2026-09-10,16:00 ET,BUY,io,LBRT,508,20.760000228881836,6.55,,3d
2026-09-10 16:00 ET,2026-09-10,16:00 ET,BUY,io,NU,702,15.020000457763672,9.06,,3d
2026-09-10 16:00 ET,2026-09-10,16:00 ET,BUY,io,NXT,129,81.3499984741211,2.38,,3d
2026-09-10 16:00 ET,2026-09-10,16:00 ET,BUY,io,OIS,1228,8.59000015258789,15.84,,3d
2026-09-10 16:00 ET,2026-09-10,16:00 ET,BUY,io,SANM,51,203.30999755859375,2.14,,3d
2026-09-10 16:00 ET,2026-09-10,16:00 ET,BUY,io,UGP,1395,7.559999942779541,18.0,,3d
2026-09-11 16:00 ET,2026-09-11,16:00 ET,BUY,io,ORCL,71,150.27999877929688,2.2,,3d
2026-09-15 16:00 ET,2026-09-15,16:00 ET,SELL,io,AEHR,112,81.58,2.42,-1374.51,3d
2026-09-15 16:00 ET,2026-09-15,16:00 ET,SELL,io,CLB,842,12.26,11.08,-249.28,3d
2026-09-15 16:00 ET,2026-09-15,16:00 ET,SELL,io,CRSR,839,13.36,11.05,640.94,3d
2026-09-15 16:00 ET,2026-09-15,16:00 ET,SELL,io,LBRT,508,19.47,6.72,-668.59,3d
2026-09-15 16:00 ET,2026-09-15,16:00 ET,SELL,io,NU,702,14.19,9.25,-600.97,3d
2026-09-15 16:00 ET,2026-09-15,16:00 ET,SELL,io,NXT,129,79.79,2.48,-206.1,3d
2026-09-15 16:00 ET,2026-09-15,16:00 ET,SELL,io,OIS,1228,8.6,16.13,-19.69,3d
2026-09-15 16:00 ET,2026-09-15,16:00 ET,SELL,io,SANM,51,191.61,2.23,-601.07,3d
2026-09-15 16:00 ET,2026-09-15,16:00 ET,SELL,io,UGP,1395,7.44,18.31,-203.71,3d
2026-09-15 16:00 ET,2026-09-15,16:00 ET,BUY,io,ADSK,44,226.5,2.12,,3d
2026-09-15 16:00 ET,2026-09-15,16:00 ET,BUY,io,ATRC,180,56.220001220703125,2.53,,3d
2026-09-15 16:00 ET,2026-09-15,16:00 ET,BUY,io,DUOL,65,153.9199981689453,2.19,,3d
2026-09-15 16:00 ET,2026-09-15,16:00 ET,BUY,io,ICLR,58,172.4499969482422,2.16,,3d
2026-09-15 16:00 ET,2026-09-15,16:00 ET,BUY,io,NXDR,4126,2.4600000381469727,53.23,,3d
2026-09-15 16:00 ET,2026-09-15,16:00 ET,BUY,io,RPD,814,12.460000038146973,10.5,,3d
2026-09-15 16:00 ET,2026-09-15,16:00 ET,BUY,io,SMMT,583,17.399999618530273,7.52,,3d
2026-09-15 16:00 ET,2026-09-15,16:00 ET,BUY,io,SPT,900,11.279999732971191,11.61,,3d
2026-09-15 16:00 ET,2026-09-15,16:00 ET,BUY,io,WAY,380,26.670000076293945,4.9,,3d
2026-09-16 16:00 ET,2026-09-16,16:00 ET,SELL,io,ORCL,71,143.16,2.3,-510.02,3d
2026-09-16 16:00 ET,2026-09-16,16:00 ET,BUY,io,FOXA,153,66.16000366210938,2.45,,3d
2026-09-18 16:00 ET,2026-09-18,16:00 ET,SELL,io,ADSK,44,216.95,2.21,-424.53,3d
2026-09-18 16:00 ET,2026-09-18,16:00 ET,SELL,io,ATRC,180,58.1,2.64,333.23,3d
2026-09-18 16:00 ET,2026-09-18,16:00 ET,SELL,io,DUOL,65,141.9,2.27,-785.76,3d
2026-09-18 16:00 ET,2026-09-18,16:00 ET,SELL,io,ICLR,58,164.11,2.25,-488.13,3d
2026-09-18 16:00 ET,2026-09-18,16:00 ET,SELL,io,NXDR,4126,2.49,53.99,16.56,3d
2026-09-18 16:00 ET,2026-09-18,16:00 ET,SELL,io,RPD,814,11.97,10.71,-420.07,3d
2026-09-18 16:00 ET,2026-09-18,16:00 ET,SELL,io,SMMT,583,17.85,7.7,247.13,3d
2026-09-18 16:00 ET,2026-09-18,16:00 ET,SELL,io,SPT,900,10.17,11.83,-1022.44,3d
2026-09-18 16:00 ET,2026-09-18,16:00 ET,SELL,io,WAY,380,25.66,5.04,-393.74,3d
2026-09-18 16:00 ET,2026-09-18,16:00 ET,BUY,io,DELL,17,568.0599975585938,2.04,,3d
2026-09-18 16:00 ET,2026-09-18,16:00 ET,BUY,io,ECO,116,84.94999694824219,2.34,,3d
2026-09-18 16:00 ET,2026-09-18,16:00 ET,BUY,io,FIVN,303,32.470001220703125,3.91,,3d
2026-09-18 16:00 ET,2026-09-18,16:00 ET,BUY,io,GNRC,47,207.44000244140625,2.13,,3d
2026-09-18 16:00 ET,2026-09-18,16:00 ET,BUY,io,KOPN,2078,4.739999771118164,26.81,,3d
2026-09-18 16:00 ET,2026-09-18,16:00 ET,BUY,io,RBRK,92,106.70999908447266,2.27,,3d
2026-09-18 16:00 ET,2026-09-18,16:00 ET,BUY,io,RXT,2593,3.799999952316284,33.45,,3d
2026-09-18 16:00 ET,2026-09-18,16:00 ET,BUY,io,SONO,634,15.529999732971191,8.18,,3d
2026-09-18 16:00 ET,2026-09-18,16:00 ET,BUY,io,VICR,44,222.72000122070312,2.12,,3d
2026-09-21 16:00 ET,2026-09-21,16:00 ET,SELL,io,FOXA,153,64.79,2.55,-214.61,3d
2026-09-21 16:00 ET,2026-09-21,16:00 ET,BUY,io,A,62,161.94000244140625,2.18,,3d
2026-09-23 16:00 ET,2026-09-23,16:00 ET,SELL,io,DELL,17,549.83,2.13,-314.08,3d
2026-09-23 16:00 ET,2026-09-23,16:00 ET,SELL,io,ECO,116,78.03,2.43,-807.49,3d
2026-09-23 16:00 ET,2026-09-23,16:00 ET,SELL,io,FIVN,303,37.68,4.05,1570.67,3d
2026-09-23 16:00 ET,2026-09-23,16:00 ET,SELL,io,GNRC,47,199.42,2.22,-381.29,3d
2026-09-23 16:00 ET,2026-09-23,16:00 ET,SELL,io,KOPN,2078,4.87,27.23,216.1,3d
2026-09-23 16:00 ET,2026-09-23,16:00 ET,SELL,io,RBRK,92,115.57,2.37,810.48,3d
2026-09-23 16:00 ET,2026-09-23,16:00 ET,SELL,io,RXT,2593,4.05,33.96,580.84,3d
2026-09-23 16:00 ET,2026-09-23,16:00 ET,SELL,io,SONO,634,17.1,8.37,978.83,3d
2026-09-23 16:00 ET,2026-09-23,16:00 ET,SELL,io,VICR,44,283.16,2.23,2655.01,3d
2026-09-23 16:00 ET,2026-09-23,16:00 ET,BUY,io,ADMA,1073,9.699999809265137,13.84,,3d
2026-09-23 16:00 ET,2026-09-23,16:00 ET,BUY,io,ARQT,394,26.3799991607666,5.08,,3d
2026-09-23 16:00 ET,2026-09-23,16:00 ET,BUY,io,DXCM,118,87.7300033569336,2.34,,3d
2026-09-23 16:00 ET,2026-09-23,16:00 ET,BUY,io,FTRE,533,19.520000457763672,6.88,,3d
2026-09-23 16:00 ET,2026-09-23,16:00 ET,BUY,io,HALO,92,112.44000244140625,2.27,,3d
2026-09-23 16:00 ET,2026-09-23,16:00 ET,BUY,io,OMER,501,20.739999771118164,6.46,,3d
2026-09-23 16:00 ET,2026-09-23,16:00 ET,BUY,io,PGEN,1399,7.440000057220459,18.05,,3d
2026-09-23 16:00 ET,2026-09-23,16:00 ET,BUY,io,PUBM,596,17.454999923706055,7.69,,3d
2026-09-24 16:00 ET,2026-09-24,16:00 ET,SELL,io,A,62,172.84,2.27,671.35,3d
2026-09-24 16:00 ET,2026-09-24,16:00 ET,BUY,io,CHKP,77,136.2899932861328,2.22,,3d
2026-09-24 16:00 ET,2026-09-24,16:00 ET,BUY,io,EOG,73,142.86000061035156,2.21,,3d
2026-09-28 16:00 ET,2026-09-28,16:00 ET,SELL,io,ADMA,1073,10.12,14.11,422.71,3d
2026-09-28 16:00 ET,2026-09-28,16:00 ET,SELL,io,ARQT,394,27.33,5.23,363.99,3d
2026-09-28 16:00 ET,2026-09-28,16:00 ET,SELL,io,DXCM,118,86.68,2.45,-128.69,3d
2026-09-28 16:00 ET,2026-09-28,16:00 ET,SELL,io,FTRE,533,20.06,7.05,273.89,3d
2026-09-28 16:00 ET,2026-09-28,16:00 ET,SELL,io,HALO,92,112.89,2.36,36.77,3d
2026-09-28 16:00 ET,2026-09-28,16:00 ET,SELL,io,OMER,501,19.43,6.62,-669.39,3d
2026-09-28 16:00 ET,2026-09-28,16:00 ET,SELL,io,PGEN,1399,7.81,18.37,481.21,3d
2026-09-28 16:00 ET,2026-09-28,16:00 ET,SELL,io,PUBM,596,18.41,7.88,553.61,3d
2026-09-28 16:00 ET,2026-09-28,16:00 ET,BUY,io,AMN,307,34.2599983215332,3.96,,3d
2026-09-28 16:00 ET,2026-09-28,16:00 ET,BUY,io,CNQ,221,47.54999923706055,2.85,,3d
2026-09-28 16:00 ET,2026-09-28,16:00 ET,BUY,io,CON,297,35.36000061035156,3.83,,3d
2026-09-28 16:00 ET,2026-09-28,16:00 ET,BUY,io,FIVN,303,34.65999984741211,3.91,,3d
2026-09-28 16:00 ET,2026-09-28,16:00 ET,BUY,io,IT,56,185.72999572753906,2.16,,3d
2026-09-28 16:00 ET,2026-09-28,16:00 ET,BUY,io,MQ,622,16.889999389648438,8.02,,3d
2026-09-28 16:00 ET,2026-09-28,16:00 ET,BUY,io,SONO,585,17.969999313354492,7.55,,3d
2026-09-28 16:00 ET,2026-09-28,16:00 ET,BUY,io,TOST,346,30.3799991607666,4.46,,3d
2026-09-29 16:00 ET,2026-09-29,16:00 ET,SELL,io,CHKP,77,126.93,2.31,-725.25,3d
2026-09-29 16:00 ET,2026-09-29,16:00 ET,SELL,io,EOG,73,139.66,2.3,-238.11,3d
2026-09-29 16:00 ET,2026-09-29,16:00 ET,BUY,io,DT,182,57.529998779296875,2.54,,3d
2026-09-29 16:00 ET,2026-09-29,16:00 ET,BUY,io,SN,57,182.44000244140625,2.16,,3d
2026-10-01 16:00 ET,2026-10-01,16:00 ET,SELL,io,AMN,307,35.86,4.1,483.14,3d
2026-10-01 16:00 ET,2026-10-01,16:00 ET,SELL,io,CNQ,221,47.79,2.97,47.22,3d
2026-10-01 16:00 ET,2026-10-01,16:00 ET,SELL,io,CON,297,34.97,3.96,-123.62,3d
2026-10-01 16:00 ET,2026-10-01,16:00 ET,SELL,io,FIVN,303,35.75,4.05,322.31,3d
2026-10-01 16:00 ET,2026-10-01,16:00 ET,SELL,io,IT,56,192.8,2.25,391.51,3d
2026-10-01 16:00 ET,2026-10-01,16:00 ET,SELL,io,MQ,622,17.0,8.21,52.19,3d
2026-10-01 16:00 ET,2026-10-01,16:00 ET,SELL,io,SONO,585,17.75,7.73,-143.98,3d
2026-10-01 16:00 ET,2026-10-01,16:00 ET,SELL,io,TOST,346,29.23,4.6,-406.96,3d
2026-10-01 16:00 ET,2026-10-01,16:00 ET,BUY,io,AVPT,750,14.079999923706055,9.68,,3d
2026-10-01 16:00 ET,2026-10-01,16:00 ET,BUY,io,BAND,169,62.439998626708984,2.5,,3d
2026-10-01 16:00 ET,2026-10-01,16:00 ET,BUY,io,IOT,264,40.040000915527344,3.41,,3d
2026-10-01 16:00 ET,2026-10-01,16:00 ET,BUY,io,IT,54,192.8000030517578,2.15,,3d
2026-10-01 16:00 ET,2026-10-01,16:00 ET,BUY,io,KSPI,114,92.0199966430664,2.33,,3d
2026-10-01 16:00 ET,2026-10-01,16:00 ET,BUY,io,MQ,621,17.0,8.01,,3d
2026-10-01 16:00 ET,2026-10-01,16:00 ET,BUY,io,RELY,492,21.479999542236328,6.35,,3d
2026-10-01 16:00 ET,2026-10-01,16:00 ET,BUY,io,SONO,595,17.75,7.68,,3d
2026-10-02 16:00 ET,2026-10-02,16:00 ET,SELL,io,DT,182,59.32,2.65,320.59,3d
2026-10-02 16:00 ET,2026-10-02,16:00 ET,SELL,io,SN,57,182.57,2.25,3.0,3d
2026-10-06 16:00 ET,2026-10-06,16:00 ET,SELL,io,AVPT,750,14.59,9.89,362.93,3d
2026-10-06 16:00 ET,2026-10-06,16:00 ET,SELL,io,BAND,169,60.09,2.61,-402.26,3d
2026-10-06 16:00 ET,2026-10-06,16:00 ET,SELL,io,IOT,264,41.74,3.54,441.85,3d
2026-10-06 16:00 ET,2026-10-06,16:00 ET,SELL,io,IT,54,184.92,2.24,-429.91,3d
2026-10-06 16:00 ET,2026-10-06,16:00 ET,SELL,io,KSPI,114,93.16,2.44,125.19,3d
2026-10-06 16:00 ET,2026-10-06,16:00 ET,SELL,io,MQ,621,16.55,8.2,-295.66,3d
2026-10-06 16:00 ET,2026-10-06,16:00 ET,SELL,io,RELY,492,23.2,6.52,833.37,3d
2026-10-06 16:00 ET,2026-10-06,16:00 ET,SELL,io,SONO,595,17.43,7.86,-205.94,3d
