cash_after,cash_after_exit,cash_before,entry_date,entry_dt,entry_px,exit_date,exit_dt,exit_px,exit_reason,fee_in,fee_out,last_px,notional,pnl,reason,ret_pct,shares,side,sleeve,ticker
89999.33,10396.94,100000.0,2026-08-13,2026-08-13 16:00 ET,60.22999954223633,2026-08-18,2026-08-18 16:00 ET,59.5,io 3d done,2.49,2.59,60.380001068115234,9998.18,-126.26,io robust:3d_size,-1.26,166,BUY,io_core,BTSG
80014.98,19759.95,89999.33,2026-08-13,2026-08-13 16:00 ET,44.7599983215332,2026-08-18,2026-08-18 16:00 ET,42.0,io 3d done,2.88,2.99,44.900001525878906,9981.48,-621.35,io robust:3d_size,-6.23,223,BUY,io_core,IREN
70016.98,29276.96,80014.98,2026-08-13,2026-08-13 16:00 ET,54.619998931884766,2026-08-18,2026-08-18 16:00 ET,52.02,io 3d done,2.54,2.65,51.77000045776367,9995.46,-480.99,io robust:3d_size,-4.81,183,BUY,io_core,TPG
60042.77,39728.24,70016.98,2026-08-13,2026-08-13 16:00 ET,47.93999862670898,2026-08-18,2026-08-18 16:00 ET,50.26,io 3d done,2.68,2.8,49.27999877929688,9971.52,477.08,io robust:3d_size,4.78,208,BUY,io_core,TGTX
50033.1,50315.48,60042.77,2026-08-13,2026-08-13 16:00 ET,12.359999656677246,2026-08-18,2026-08-18 16:00 ET,13.1,io 3d done,10.44,10.66,13.0,9999.24,577.57,io robust:3d_size,5.78,809,BUY,io_core,SLS
40045.43,59815.2,50033.1,2026-08-13,2026-08-13 16:00 ET,28.770000457763672,2026-08-18,2026-08-18 16:00 ET,27.39,io 3d done,4.48,4.61,28.61000061035156,9983.19,-487.95,io robust:3d_size,-4.89,347,BUY,io_core,HIMS
29912.2,73003.12,40045.43,2026-08-13,2026-08-13 16:00 ET,0.8999999761581421,2026-08-18,2026-08-18 16:00 ET,1.2,io 3d done,133.33,145.28,1.149999976158142,9999.9,3054.69,io robust:3d_size,30.55,11111,BUY,io_core,INO
19914.47,83248.76,29912.2,2026-08-13,2026-08-13 16:00 ET,23.1299991607666,2026-08-18,2026-08-18 16:00 ET,23.73,io 3d done,5.57,5.73,22.2549991607666,9992.16,247.9,io robust:3d_size,2.48,432,BUY,io_core,TNDM
9917.52,93230.19,19914.47,2026-08-13,2026-08-13 16:00 ET,23.290000915527344,2026-08-18,2026-08-18 16:00 ET,23.28,io 3d done,5.53,5.69,23.01000022888184,9991.41,-15.51,io robust:3d_size,-0.16,429,BUY,io_core,VOR
9190.05,93872.87,9917.52,2026-08-14,2026-08-14 16:00 ET,362.739990234375,2026-08-19,2026-08-19 16:00 ET,322.35,io 3d done,2.0,2.02,317.6600036621094,725.48,-84.8,io robust:3d_size,-11.69,2,BUY,io_core,TLN
8299.26,94727.05,9190.05,2026-08-14,2026-08-14 16:00 ET,148.1300048828125,2026-08-19,2026-08-19 16:00 ET,142.7,io 3d done,2.01,2.03,140.52000427246094,888.78,-36.62,io robust:3d_size,-4.12,6,BUY,io_core,VST
7413.57,95569.08,8299.26,2026-08-14,2026-08-14 16:00 ET,126.23999786376952,2026-08-19,2026-08-19 16:00 ET,120.58,io 3d done,2.01,2.03,115.55999755859376,883.68,-43.66,io robust:3d_size,-4.94,7,BUY,io_core,NRG
6742.43,96257.16,7413.57,2026-08-14,2026-08-14 16:00 ET,334.57000732421875,2026-08-19,2026-08-19 16:00 ET,345.05,io 3d done,2.0,2.02,333.1400146484375,669.14,16.94,io robust:3d_size,2.53,2,BUY,io_core,DAVE
5786.86,97235.15,6742.43,2026-08-14,2026-08-14 16:00 ET,56.09000015258789,2026-08-19,2026-08-19 16:00 ET,57.65,io 3d done,2.04,2.06,56.84000015258789,953.53,22.42,io robust:3d_size,2.35,17,BUY,io_core,SLG
4800.15,98265.36,5786.86,2026-08-14,2026-08-14 16:00 ET,9.199999809265137,2026-08-19,2026-08-19 16:00 ET,9.65,io 3d done,2.31,2.34,8.960000038146973,984.4,43.5,io robust:3d_size,4.42,107,BUY,io_core,MARA
3795.74,99220.15,4800.15,2026-08-14,2026-08-14 16:00 ET,0.8970000147819519,2026-08-19,2026-08-19 16:00 ET,0.876,io 3d done,13.23,13.19,0.8579999804496765,991.19,-49.62,io robust:3d_size,-5.01,1105,BUY,io_core,LDI
2796.93,100095.3,3795.74,2026-08-14,2026-08-14 16:00 ET,1.5700000524520874,2026-08-19,2026-08-19 16:00 ET,1.4,io 3d done,8.14,8.25,1.4500000476837158,990.67,-123.66,io robust:3d_size,-12.48,631,BUY,io_core,BTBT
1806.16,101031.23,2796.93,2026-08-14,2026-08-14 16:00 ET,13.729999542236328,2026-08-19,2026-08-19 16:00 ET,13.03,io 3d done,2.21,2.23,13.050000190734863,988.56,-54.84,io robust:3d_size,-5.55,72,BUY,io_core,BETR
1662.02,101176.79,1806.16,2026-08-17,2026-08-17 16:00 ET,47.56999969482422,2026-08-20,2026-08-20 09:30 ET,49.02,flatten .io → mover (open),1.44,1.5,48.18999862670898,142.71,1.41,io robust:3d_size,0.99,3,BUY,io_core,DVN
1514.4,101327.87,1662.02,2026-08-17,2026-08-17 16:00 ET,146.14999389648438,2026-08-20,2026-08-20 09:30 ET,152.63,flatten .io → mover (open),1.46,1.55,149.47999572753906,146.15,3.47,io robust:3d_size,2.37,1,BUY,io_core,EOG
1335.3,101510.11,1514.4,2026-08-17,2026-08-17 16:00 ET,3.7699999809265137,2026-08-20,2026-08-20 09:30 ET,3.92,flatten .io → mover (open),1.91,2.0,3.9700000286102295,177.19,3.14,io robust:3d_size,1.77,47,BUY,io_core,TMC
1158.08,101675.36,1335.3,2026-08-17,2026-08-17 16:00 ET,8.770000457763672,2026-08-20,2026-08-20 09:30 ET,8.35,flatten .io → mover (open),1.81,1.75,8.470000267028809,175.4,-11.96,io robust:3d_size,-6.82,20,BUY,io_core,TGB
1063.49,101772.5,1158.08,2026-08-17,2026-08-17 16:00 ET,93.66000366210938,2026-08-20,2026-08-20 09:30 ET,98.15,flatten .io → mover (open),0.94,1.0,99.6500015258789,93.66,2.55,io robust:3d_size,2.72,1,BUY,io_core,ELF
882.89,101949.72,1063.49,2026-08-17,2026-08-17 16:00 ET,3.190000057220459,2026-08-20,2026-08-20 09:30 ET,3.2,flatten .io → mover (open),1.95,1.98,3.220000028610229,178.64,-3.37,io robust:3d_size,-1.89,56,BUY,io_core,DNN
702.39,102136.56,882.89,2026-08-17,2026-08-17 16:00 ET,4.699999809265137,2026-08-20,2026-08-20 09:30 ET,4.97,flatten .io → mover (open),1.9,2.02,5.019999980926514,178.6,6.34,io robust:3d_size,3.55,38,BUY,io_core,HNST
522.53,102299.07,702.39,2026-08-17,2026-08-17 16:00 ET,4.809999942779541,2026-08-20,2026-08-20 09:30 ET,4.44,flatten .io → mover (open),1.89,1.77,4.460000038146973,177.97,-17.35,io robust:3d_size,-9.75,37,BUY,io_core,NB
92079.3,10926.07,102299.07,2026-08-20,2026-08-20 09:30 ET,20.55,2026-08-21,2026-08-21 09:30 ET,21.91,rotate mover (open),6.41,6.58,21.190000534057617,10213.35,662.93,mover BUY cond=+7,6.49,497,BUY,mover_long,AG
81883.86,21642.04,92079.3,2026-08-20,2026-08-20 09:30 ET,91.01,2026-08-21,2026-08-21 09:30 ET,95.7,rotate mover (open),2.33,2.43,91.6303482055664,10193.12,520.52,mover BUY cond=+7,5.11,112,BUY,mover_long,BHP
71655.72,32401.74,81883.86,2026-08-20,2026-08-20 09:30 ET,20.65,2026-08-21,2026-08-21 09:30 ET,21.75,rotate mover (open),6.39,6.55,21.11000061035156,10221.75,531.56,mover BUY cond=+7,5.2,495,BUY,mover_long,CDE
61408.42,42337.15,71655.72,2026-08-20,2026-08-20 09:30 ET,5.77,2026-08-21,2026-08-21 09:30 ET,5.62,rotate mover (open),22.86,23.23,5.570000171661377,10224.44,-311.89,mover BUY cond=+7,-3.05,1772,BUY,mover_long,HDSN
51174.47,53359.82,61408.42,2026-08-20,2026-08-20 09:30 ET,19.63,2026-08-21,2026-08-21 09:30 ET,21.17,rotate mover (open),6.72,6.9,20.5,10227.23,788.72,mover BUY cond=+7,7.71,521,BUY,mover_long,IAG
40947.67,64436.62,51174.47,2026-08-20,2026-08-20 09:30 ET,29.63,2026-08-21,2026-08-21 09:30 ET,32.12,rotate mover (open),4.45,4.6,31.43000030517578,10222.35,850.0,mover BUY cond=+7,8.32,345,BUY,mover_long,KGC
30643.52,74822.72,40947.67,2026-08-20,2026-08-20 09:30 ET,1.75,2026-08-21,2026-08-21 09:30 ET,1.79,rotate mover (open),75.4,76.45,1.75,10228.75,81.95,mover BUY cond=+7,0.8,5845,BUY,mover_long,NFGC
20523.52,85645.92,30643.52,2026-08-20,2026-08-20 09:30 ET,144.54,2026-08-21,2026-08-21 09:30 ET,154.65,rotate mover (open),2.2,2.3,150.25,10117.8,703.2,mover BUY cond=+7,6.95,70,BUY,mover_long,WPM
10268.02,96429.47,20523.52,2026-08-20,2026-08-20 09:30 ET,4.92,2026-08-21,2026-08-21 09:30 ET,5.2,rotate mover (open),26.82,27.25,4.769999980926514,10228.68,528.05,mover BUY cond=+6,5.16,2079,BUY,mover_long,ABUS
43.38,107228.73,10268.02,2026-08-20,2026-08-20 09:30 ET,204.45,2026-08-21,2026-08-21 09:30 ET,216.03,rotate mover (open),2.14,2.24,211.57020568847656,10222.5,574.62,mover BUY cond=+6,5.62,50,BUY,mover_long,AEM
96597.21,10744.25,107228.73,2026-08-21,2026-08-21 09:30 ET,119.43,2026-08-24,2026-08-24 16:00 ET,120.47,mover 1d done,2.26,2.36,121.22000122070312,10629.27,87.94,mover BUY cond=+9,0.83,89,BUY,mover_long,AU
85873.57,21059.14,96597.21,2026-08-21,2026-08-21 09:30 ET,17.2,2026-08-24,2026-08-24 16:00 ET,16.57,mover 1d done,8.04,8.22,16.649999618530273,10715.6,-408.75,mover BUY cond=+8,-3.81,623,BUY,mover_long,AUPH
75272.73,31709.86,85873.57,2026-08-21,2026-08-21 09:30 ET,216.3,2026-08-24,2026-08-24 16:00 ET,217.4073,mover 1d done,2.14,2.23,215.581298828125,10598.7,49.88,mover BUY cond=+7,0.47,49,BUY,mover_long,AEM
64542.12,45506.59,75272.73,2026-08-21,2026-08-21 09:30 ET,11.13,2026-08-24,2026-08-24 16:00 ET,14.34,mover 1d done,12.42,12.69,13.449999809265137,10718.19,3066.12,mover BUY cond=+7,28.61,963,BUY,mover_long,ARCT
53763.85,55607.73,64542.12,2026-08-21,2026-08-21 09:30 ET,2.47,2026-08-24,2026-08-24 16:00 ET,2.34,mover 1d done,56.0,56.8,2.4100000858306885,10722.27,-677.13,mover BUY cond=+7,-6.32,4341,BUY,mover_long,AUTL
42971.04,65867.36,53763.85,2026-08-21,2026-08-21 09:30 ET,1.93,2026-08-24,2026-08-24 16:00 ET,1.86,mover 1d done,71.66,72.66,1.8600000143051147,10721.15,-533.17,mover BUY cond=+7,-4.97,5555,BUY,mover_long,CRDL
32278.63,76081.15,42971.04,2026-08-21,2026-08-21 09:30 ET,59.72,2026-08-24,2026-08-24 16:00 ET,57.075,mover 1d done,2.53,2.64,59.5,10689.88,-478.62,mover BUY cond=+7,-4.48,179,BUY,mover_long,CRSP
21451.49,89621.55,32278.63,2026-08-21,2026-08-21 09:30 ET,1.32,2026-08-24,2026-08-24 16:00 ET,1.68,mover 1d done,104.79,106.24,1.4199999570846558,10722.36,2713.25,mover BUY cond=+7,25.3,8123,BUY,mover_long,CYPH
10737.48,100389.5,21451.49,2026-08-21,2026-08-21 09:30 ET,115.18,2026-08-24,2026-08-24 16:00 ET,115.81,mover 1d done,2.27,2.37,123.63999938964844,10711.74,53.95,mover BUY cond=+7,0.5,93,BUY,mover_long,FUTU
24.78,110984.65,10737.48,2026-08-21,2026-08-21 09:30 ET,33.36,2026-08-24,2026-08-24 16:00 ET,33.02,mover 1d done,4.14,4.28,33.45000076293945,10708.56,-117.56,mover BUY cond=+7,-1.1,321,BUY,mover_long,GMAB
94350.86,17296.04,110984.65,2026-08-25,2026-08-25 16:00 ET,24.270000457763672,2026-08-28,2026-08-28 16:00 ET,23.6,io 3d done,8.84,9.08,23.76000022888184,16624.95,-476.87,io robust:3d_size,-2.87,685,BUY,io_core,MOS
77684.72,33126.72,94350.86,2026-08-25,2026-08-25 16:00 ET,10.880000114440918,2026-08-28,2026-08-28 16:00 ET,10.36,io 3d done,19.74,20.12,10.81999969482422,16646.4,-835.46,io robust:3d_size,-5.02,1530,BUY,io_core,OCUL
61070.17,49834.71,77684.72,2026-08-25,2026-08-25 16:00 ET,61.06999969482422,2026-08-28,2026-08-28 16:00 ET,61.44,io 3d done,3.51,3.69,60.81999969482422,16611.04,93.44,io robust:3d_size,0.56,272,BUY,io_core,INSP
44404.45,65944.38,61070.17,2026-08-25,2026-08-25 16:00 ET,8.5600004196167,2026-08-28,2026-08-28 16:00 ET,8.3,io 3d done,25.08,25.53,8.3100004196167,16640.64,-556.05,io robust:3d_size,-3.34,1944,BUY,io_core,CRMD
27718.38,81248.49,44404.45,2026-08-25,2026-08-25 16:00 ET,5.010000228881836,2026-08-28,2026-08-28 16:00 ET,4.62,io 3d done,42.85,43.53,4.980000019073486,16643.22,-1381.96,io robust:3d_size,-8.3,3322,BUY,io_core,RZLT
11423.4,97123.41,27718.38,2026-08-25,2026-08-25 16:00 ET,428.760009765625,2026-08-28,2026-08-28 16:00 ET,417.82,io 3d done,2.1,2.24,419.3399963378906,16292.88,-420.06,io robust:3d_size,-2.58,38,BUY,io_core,HCA
8006.68,13159.37,11423.4,2026-08-27,2026-08-27 16:00 ET,41.63999938964844,2026-09-01,2026-09-01 16:00 ET,42.4,io 3d done,2.24,2.28,41.31999969482422,3414.48,57.8,io robust:3d_size,1.69,82,BUY,io_core,RRC
4582.58,16904.96,8006.68,2026-08-27,2026-08-27 16:00 ET,14.619999885559082,2026-09-01,2026-09-01 16:00 ET,16.02,io 3d done,3.02,3.09,14.43000030517578,3421.08,321.49,io robust:3d_size,9.4,234,BUY,io_core,CRK
1139.12,20119.99,4582.58,2026-08-27,2026-08-27 16:00 ET,2.640000104904175,2026-09-01,2026-09-01 16:00 ET,2.49,io 3d done,16.74,16.99,2.6700000762939453,3426.72,-228.43,io robust:3d_size,-6.67,1298,BUY,io_core,SLI
9684.84,115534.19,97123.41,2026-08-28,2026-08-28 16:00 ET,23.600000381469727,2026-09-02,2026-09-02 16:00 ET,25.78,io 3d done,47.77,49.15,24.780000686645508,87390.8,7975.62,io robust:3d_size,9.13,3703,BUY,io_core,MOS
94754.92,32246.93,115534.19,2026-09-03,2026-09-03 16:00 ET,52.459999084472656,2026-09-08,2026-09-08 16:00 ET,52.37,io 3d done,5.11,5.34,51.52000045776367,20774.16,-46.09,io robust:3d_size,-0.22,396,BUY,io_core,ATRC
73985.96,54029.55,94754.92,2026-09-03,2026-09-03 16:00 ET,41.86000061035156,2026-09-08,2026-09-08 16:00 ET,43.93,io 3d done,6.4,6.66,42.25,20762.56,1013.66,io robust:3d_size,4.88,496,BUY,io_core,HRMY
53115.88,74302.17,73985.96,2026-09-03,2026-09-03 16:00 ET,3.4800000190734863,2026-09-08,2026-09-08 16:00 ET,3.406,io 3d done,77.08,78.23,3.470000028610229,20793.0,-597.46,io robust:3d_size,-2.87,5975,BUY,io_core,CABA
32286.39,94894.45,53115.88,2026-09-03,2026-09-03 16:00 ET,7.980000019073486,2026-09-08,2026-09-08 16:00 ET,7.915,io 3d done,33.62,34.22,8.199999809265137,20795.88,-237.23,io robust:3d_size,-1.14,2606,BUY,io_core,VSTM
11513.75,115409.94,32286.39,2026-09-03,2026-09-03 16:00 ET,130.6300048828125,2026-09-08,2026-09-08 16:00 ET,129.045,io 3d done,2.47,2.66,130.22000122070312,20770.17,-257.14,io robust:3d_size,-1.24,159,BUY,io_core,RVTY
