entry_dt,ticker,side,shares,entry_px,exit_dt,exit_px,notional,fee_in,fee_out,pnl,ret_pct,conviction,cond_tally,reason,source
2026-08-17 09:30 ET,SMJF,BUY,990,10.1,2026-08-18 16:00 ET,10.88,9999.0,12.77,13.02,746.41,7.46,1.738,mover,mover,mover
2026-08-20 09:30 ET,AG,BUY,490,20.55,2026-08-21 16:00 ET,21.09,10069.5,6.32,6.49,251.8,2.5,4.163,mover,mover,mover
2026-08-20 09:30 ET,BHP,BUY,111,91.01,2026-08-21 16:00 ET,97.03,10102.11,2.32,2.43,663.47,6.57,4.163,mover,mover,mover
2026-08-20 09:30 ET,CDE,BUY,490,20.65,2026-08-21 16:00 ET,20.97,10118.5,6.32,6.48,144.0,1.42,4.163,mover,mover,mover
2026-08-20 09:30 ET,HDSN,BUY,1760,5.77,2026-08-21 16:00 ET,5.63,10155.2,22.7,23.08,-292.18,-2.88,4.163,mover,mover,mover
2026-08-20 09:30 ET,IAG,BUY,515,19.63,2026-08-21 16:00 ET,21.14,10109.45,6.64,6.82,764.19,7.56,4.163,mover,mover,mover
2026-08-20 09:30 ET,KGC,BUY,342,29.63,2026-08-21 16:00 ET,32.76,10133.46,4.41,4.56,1061.49,10.48,4.163,mover,mover,mover
2026-08-20 09:30 ET,NFGC,BUY,5842,1.75,2026-08-21 16:00 ET,1.84,10223.5,75.36,76.42,374.0,3.66,4.163,mover,mover,mover
2026-08-20 09:30 ET,WPM,BUY,70,144.54,2026-08-21 16:00 ET,157.78,10117.8,2.2,2.3,922.3,9.12,4.163,mover,mover,mover
2026-08-20 09:30 ET,ABUS,BUY,2084,4.92,2026-08-21 16:00 ET,5.21,10253.28,26.88,27.32,550.16,5.37,3.963,mover,mover,mover
2026-08-25 09:30 ET,AU,BUY,88,118.52,2026-08-26 16:00 ET,118.11,10429.76,2.25,2.35,-40.68,-0.39,4.163,mover,mover,mover
2026-08-25 09:30 ET,ERO,BUY,277,38.01,2026-08-26 16:00 ET,39.24,10528.77,3.57,3.71,333.43,3.17,4.163,mover,mover,mover
2026-08-25 09:30 ET,FCX,BUY,137,77.13,2026-08-26 16:00 ET,79.0,10566.81,2.4,2.51,251.28,2.38,4.163,mover,mover,mover
2026-08-25 09:30 ET,CNH,BUY,896,11.9,2026-08-26 16:00 ET,11.62,10662.4,11.56,11.79,-274.23,-2.57,3.963,mover,mover,mover
2026-08-25 09:30 ET,HMY,BUY,474,22.41,2026-08-26 16:00 ET,22.43,10622.34,6.11,6.28,-2.91,-0.03,3.963,mover,mover,mover
2026-08-25 09:30 ET,RHI,BUY,243,43.76,2026-08-26 16:00 ET,44.54,10633.68,3.13,3.26,183.15,1.72,3.963,mover,mover,mover
2026-08-25 09:30 ET,SUZ,BUY,1189,8.98,2026-08-26 16:00 ET,8.94,10677.22,15.34,15.62,-78.52,-0.74,3.963,mover,mover,mover
2026-08-25 09:30 ET,VALE,BUY,712,15.01,2026-08-26 16:00 ET,15.16,10687.12,9.18,9.39,88.23,0.83,3.963,mover,mover,mover
2026-08-25 09:30 ET,WPM,BUY,68,156.51,2026-08-26 16:00 ET,156.02,10642.68,2.19,2.29,-37.8,-0.36,3.963,mover,mover,mover
2026-08-27 09:30 ET,ACMR,BUY,129,81.65,2026-08-28 16:00 ET,74.42,10532.85,2.38,2.48,-937.53,-8.9,3.159,mover,mover,mover
2026-08-27 09:30 ET,GGB,BUY,2307,4.57,2026-08-28 16:00 ET,4.59,10542.99,29.76,30.23,-13.85,-0.13,3.159,mover,mover,mover
2026-08-27 09:30 ET,MT,BUY,141,74.54,2026-08-28 16:00 ET,74.39,10510.14,2.41,2.52,-26.08,-0.25,3.159,mover,mover,mover
2026-08-27 09:30 ET,MU,BUY,10,967.01,2026-08-28 16:00 ET,932.86,9670.1,2.02,2.1,-345.62,-3.57,3.159,mover,mover,mover
2026-08-27 09:30 ET,TX,BUY,190,55.25,2026-08-28 16:00 ET,54.84,10497.5,2.56,2.67,-83.13,-0.79,3.159,mover,mover,mover
2026-08-27 09:30 ET,ANET,BUY,51,205.9,2026-08-28 16:00 ET,195.38,10500.9,2.14,2.23,-540.89,-5.15,2.959,mover,mover,mover
2026-08-27 09:30 ET,ASML,BUY,6,1746.53,2026-08-28 16:00 ET,1696.16,10479.18,2.01,2.1,-306.33,-2.92,2.959,mover,mover,mover
2026-08-27 09:30 ET,DLO,BUY,686,15.33,2026-08-28 16:00 ET,15.03,10516.38,8.85,9.05,-223.7,-2.13,2.959,mover,mover,mover
2026-08-27 09:30 ET,GEN,BUY,352,29.83,2026-08-28 16:00 ET,31.02,10500.16,4.54,4.69,409.65,3.9,2.959,mover,mover,mover
2026-08-27 09:30 ET,LRCX,BUY,33,318.88,2026-08-28 16:00 ET,301.9,10523.04,2.09,2.18,-564.61,-5.37,2.959,mover,mover,mover
2026-09-04 09:30 ET,CABA,BUY,2976,3.46,2026-09-08 16:00 ET,3.27,10296.96,38.39,38.96,-642.79,-6.24,5.263,mover,mover,mover
2026-09-04 09:30 ET,ALEC,BUY,4085,2.52,2026-09-08 16:00 ET,2.47,10294.2,52.7,53.46,-310.41,-3.02,5.063,mover,mover,mover
2026-09-04 09:30 ET,ATRC,BUY,197,52.03,2026-09-08 16:00 ET,53.73,10249.91,2.58,2.7,329.62,3.22,4.059,mover,mover,mover
2026-09-04 09:30 ET,BHC,BUY,1528,6.71,2026-09-08 16:00 ET,6.43,10252.88,19.71,20.04,-467.59,-4.56,5.063,mover,mover,mover
2026-09-04 09:30 ET,BMEA,BUY,5385,1.9,2026-09-08 16:00 ET,1.93,10231.5,69.47,70.44,21.64,0.21,5.063,mover,mover,mover
2026-09-04 09:30 ET,CRM,BUY,39,263.36,2026-09-08 16:00 ET,249.12,10271.04,2.11,2.19,-559.66,-5.45,4.059,mover,mover,mover
2026-09-04 09:30 ET,HRMY,BUY,247,41.5,2026-09-08 16:00 ET,42.07,10250.5,3.19,3.31,134.29,1.31,4.059,mover,mover,mover
2026-09-04 09:30 ET,OABI,BUY,2154,4.78,2026-09-08 16:00 ET,4.24,10296.12,27.79,28.22,-1219.17,-11.84,5.063,mover,mover,mover
2026-09-04 09:30 ET,OPK,BUY,6413,1.59,2026-09-08 16:00 ET,1.59,10196.67,82.73,83.87,-166.6,-1.63,5.063,mover,mover,mover
2026-09-04 09:30 ET,RVTY,BUY,78,130.03,2026-09-08 16:00 ET,127.08,10142.34,2.22,2.32,-234.64,-2.31,2.3,mover,mover,mover
2026-09-16 09:30 ET,ATRC,BUY,179,55.66,2026-09-17 16:00 ET,59.12,9963.14,2.53,2.64,614.17,6.16,4.863,mover,mover,mover
2026-09-16 09:30 ET,CLOV,BUY,2116,4.73,2026-09-17 16:00 ET,4.54,10008.68,27.3,27.72,-457.06,-4.57,4.863,mover,mover,mover
2026-09-16 09:30 ET,WAY,BUY,379,26.27,2026-09-17 16:00 ET,26.51,9956.33,4.89,5.03,81.04,0.81,4.863,mover,mover,mover
2026-09-16 09:30 ET,AVAH,BUY,697,14.31,2026-09-17 16:00 ET,13.97,9974.07,8.99,9.18,-255.15,-2.56,4.159,mover,mover,mover
2026-09-16 09:30 ET,BWIN,BUY,309,32.25,2026-09-17 16:00 ET,31.95,9965.25,3.99,4.12,-100.81,-1.01,4.663,mover,mover,mover
2026-09-16 09:30 ET,ECO,BUY,120,82.49,2026-09-17 16:00 ET,86.3,9898.8,2.35,2.45,452.4,4.57,4.413,mover,mover,mover
2026-09-16 09:30 ET,ILMN,BUY,44,224.49,2026-09-17 16:00 ET,245.18,9877.56,2.12,2.22,906.02,9.17,4.663,mover,mover,mover
2026-09-16 09:30 ET,NYT,BUY,140,71.39,2026-09-17 16:00 ET,69.94,9994.6,2.41,2.51,-207.92,-2.08,4.663,mover,mover,mover
2026-09-16 09:30 ET,RDNT,BUY,130,77.12,2026-09-17 16:00 ET,77.78,10025.6,2.38,2.48,80.94,0.81,4.663,mover,mover,mover
2026-09-16 09:30 ET,RVTY,BUY,71,140.88,2026-09-17 16:00 ET,146.73,10002.48,2.2,2.3,410.85,4.11,4.663,mover,mover,mover
2026-09-18 09:30 ET,ASAN,BUY,1004,10.09,2026-09-21 16:00 ET,9.54,10130.36,12.95,13.19,-578.34,-5.71,5.263,mover,mover,mover
2026-09-18 09:30 ET,CRWD,BUY,40,246.98,2026-09-21 16:00 ET,249.35,9879.2,2.11,2.2,90.49,0.92,4.259,mover,mover,mover
2026-09-18 09:30 ET,FIVN,BUY,291,34.44,2026-09-21 16:00 ET,37.01,10022.04,3.75,3.89,740.23,7.39,4.059,mover,mover,mover
2026-09-18 09:30 ET,PUBM,BUY,570,17.51,2026-09-21 16:00 ET,17.88,9980.7,7.35,7.53,196.02,1.96,5.063,mover,mover,mover
2026-09-18 09:30 ET,S,BUY,431,23.13,2026-09-21 16:00 ET,23.8,9969.03,5.56,5.71,277.5,2.78,5.063,mover,mover,mover
2026-09-18 09:30 ET,SABR,BUY,4348,2.29,2026-09-21 16:00 ET,2.33,9956.92,56.09,56.89,60.94,0.61,5.063,mover,mover,mover
2026-09-18 09:30 ET,SONO,BUY,633,15.68,2026-09-21 16:00 ET,16.36,9925.44,8.17,8.35,413.92,4.17,4.059,mover,mover,mover
2026-09-18 09:30 ET,APPN,BUY,262,37.88,2026-09-21 16:00 ET,38.62,9924.56,3.38,3.5,187.0,1.88,3.859,mover,mover,mover
2026-09-18 09:30 ET,ATEN,BUY,364,27.24,2026-09-21 16:00 ET,26.94,9915.36,4.7,4.83,-118.73,-1.2,2.1,mover,mover,mover
2026-09-18 09:30 ET,ATRC,BUY,168,58.51,2026-09-21 16:00 ET,58.32,9829.68,2.49,2.6,-37.01,-0.38,4.863,mover,mover,mover
2026-09-23 09:30 ET,A,BUY,61,166.54,2026-09-24 16:00 ET,172.84,10158.94,2.17,2.27,379.86,3.74,4.663,mover,mover,mover
2026-09-23 09:30 ET,AZTA,BUY,300,34.15,2026-09-24 16:00 ET,34.2,10245.0,3.87,4.0,7.13,0.07,4.663,mover,mover,mover
2026-09-23 09:30 ET,BFLY,BUY,1035,9.9,2026-09-24 16:00 ET,9.41,10246.5,13.35,13.6,-534.1,-5.21,4.663,mover,mover,mover
2026-09-23 09:30 ET,CECO,BUY,139,73.13,2026-09-24 16:00 ET,72.86,10165.07,2.41,2.51,-42.45,-0.42,3.409,mover,mover,mover
2026-09-23 09:30 ET,CTOS,BUY,1068,9.55,2026-09-24 16:00 ET,9.23,10199.4,13.78,14.03,-369.57,-3.62,3.409,mover,mover,mover
2026-09-23 09:30 ET,CYPH,BUY,2669,3.82,2026-09-24 16:00 ET,4.08,10195.58,34.43,34.96,624.55,6.13,4.663,mover,mover,mover
2026-09-23 09:30 ET,DXCM,BUY,113,89.5,2026-09-24 16:00 ET,87.47,10113.5,2.33,2.43,-234.15,-2.32,4.663,mover,mover,mover
2026-09-23 09:30 ET,HALO,BUY,86,116.85,2026-09-24 16:00 ET,115.22,10049.1,2.25,2.34,-144.77,-1.44,4.663,mover,mover,mover
2026-09-23 09:30 ET,HRI,BUY,70,142.26,2026-09-24 16:00 ET,130.94,9958.2,2.2,2.28,-796.88,-8.0,3.409,mover,mover,mover
2026-09-23 09:30 ET,IRWD,BUY,2232,4.5,2026-09-24 16:00 ET,4.19,10044.0,28.79,29.24,-749.95,-7.47,4.663,mover,mover,mover
2026-09-25 09:30 ET,AMGN,BUY,24,408.25,2026-09-28 16:00 ET,418.13,9798.0,2.06,2.15,232.91,2.38,3.859,mover,mover,mover
2026-09-25 09:30 ET,CRL,BUY,34,293.19,2026-09-28 16:00 ET,294.59,9968.46,2.09,2.18,43.33,0.43,4.863,mover,mover,mover
2026-09-25 09:30 ET,CYPH,BUY,2519,4.005,2026-09-28 16:00 ET,3.31,10088.59,32.5,32.98,-1816.18,-18.0,4.863,mover,mover,mover
2026-09-25 09:30 ET,FDMT,BUY,682,14.82,2026-09-28 16:00 ET,14.56,10107.24,8.8,8.99,-195.11,-1.93,4.863,mover,mover,mover
2026-09-25 09:30 ET,HALO,BUY,87,115.36,2026-09-28 16:00 ET,112.89,10036.32,2.25,2.34,-219.48,-2.19,4.863,mover,mover,mover
2026-09-25 09:30 ET,PRGO,BUY,680,14.81,2026-09-28 16:00 ET,15.1,10070.8,8.77,8.97,179.46,1.78,4.863,mover,mover,mover
2026-09-25 09:30 ET,SGMT,BUY,1110,9.11,2026-09-28 16:00 ET,9.94,10112.1,14.32,14.59,892.39,8.82,4.613,mover,mover,mover
2026-09-25 09:30 ET,SONO,BUY,565,17.9,2026-09-28 16:00 ET,17.97,10113.5,7.29,7.46,24.8,0.25,4.359,mover,mover,mover
2026-09-25 09:30 ET,VCYT,BUY,207,49.0,2026-09-28 16:00 ET,45.23,10143.0,2.67,2.78,-785.84,-7.75,4.863,mover,mover,mover
2026-09-25 09:30 ET,VKTX,BUY,266,37.8,2026-09-28 16:00 ET,33.03,10054.8,3.43,3.55,-1275.8,-12.69,4.863,mover,mover,mover
2026-09-29 09:30 ET,ZIM,BUY,341,28.63,2026-09-30 16:00 ET,29.32,9762.83,4.4,4.54,226.35,2.32,4.613,mover,mover,mover
2026-09-29 09:30 ET,ASC,BUY,543,18.0,2026-09-30 16:00 ET,18.66,9774.0,7.0,7.18,344.2,3.52,4.413,mover,mover,mover
2026-09-29 09:30 ET,FIVN,BUY,284,34.518,2026-09-30 16:00 ET,34.01,9803.11,3.66,3.79,-151.72,-1.55,2.4,mover,mover,mover
2026-09-29 09:30 ET,META,BUY,13,725.335,2026-09-30 16:00 ET,725.18,9429.35,2.03,2.11,-6.16,-0.07,3.659,mover,mover,mover
2026-09-29 09:30 ET,MQ,BUY,580,16.9,2026-09-30 16:00 ET,16.995,9802.0,7.48,7.66,39.96,0.41,2.4,mover,mover,mover
2026-09-29 09:30 ET,PRTH,BUY,1263,7.77,2026-09-30 16:00 ET,7.8,9813.51,16.29,16.58,5.02,0.05,5.163,mover,mover,mover
2026-09-29 09:30 ET,SAP,BUY,46,209.11,2026-09-30 16:00 ET,208.48,9619.06,2.13,2.21,-33.32,-0.35,2.2,mover,mover,mover
2026-09-29 09:30 ET,SNDR,BUY,310,31.61,2026-09-30 16:00 ET,31.85,9799.1,4.0,4.13,66.27,0.68,3.409,mover,mover,mover
2026-09-29 09:30 ET,SNOW,BUY,29,331.18,2026-09-30 16:00 ET,339.56,9604.22,2.08,2.17,238.77,2.49,3.409,mover,mover,mover
2026-09-29 09:30 ET,SONO,BUY,553,17.76,2026-09-30 16:00 ET,17.89,9821.28,7.13,7.3,57.46,0.59,2.4,mover,mover,mover
2026-10-02 09:30 ET,ADMA,BUY,984,10.02,2026-10-05 16:00 ET,10.11,9859.68,12.69,12.94,62.93,0.64,5.063,mover,mover,mover
2026-10-02 09:30 ET,AMRX,BUY,486,20.19,2026-10-05 16:00 ET,20.35,9812.34,6.27,6.43,65.06,0.66,5.063,mover,mover,mover
2026-10-02 09:30 ET,ATRC,BUY,187,52.38,2026-10-05 16:00 ET,56.37,9795.06,2.55,2.67,740.91,7.56,5.063,mover,mover,mover
2026-10-02 09:30 ET,AVPT,BUY,695,14.22,2026-10-05 16:00 ET,14.66,9882.9,8.97,9.16,287.67,2.91,5.563,mover,mover,mover
2026-10-02 09:30 ET,CDNA,BUY,148,66.33,2026-10-05 16:00 ET,69.85,9816.84,2.43,2.54,515.99,5.26,5.063,mover,mover,mover
2026-10-02 09:30 ET,CTKB,BUY,1687,5.86,2026-10-05 16:00 ET,6.09,9885.82,21.76,22.12,344.13,3.48,5.063,mover,mover,mover
2026-10-02 09:30 ET,ETON,BUY,188,52.42,2026-10-05 16:00 ET,55.62,9854.96,2.55,2.67,596.38,6.05,5.063,mover,mover,mover
2026-10-02 09:30 ET,LQDA,BUY,372,26.69,2026-10-05 16:00 ET,27.64,9928.68,4.8,4.94,343.66,3.46,5.063,mover,mover,mover
2026-10-02 09:30 ET,MQ,BUY,581,17.23,2026-10-05 16:00 ET,17.03,10010.63,7.49,7.67,-131.36,-1.31,5.563,mover,mover,mover
2026-08-13 16:00 ET,2w_size,BUY,0,0.0,2026-08-13 16:00 ET,0.0,100000.0,0.0,0.0,0.0,0.0,0,io,no live 2w_size print (gap),io
2026-08-14 16:00 ET,2w_size,BUY,0,0.0,2026-08-14 16:00 ET,0.0,100000.0,0.0,0.0,3166.97,3.17,0,io,"live 2w_size day mark (mover list empty, S>=0)",io
2026-08-18 16:00 ET,2w_size,BUY,0,0.0,2026-08-18 16:00 ET,0.0,103511.27,0.0,0.0,2040.33,1.97,0,io,live 2w_size day mark (already on),io
2026-08-19 16:00 ET,2w_size,BUY,0,0.0,2026-08-19 16:00 ET,0.0,105551.6,0.0,0.0,4306.12,4.08,0,io,live 2w_size day mark (already on),io
2026-08-24 16:00 ET,2w_size,BUY,0,0.0,2026-08-24 16:00 ET,0.0,114698.41,0.0,0.0,0.0,0.0,0,io,no live 2w_size print (gap),io
2026-08-28 16:00 ET,2w_size,BUY,0,0.0,2026-08-28 16:00 ET,0.0,114808.86,0.0,0.0,0.0,0.0,0,io,no live 2w_size print (gap),io
2026-08-31 16:00 ET,2w_size,BUY,0,0.0,2026-08-31 16:00 ET,0.0,114808.86,0.0,0.0,269.39,0.23,0,io,live 2w_size day mark (already on),io
2026-09-01 16:00 ET,2w_size,BUY,0,0.0,2026-09-01 16:00 ET,0.0,115078.25,0.0,0.0,1543.54,1.34,0,io,live 2w_size day mark (already on),io
2026-09-02 16:00 ET,2w_size,BUY,0,0.0,2026-09-02 16:00 ET,0.0,116621.79,0.0,0.0,2222.82,1.91,0,io,live 2w_size day mark (already on),io
2026-09-03 16:00 ET,2w_size,BUY,0,0.0,2026-09-03 16:00 ET,0.0,118844.61,0.0,0.0,2361.82,1.99,0,io,live 2w_size day mark (already on),io
2026-09-08 16:00 ET,2w_size,BUY,0,0.0,2026-09-08 16:00 ET,0.0,120317.19,0.0,0.0,-3617.7,-3.01,0,io,live 2w_size day mark (already on),io
2026-09-09 16:00 ET,2w_size,BUY,0,0.0,2026-09-09 16:00 ET,0.0,116699.49,0.0,0.0,-301.36,-0.26,0,io,live 2w_size day mark (already on),io
2026-09-10 16:00 ET,2w_size,BUY,0,0.0,2026-09-10 16:00 ET,0.0,116398.13,0.0,0.0,218.58,0.19,0,io,live 2w_size day mark (already on),io
2026-09-11 16:00 ET,2w_size,BUY,0,0.0,2026-09-11 16:00 ET,0.0,116616.71,0.0,0.0,254.15,0.22,0,io,live 2w_size day mark (already on),io
2026-09-14 16:00 ET,2w_size,BUY,0,0.0,2026-09-14 16:00 ET,0.0,116870.86,0.0,0.0,-3632.62,-3.11,0,io,live 2w_size day mark (already on),io
2026-09-15 16:00 ET,2w_size,BUY,0,0.0,2026-09-15 16:00 ET,0.0,113238.24,0.0,0.0,261.24,0.23,0,io,live 2w_size day mark (already on),io
2026-09-22 16:00 ET,2w_size,BUY,0,0.0,2026-09-22 16:00 ET,0.0,116632.43,0.0,0.0,586.55,0.5,0,io,live 2w_size day mark (already on),io
2026-09-24 16:00 ET,2w_size,BUY,0,0.0,2026-09-24 16:00 ET,0.0,114121.19,0.0,0.0,619.67,0.54,0,io,live 2w_size day mark (already on),io
2026-09-28 16:00 ET,2w_size,BUY,0,0.0,2026-09-28 16:00 ET,0.0,114012.22,0.0,0.0,-1817.08,-1.59,0,io,live 2w_size day mark (already on),io
2026-10-01 16:00 ET,2w_size,BUY,0,0.0,2026-10-01 16:00 ET,0.0,113097.45,0.0,0.0,-1085.29,-0.96,0,io,live 2w_size day mark (already on),io
2026-10-05 16:00 ET,2w_size,BUY,0,0.0,2026-10-05 16:00 ET,0.0,113286.33,0.0,0.0,1418.83,1.25,0,io,live 2w_size day mark (already on),io
