Ticker,asof_date,score,score_mode,n_good,n_bad,pair_day_a,pair_day_b,rsi,price,profitable,body_rg_2day,vol_rg_2day,setup_flag,setup_val,form4_val,form4_flag,export_prior,export_used,max_profit_2m,max_loss_2m,fwd_bars,fwd_last_date,fwd_window,flag_A01_rsi_value,flag_A02_rsi_cross_30,flag_A03_rsi_cross_50,flag_A04_rsi_cross_70,flag_A05_body_red_green_2day,flag_A06_volume_red_green_2day,flag_A07_rvol,flag_A08_bollinger_position,flag_A09_above_sma50,flag_A10_sma20_50_80_stack,flag_A11_three_section_lows,flag_A12_green_body_vs_wick_2day,flag_A13_red_body_vs_wick_2day,flag_A15_tape_recovery_setup,flag_B01_eps_surprise,flag_B02_revenue_surprise,flag_B03_sales,flag_B04_income,flag_B05_profit_margin,flag_B06_profitable,flag_B07_target_price,flag_B08_target_price_delta,flag_B09_analyst_recom,flag_B10_insider_transactions,flag_B11_insider_tx_delta,flag_B12_institutional_transactions,flag_B13_short_float,flag_B14_earnings_date,flag_B17_eps_surprise_pair,flag_B18_rev_surprise_pair,flag_A14_profitable_oversold_setup,flag_B15_form4_insider
BBAI,2025-08-15,4,ohlc_only_no_export,4,0,2025-08-14,2025-08-15,47.36462011174326,6.139999866485596,False,99.0,99.0,0,SETUP_NO,month=2025-05 net=-644557.39 delta=77886610.06,1,,none,0.5293160500828136,-0.24267097777169955,42,2025-10-15,2025-08-18→2025-10-15 (42 sessions),0,0,0,0,1,1,0,0,0,0,0,1,0,0,0,0,0,0,0,0,0,0,0,0,0,0,0,0,0,0,0,1
BBAI,2025-08-18,6,ohlc_only_no_export,6,0,2025-08-15,2025-08-18,43.98442205555872,5.849999904632568,False,1.8499967813537865,1.156894825405448,0,SETUP_NO,month=2025-05 net=-644557.39 delta=77886610.06,1,,none,0.6051282899828574,-0.20512817586798016,42,2025-10-16,2025-08-19→2025-10-16 (42 sessions),0,0,0,0,1,1,0,0,0,0,0,1,1,1,0,0,0,0,0,0,0,0,0,0,0,0,0,0,0,0,0,1
BBAI,2025-08-19,-1,ohlc_only_no_export,2,3,2025-08-18,2025-08-19,40.250902893659955,5.5,False,0.0,0.0,0,SETUP_NO,month=2025-05 net=-644557.39 delta=77886610.06,1,,none,0.7072727896950461,-0.1545454372059215,42,2025-10-17,2025-08-20→2025-10-17 (42 sessions),0,0,0,0,-1,-1,0,1,0,0,0,0,-1,0,0,0,0,0,0,0,0,0,0,0,0,0,0,0,0,0,0,1
BBAI,2025-08-20,-3,ohlc_only_no_export,1,4,2025-08-19,2025-08-20,41.91953109167155,5.610000133514404,False,0.4857146360437219,0.9990628176626639,0,SETUP_NO,month=2025-05 net=-644557.39 delta=77886610.06,1,,none,0.6737968128069107,-0.17112299737960568,42,2025-10-20,2025-08-21→2025-10-20 (42 sessions),0,0,0,0,-1,-1,0,0,0,0,0,-1,-1,0,0,0,0,0,0,0,0,0,0,0,0,0,0,0,0,0,0,1
BBAI,2025-08-21,2,ohlc_only_no_export,3,1,2025-08-20,2025-08-21,40.480694762237384,5.480000019073486,False,99.0,3.755511588468061,0,SETUP_NO,month=2025-05 net=-644557.39 delta=77886610.06,1,,none,0.7135037063212162,-0.15145983956518017,42,2025-10-21,2025-08-22→2025-10-21 (42 sessions),0,0,0,0,1,1,0,0,0,0,0,-1,0,0,0,0,0,0,0,0,0,0,0,0,0,0,0,0,0,0,0,1
BBAI,2025-08-22,2,ohlc_only_no_export,3,1,2025-08-21,2025-08-22,40.81725331082225,5.5,False,99.0,3.3605235325224747,0,SETUP_NO,month=2025-05 net=-644557.39 delta=77886610.06,1,,none,0.7072727896950461,-0.1545454372059215,42,2025-10-22,2025-08-25→2025-10-22 (42 sessions),0,0,0,0,1,1,0,0,0,0,0,-1,0,0,0,0,0,0,0,0,0,0,0,0,0,0,0,0,0,0,0,1
BBAI,2025-08-25,-3,ohlc_only_no_export,1,4,2025-08-22,2025-08-25,38.474327718456124,5.300000190734863,False,0.1111111111111111,0.9992261615296143,0,SETUP_NO,month=2025-05 net=-644557.39 delta=77886610.06,1,,none,0.7716981142260673,-0.1226415230142297,42,2025-10-23,2025-08-26→2025-10-23 (42 sessions),0,0,0,0,-1,-1,0,0,0,0,0,-1,-1,0,0,0,0,0,0,0,0,0,0,0,0,0,0,0,0,0,0,1
BBAI,2025-08-26,-1,ohlc_only_no_export,2,3,2025-08-25,2025-08-26,39.41066757108815,5.349999904632568,False,0.2777764532288529,1.0236088275478776,0,SETUP_NO,month=2025-05 net=-644557.39 delta=77886610.06,1,,none,0.7551402823749485,-0.13084108817628326,42,2025-10-24,2025-08-27→2025-10-24 (42 sessions),0,0,0,0,-1,1,0,0,0,0,0,-1,-1,0,0,0,0,0,0,0,0,0,0,0,0,0,0,0,0,0,0,1
BBAI,2025-08-27,-1,ohlc_only_no_export,2,3,2025-08-26,2025-08-27,36.75979044269615,5.130000114440918,False,0.22727164355087967,1.1887878366809057,0,SETUP_NO,month=2025-05 net=-644557.39 delta=77886610.06,1,,none,0.830409382816574,-0.09356725309270253,42,2025-10-27,2025-08-28→2025-10-27 (42 sessions),0,0,0,0,-1,1,0,0,0,0,0,-1,-1,0,0,0,0,0,0,0,0,0,0,0,0,0,0,0,0,0,0,1
BBAI,2025-08-28,-2,ohlc_only_no_export,1,3,2025-08-27,2025-08-28,37.37834802198685,5.159999847412109,False,0.0,0.0,0,SETUP_NO,month=2025-05 net=-644557.39 delta=77886610.06,1,,none,0.819767562208769,-0.09883716417171162,42,2025-10-28,2025-08-29→2025-10-28 (42 sessions),0,0,0,0,-1,-1,0,0,0,0,0,0,-1,0,0,0,0,0,0,0,0,0,0,0,0,0,0,0,0,0,0,1
BBAI,2025-08-29,0,ohlc_only_no_export,2,2,2025-08-28,2025-08-29,36.233353005052194,5.070000171661377,False,0.0,0.0,0,SETUP_NO,month=2025-05 net=-644557.39 delta=77886610.06,1,,none,0.8520710109257779,-0.08284024892967934,42,2025-10-29,2025-09-02→2025-10-29 (42 sessions),0,0,0,0,-1,-1,0,0,0,0,0,0,1,0,0,0,0,0,0,0,0,0,0,0,0,0,0,0,0,0,0,1
BBAI,2025-09-02,1,ohlc_only_no_export,3,2,2025-08-29,2025-09-02,35.58124426046159,5.019999980926514,False,0.8750029802350809,1.1429601543899395,0,SETUP_NO,month=2025-08 net=-238993.1 delta=405564.29000000004,1,,none,0.8705180037848712,-0.0737051567659156,42,2025-10-30,2025-09-03→2025-10-30 (42 sessions),0,0,0,0,-1,1,0,0,0,0,0,-1,1,0,0,0,0,0,0,0,0,0,0,0,0,0,0,0,0,0,0,1
BBAI,2025-09-03,-2,ohlc_only_no_export,2,4,2025-09-02,2025-09-03,33.99970317470233,4.900000095367432,False,0.6666681804351479,1.418700854033224,0,SETUP_NO,month=2025-08 net=-238993.1 delta=405564.29000000004,1,,none,0.9163265633811453,-0.051020407170268345,42,2025-10-31,2025-09-04→2025-10-31 (42 sessions),0,0,0,0,-1,1,-1,0,0,0,0,-1,-1,0,0,0,0,0,0,0,0,0,0,0,0,0,0,0,0,0,0,1
BBAI,2025-09-04,-1,ohlc_only_no_export,2,3,2025-09-03,2025-09-04,34.780180305233316,4.929999828338623,False,0.1904759742235503,1.3330762120502004,0,SETUP_NO,month=2025-08 net=-238993.1 delta=405564.29000000004,1,,none,0.9046654503611051,-0.056795079659373804,42,2025-11-03,2025-09-05→2025-11-03 (42 sessions),0,0,0,0,-1,1,0,0,0,0,0,-1,-1,0,0,0,0,0,0,0,0,0,0,0,0,0,0,0,0,0,0,1
BBAI,2025-09-05,0,ohlc_only_no_export,2,2,2025-09-04,2025-09-05,36.13571703285317,4.980000019073486,False,1.0,0.9063660383537878,0,SETUP_NO,month=2025-08 net=-238993.1 delta=405564.29000000004,1,,none,0.8855422303933513,-0.06626504466709826,42,2025-11-04,2025-09-08→2025-11-04 (42 sessions),0,0,0,0,0,-1,0,0,0,0,0,-1,1,0,0,0,0,0,0,0,0,0,0,0,0,0,0,0,0,0,0,1
BBAI,2025-09-08,-1,ohlc_only_no_export,2,3,2025-09-05,2025-09-08,34.439822521513506,4.869999885559082,False,0.0,0.0,0,SETUP_NO,month=2025-08 net=-238993.1 delta=405564.29000000004,1,,none,0.9281315326447426,-0.04517449596744583,42,2025-11-05,2025-09-09→2025-11-05 (42 sessions),0,0,0,0,-1,-1,-1,0,0,0,0,0,1,0,0,0,0,0,0,0,0,0,0,0,0,0,0,0,0,0,0,1
BBAI,2025-09-09,-2,ohlc_only_no_export,1,3,2025-09-08,2025-09-09,33.366667147772105,4.800000190734863,False,0.0,0.0,0,SETUP_NO,month=2025-08 net=-238993.1 delta=405564.29000000004,1,,none,0.956249993791183,-0.031250018626450715,42,2025-11-06,2025-09-10→2025-11-06 (42 sessions),0,0,0,0,-1,-1,0,0,0,0,0,0,-1,0,0,0,0,0,0,0,0,0,0,0,0,0,0,0,0,0,0,1
BBAI,2025-09-10,-1,ohlc_only_no_export,2,3,2025-09-09,2025-09-10,32.28332026947233,4.730000019073486,False,0.0,0.0,0,SETUP_NO,month=2025-08 net=-238993.1 delta=405564.29000000004,1,,none,0.9852009102448311,-0.00739954487758443,42,2025-11-07,2025-09-11→2025-11-07 (42 sessions),0,0,0,0,-1,-1,0,0,0,0,-1,0,1,0,0,0,0,0,0,0,0,0,0,0,0,0,0,0,0,0,0,1
BBAI,2025-09-11,-1,ohlc_only_no_export,2,3,2025-09-10,2025-09-11,36.7092846208194,4.869999885559082,False,1.0,1.24793338195964,0,SETUP_NO,month=2025-08 net=-238993.1 delta=405564.29000000004,1,,none,0.9281315326447426,0.020533861803384568,42,2025-11-10,2025-09-12→2025-11-10 (42 sessions),0,0,0,0,0,1,0,0,0,0,-1,-1,-1,0,0,0,0,0,0,0,0,0,0,0,0,0,0,0,0,0,0,1
BBAI,2025-09-12,1,ohlc_only_no_export,4,3,2025-09-11,2025-09-12,42.22802848350076,5.059999942779541,False,1.0769211018596634,0.5188924431070026,0,SETUP_NO,month=2025-08 net=-238993.1 delta=405564.29000000004,1,,none,0.8557313141321248,-0.007905130890387913,42,2025-11-11,2025-09-15→2025-11-11 (42 sessions),0,0,0,0,1,-1,1,0,0,0,-1,-1,1,0,0,0,0,0,0,0,0,0,0,0,0,0,0,0,0,0,0,1
BBAI,2025-09-15,0,ohlc_only_no_export,3,3,2025-09-12,2025-09-15,43.0721026724769,5.090000152587891,False,0.0,0.0,0,SETUP_NO,month=2025-08 net=-238993.1 delta=405564.29000000004,1,,none,0.8447937253103281,0.03929269219441012,42,2025-11-12,2025-09-16→2025-11-12 (42 sessions),0,0,0,0,-1,-1,1,0,0,0,-1,0,1,0,0,0,0,0,0,0,0,0,0,0,0,0,0,0,0,0,0,1
BBAI,2025-09-16,6,ohlc_only_no_export,8,2,2025-09-15,2025-09-16,60.62540407394983,5.940000057220459,False,6.666689625575518,2.315587109871253,0,SETUP_NO,month=2025-08 net=-238993.1 delta=405564.29000000004,1,,none,0.5808081233784828,-0.1094276244286082,42,2025-11-13,2025-09-17→2025-11-13 (42 sessions),0,0,1,0,1,1,1,-1,0,0,-1,1,1,1,0,0,0,0,0,0,0,0,0,0,0,0,0,0,0,0,0,1
BBAI,2025-09-17,3,ohlc_only_no_export,5,2,2025-09-16,2025-09-17,61.81867761756189,6.019999980926514,False,99.0,99.0,0,SETUP_NO,month=2025-08 net=-238993.1 delta=405564.29000000004,1,,none,0.5598007264241847,-0.12126246202431634,42,2025-11-14,2025-09-18→2025-11-14 (42 sessions),0,0,0,0,1,1,1,-1,0,0,-1,1,0,0,0,0,0,0,0,0,0,0,0,0,0,0,0,0,0,0,0,1
BBAI,2025-09-18,1,ohlc_only_no_export,4,3,2025-09-17,2025-09-18,65.4801948192391,6.28000020980835,False,99.0,99.0,0,SETUP_NO,month=2025-08 net=-238993.1 delta=405564.29000000004,1,,none,0.49522293465167166,-0.15764334631854016,42,2025-11-17,2025-09-19→2025-11-17 (42 sessions),0,0,0,0,1,1,1,-1,0,0,-1,-1,0,0,0,0,0,0,0,0,0,0,0,0,0,0,0,0,0,0,0,1
BBAI,2025-09-19,-1,ohlc_only_no_export,4,5,2025-09-18,2025-09-19,71.85296602225011,6.849999904632568,False,99.0,99.0,0,SETUP_NO,month=2025-08 net=-238993.1 delta=405564.29000000004,1,,none,0.37080298891280505,-0.2277372210946358,42,2025-11-18,2025-09-22→2025-11-18 (42 sessions),-1,0,0,-1,1,1,1,-1,0,0,-1,-1,0,0,0,0,0,0,0,0,0,0,0,0,0,0,0,0,0,0,0,1
BBAI,2025-09-22,3,ohlc_only_no_export,6,3,2025-09-19,2025-09-22,73.9433073773453,7.079999923706055,False,99.0,99.0,0,SETUP_NO,month=2025-08 net=-238993.1 delta=405564.29000000004,1,,none,0.32627124922446615,-0.25282485609350747,42,2025-11-19,2025-09-23→2025-11-19 (42 sessions),-1,0,0,0,1,1,1,-1,1,0,-1,1,0,0,0,0,0,0,0,0,0,0,0,0,0,0,0,0,0,0,0,1
BBAI,2025-09-23,1,ohlc_only_no_export,5,4,2025-09-22,2025-09-23,80.20660443592726,7.989999771118164,False,99.0,99.0,0,SETUP_NO,month=2025-08 net=-238993.1 delta=405564.29000000004,1,,none,0.17521910041415012,-0.3379223888121944,42,2025-11-20,2025-09-24→2025-11-20 (42 sessions),-1,0,0,0,1,1,1,-1,1,0,-1,-1,0,0,0,0,0,0,0,0,0,0,0,0,0,0,0,0,0,0,0,1
BBAI,2025-09-24,0,ohlc_only_no_export,5,5,2025-09-23,2025-09-24,72.01261765352281,7.590000152587891,False,1.3777781074431132,1.7478354306204165,0,SETUP_NO,month=2025-08 net=-238993.1 delta=405564.29000000004,1,,none,0.2371541705596849,-0.33728588818363625,42,2025-11-21,2025-09-25→2025-11-21 (42 sessions),-1,0,0,0,1,1,1,-1,1,0,-1,-1,-1,0,0,0,0,0,0,0,0,0,0,0,0,0,0,0,0,0,0,1
BBAI,2025-09-25,-4,ohlc_only_no_export,2,6,2025-09-24,2025-09-25,64.08115383568862,7.139999866485596,False,0.11111052242301196,0.7557484273152905,0,SETUP_NO,month=2025-08 net=-238993.1 delta=405564.29000000004,1,,none,0.3151261230967837,-0.29551816472453474,42,2025-11-24,2025-09-26→2025-11-24 (42 sessions),0,0,0,-1,-1,-1,0,0,1,0,-1,-1,-1,0,0,0,0,0,0,0,0,0,0,0,0,0,0,0,0,0,0,1
BBAI,2025-09-26,-1,ohlc_only_no_export,3,4,2025-09-25,2025-09-26,57.83138529368848,6.730000019073486,False,0.11627845083307921,1.425879572570296,0,SETUP_NO,month=2025-08 net=-238993.1 delta=405564.29000000004,1,,none,0.3952452179361907,-0.25260026811993597,42,2025-11-25,2025-09-29→2025-11-25 (42 sessions),0,0,0,0,-1,1,0,0,1,0,-1,-1,-1,0,0,0,0,0,0,0,0,0,0,0,0,0,0,0,0,0,0,1
BBAI,2025-09-29,-2,ohlc_only_no_export,2,4,2025-09-26,2025-09-29,54.09013794976376,6.460000038146973,False,0.0,0.0,0,SETUP_NO,month=2025-08 net=-238993.1 delta=405564.29000000004,1,,none,0.45356041607953945,-0.22136220122203176,42,2025-11-26,2025-09-30→2025-11-26 (42 sessions),0,0,0,0,-1,-1,0,0,1,0,-1,0,-1,0,0,0,0,0,0,0,0,0,0,0,0,0,0,0,0,0,0,1
BBAI,2025-09-30,-3,ohlc_only_no_export,2,5,2025-09-29,2025-09-30,54.79007407274098,6.519999980926514,False,0.29268275663152804,0.9221574625314078,0,SETUP_NO,month=2025-08 net=-238993.1 delta=405564.29000000004,1,,none,0.4401841059497065,-0.2285275729259174,42,2025-11-28,2025-10-01→2025-11-28 (42 sessions),0,0,0,0,-1,-1,0,0,1,0,-1,-1,-1,0,0,0,0,0,0,0,0,0,0,0,0,0,0,0,0,0,0,1
BBAI,2025-10-01,2,ohlc_only_no_export,4,2,2025-09-30,2025-10-01,59.84467920927325,6.980000019073486,False,99.0,99.0,0,SETUP_NO,month=2025-08 net=-238993.1 delta=405564.29000000004,1,,none,0.3452722518142868,-0.2793695994178488,42,2025-12-01,2025-10-02→2025-12-01 (42 sessions),0,0,0,0,1,1,0,0,1,0,-1,-1,0,0,0,0,0,0,0,0,0,0,0,0,0,0,0,0,0,0,0,1
BBAI,2025-10-02,4,ohlc_only_no_export,5,1,2025-10-01,2025-10-02,62.67768079892297,7.269999980926514,False,99.0,99.0,0,SETUP_NO,month=2025-08 net=-238993.1 delta=405564.29000000004,1,,none,0.2916094041208044,-0.3081155126540579,42,2025-12-02,2025-10-03→2025-12-02 (42 sessions),0,0,0,0,1,1,0,0,1,0,-1,1,0,0,0,0,0,0,0,0,0,0,0,0,0,0,0,0,0,0,0,1
BBAI,2025-10-03,3,ohlc_only_no_export,5,2,2025-10-02,2025-10-03,61.390959600888465,7.190000057220459,False,1.0714302744200463,1.0789741880776926,0,SETUP_NO,month=2025-08 net=-238993.1 delta=405564.29000000004,1,,none,0.30598056586842093,-0.3004172225621833,42,2025-12-03,2025-10-06→2025-12-03 (42 sessions),0,0,0,0,1,1,0,0,1,0,-1,-1,1,0,0,0,0,0,0,0,0,0,0,0,0,0,0,0,0,0,0,1
BBAI,2025-10-06,6,ohlc_only_no_export,7,1,2025-10-03,2025-10-06,66.07818400719091,7.690000057220459,False,3.214290823260139,1.4882729624764472,0,SETUP_NO,month=2025-08 net=-238993.1 delta=405564.29000000004,1,,none,0.2210663554554977,-0.3459037487151285,42,2025-12-04,2025-10-07→2025-12-04 (42 sessions),0,0,0,0,1,1,0,0,1,0,-1,1,1,1,0,0,0,0,0,0,0,0,0,0,0,0,0,0,0,0,0,1
BBAI,2025-10-07,6,ohlc_only_no_export,7,1,2025-10-06,2025-10-07,62.02366928521434,7.440000057220459,False,1.4516140940784505,1.379705492756874,0,SETUP_NO,month=2025-08 net=-238993.1 delta=405564.29000000004,1,,none,0.26209681063239176,-0.32392470818239094,42,2025-12-05,2025-10-08→2025-12-05 (42 sessions),0,0,0,0,1,1,0,0,1,0,-1,1,1,1,0,0,0,0,0,0,0,0,0,0,0,0,0,0,0,0,0,1
BBAI,2025-10-08,2,ohlc_only_no_export,4,2,2025-10-07,2025-10-08,59.65835808047962,7.289999961853027,False,0.0,0.0,0,SETUP_NO,month=2025-08 net=-238993.1 delta=405564.29000000004,1,,none,0.2880658974565937,-0.3100136850302827,42,2025-12-08,2025-10-09→2025-12-08 (42 sessions),0,0,0,0,-1,-1,0,0,1,0,1,0,1,0,0,0,0,0,0,0,0,0,0,0,0,0,0,0,0,0,0,1
BBAI,2025-10-09,1,ohlc_only_no_export,4,3,2025-10-08,2025-10-09,61.75273090884095,7.489999771118164,False,0.8163261334132603,1.2760981791813302,0,SETUP_NO,month=2025-08 net=-238993.1 delta=405564.29000000004,1,,none,0.2536716462303634,-0.3284378686893561,42,2025-12-09,2025-10-10→2025-12-09 (42 sessions),0,0,0,0,-1,1,0,0,1,0,-1,-1,1,0,0,0,0,0,0,0,0,0,0,0,0,0,0,0,0,0,0,1
BBAI,2025-10-10,2,ohlc_only_no_export,5,3,2025-10-09,2025-10-10,57.41887990539604,7.21999979019165,False,0.5882344691402349,0.6477330142268315,0,SETUP_NO,month=2025-08 net=-238993.1 delta=405564.29000000004,1,,none,0.30055410196535504,-0.30332405041872845,42,2025-12-10,2025-10-13→2025-12-10 (42 sessions),0,0,0,0,-1,-1,1,0,1,0,1,-1,1,0,0,0,0,0,0,0,0,0,0,0,0,0,0,0,0,0,0,1
BBAI,2025-10-13,4,ohlc_only_no_export,8,4,2025-10-10,2025-10-13,70.53368584999932,8.8100004196167,False,3.5588234469140234,0.8941317749454966,0,SETUP_NO,month=2025-08 net=-238993.1 delta=405564.29000000004,1,,none,0.06583426743256493,-0.4290578921417132,42,2025-12-11,2025-10-14→2025-12-11 (42 sessions),-1,0,0,-1,1,-1,1,-1,1,0,1,1,1,1,0,0,0,0,0,0,0,0,0,0,0,0,0,0,0,0,0,1
BBAI,2025-10-14,2,ohlc_only_no_export,5,3,2025-10-13,2025-10-14,71.13581409875927,8.90999984741211,False,99.0,99.0,0,SETUP_NO,month=2025-08 net=-238993.1 delta=405564.29000000004,1,,none,0.04040410959783847,-0.4354657355836765,42,2025-12-12,2025-10-15→2025-12-12 (42 sessions),-1,0,0,0,1,1,0,-1,1,0,0,-1,0,1,0,0,0,0,0,0,0,0,0,0,0,0,0,0,0,0,0,1
BBAI,2025-10-15,1,ohlc_only_no_export,4,3,2025-10-14,2025-10-15,65.51314253575566,8.520000457763672,False,0.06779663756609053,1.3368849572267645,0,SETUP_NO,month=2025-08 net=-238993.1 delta=405564.29000000004,1,,none,0.01877932380464986,-0.40962442023992296,42,2025-12-15,2025-10-16→2025-12-15 (42 sessions),0,0,0,-1,-1,1,0,0,1,0,0,-1,1,0,0,0,0,0,0,0,0,0,0,0,0,0,0,0,0,0,0,1
BBAI,2025-10-16,-2,ohlc_only_no_export,2,4,2025-10-15,2025-10-16,55.567939483045535,7.699999809265137,False,0.0,0.0,0,SETUP_NO,month=2025-08 net=-238993.1 delta=405564.29000000004,1,,none,0.0168831321637819,-0.3467532033239885,42,2025-12-16,2025-10-17→2025-12-16 (42 sessions),0,0,0,0,-1,-1,0,0,1,0,-1,0,-1,0,0,0,0,0,0,0,0,0,0,0,0,0,0,0,0,0,0,1
BBAI,2025-10-17,-2,ohlc_only_no_export,2,4,2025-10-16,2025-10-17,52.62997532339172,7.420000076293945,False,0.0,0.0,0,SETUP_NO,month=2025-08 net=-238993.1 delta=405564.29000000004,1,,none,0.05525604355746738,-0.32210240457023354,42,2025-12-17,2025-10-20→2025-12-17 (42 sessions),0,0,0,0,-1,-1,0,0,1,0,-1,0,-1,0,0,0,0,0,0,0,0,0,0,0,0,0,0,0,0,0,0,1
BBAI,2025-10-20,0,ohlc_only_no_export,3,3,2025-10-17,2025-10-20,53.01217837939797,7.460000038146973,False,0.0,0.0,0,SETUP_NO,month=2025-08 net=-238993.1 delta=405564.29000000004,1,,none,0.005361925153952507,-0.32573724073897226,42,2025-12-18,2025-10-21→2025-12-18 (42 sessions),0,0,0,0,-1,-1,0,0,1,0,-1,0,1,0,0,0,0,0,0,0,0,0,0,0,0,0,0,0,0,0,0,1
BBAI,2025-10-21,-1,ohlc_only_no_export,3,4,2025-10-20,2025-10-21,48.9698795684137,7.079999923706055,False,0.0,0.0,0,SETUP_NO,month=2025-08 net=-238993.1 delta=405564.29000000004,1,,none,0.0451977648460018,-0.28954798530910497,42,2025-12-19,2025-10-22→2025-12-19 (42 sessions),0,0,-1,0,-1,-1,0,0,1,0,-1,0,1,0,0,0,0,0,0,0,0,0,0,0,0,0,0,0,0,0,0,1
BBAI,2025-10-22,0,ohlc_only_no_export,3,3,2025-10-21,2025-10-22,44.45475624842649,6.610000133514404,False,0.0,0.0,0,SETUP_NO,month=2025-08 net=-238993.1 delta=405564.29000000004,1,,none,0.1195158768375093,-0.2390317536750185,42,2025-12-22,2025-10-23→2025-12-22 (42 sessions),0,0,0,0,-1,-1,0,0,1,0,-1,0,1,0,0,0,0,0,0,0,0,0,0,0,0,0,0,0,0,0,0,1
BBAI,2025-10-23,-1,ohlc_only_no_export,3,4,2025-10-22,2025-10-23,46.38050418916602,6.78000020980835,False,0.4000023841880648,0.77213889972899,0,SETUP_NO,month=2025-08 net=-238993.1 delta=405564.29000000004,1,,none,0.0914454080196272,-0.25811208640795413,42,2025-12-23,2025-10-24→2025-12-23 (42 sessions),0,0,0,0,-1,-1,0,0,1,0,-1,-1,1,0,0,0,0,0,0,0,0,0,0,0,0,0,0,0,0,0,0,1
BBAI,2025-10-24,2,ohlc_only_no_export,5,3,2025-10-23,2025-10-24,49.382124654117824,7.050000190734863,False,1.5384678868796537,0.38973026079708234,0,SETUP_NO,month=2025-08 net=-238993.1 delta=405564.29000000004,1,,none,0.049645375200491504,-0.28652481223776494,42,2025-12-24,2025-10-27→2025-12-24 (42 sessions),0,0,0,0,1,-1,1,0,1,0,-1,-1,1,0,0,0,0,0,0,0,0,0,0,0,0,0,0,0,0,0,0,1
BBAI,2025-10-27,1,ohlc_only_no_export,4,3,2025-10-24,2025-10-27,49.94098566884569,7.099999904632568,False,0.0,0.0,0,SETUP_NO,month=2025-08 net=-238993.1 delta=405564.29000000004,1,,none,0.04225354855837682,-0.2915492567082426,42,2025-12-26,2025-10-28→2025-12-26 (42 sessions),0,0,0,0,-1,-1,1,0,1,0,-1,0,1,0,0,0,0,0,0,0,0,0,0,0,0,0,0,0,0,0,0,1
BBAI,2025-10-28,1,ohlc_only_no_export,4,3,2025-10-27,2025-10-28,46.409378545042905,6.78000020980835,False,0.0,0.0,0,SETUP_NO,month=2025-08 net=-238993.1 delta=405564.29000000004,1,,none,0.0914454080196272,-0.25811208640795413,42,2025-12-29,2025-10-29→2025-12-29 (42 sessions),0,0,0,0,-1,-1,1,0,1,0,-1,0,1,0,0,0,0,0,0,0,0,0,0,0,0,0,0,0,0,0,0,1
BBAI,2025-10-29,-3,ohlc_only_no_export,2,5,2025-10-28,2025-10-29,47.8973381361354,6.900000095367432,False,0.37037004332154194,0.3474789957089586,0,SETUP_NO,month=2025-08 net=-238993.1 delta=405564.29000000004,1,,none,0.07246376711439373,-0.27101447242219245,42,2025-12-30,2025-10-30→2025-12-30 (42 sessions),0,0,0,0,-1,-1,0,0,1,0,-1,-1,-1,0,0,0,0,0,0,0,0,0,0,0,0,0,0,0,0,0,0,1
BBAI,2025-10-30,2,ohlc_only_no_export,4,2,2025-10-29,2025-10-30,46.06096841747743,6.739999771118164,False,99.0,99.0,0,SETUP_NO,month=2025-08 net=-238993.1 delta=405564.29000000004,1,,none,0.09792290009822557,-0.25370914234113184,42,2025-12-31,2025-10-31→2025-12-31 (42 sessions),0,0,0,0,1,1,0,0,1,0,-1,-1,0,0,0,0,0,0,0,0,0,0,0,0,0,0,0,0,0,0,0,1
BBAI,2025-10-31,2,ohlc_only_no_export,4,2,2025-10-30,2025-10-31,48.45522375880799,6.920000076293945,False,99.0,99.0,0,SETUP_NO,month=2025-08 net=-238993.1 delta=405564.29000000004,1,,none,0.06936416384124566,-0.2731213649780476,42,2026-01-02,2025-11-03→2026-01-02 (42 sessions),0,0,0,0,1,1,0,0,1,0,-1,-1,0,0,0,0,0,0,0,0,0,0,0,0,0,0,0,0,0,0,0,1
BBAI,2025-11-03,-5,ohlc_only_no_export,1,6,2025-10-31,2025-11-03,41.604849126143264,6.300000190734863,False,0.23333314789663123,0.9532326783322143,0,SETUP_NO,month=2025-08 net=-238993.1 delta=405564.29000000004,1,,none,0.17460315417931116,-0.2015872924566332,42,2026-01-05,2025-11-04→2026-01-05 (42 sessions),0,0,0,0,-1,-1,0,0,-1,0,-1,-1,-1,0,0,0,0,0,0,0,0,0,0,0,0,0,0,0,0,0,0,1
BBAI,2025-11-04,-3,ohlc_only_no_export,2,5,2025-11-03,2025-11-04,36.496371779183214,5.730000019073486,False,0.0,0.0,0,SETUP_NO,month=2025-08 net=-238993.1 delta=405564.29000000004,1,,none,0.2914485289240847,-0.12216401517190978,42,2026-01-06,2025-11-05→2026-01-06 (42 sessions),0,0,0,0,-1,-1,-1,1,-1,0,0,0,-1,0,0,0,0,0,0,0,0,0,0,0,0,0,0,0,0,0,0,1
BBAI,2025-11-05,3,ohlc_only_no_export,5,2,2025-11-04,2025-11-05,41.888718000754594,6.130000114440918,False,1.7058813629682819,1.2410325624154166,0,SETUP_NO,month=2025-08 net=-238993.1 delta=405564.29000000004,1,,none,0.2071778070500645,-0.17944533182653832,42,2026-01-07,2025-11-06→2026-01-07 (42 sessions),0,0,0,0,1,1,-1,0,-1,0,0,1,1,0,0,0,0,0,0,0,0,0,0,0,0,0,0,0,0,0,0,1
BBAI,2025-11-06,1,ohlc_only_no_export,5,4,2025-11-05,2025-11-06,37.82451585493816,5.659999847412109,False,0.7249997317791624,1.0334175609175875,0,SETUP_NO,month=2025-08 net=-238993.1 delta=405564.29000000004,1,,none,0.30742054679575537,-0.11130735946782955,42,2026-01-08,2025-11-07→2026-01-08 (42 sessions),0,0,0,0,-1,1,-1,1,-1,1,0,1,-1,0,0,0,0,0,0,0,0,0,0,0,0,0,0,0,0,0,0,1
BBAI,2025-11-07,2,ohlc_only_no_export,5,3,2025-11-06,2025-11-07,38.09974021061197,5.679999828338623,False,0.5999992847444332,1.1981096829189815,0,SETUP_NO,month=2025-08 net=-238993.1 delta=405564.29000000004,1,,none,0.3028169575723212,-0.1144365560166567,42,2026-01-09,2025-11-10→2026-01-09 (42 sessions),0,0,0,0,-1,1,0,0,-1,1,1,1,-1,0,0,0,0,0,0,0,0,0,0,0,0,0,0,0,0,0,0,1
BBAI,2025-11-10,2,ohlc_only_no_export,5,3,2025-11-07,2025-11-10,38.53922627145544,5.710000038146973,False,1.0434771791974624,0.9095904113252502,0,SETUP_NO,month=2025-08 net=-238993.1 delta=405564.29000000004,1,,none,0.2959719870280251,-0.11908928612884895,42,2026-01-12,2025-11-11→2026-01-12 (42 sessions),0,0,0,0,1,-1,0,0,-1,1,1,1,-1,0,0,0,0,0,0,0,0,0,0,0,0,0,0,0,0,0,0,1
BBAI,2025-11-11,-1,ohlc_only_no_export,3,4,2025-11-10,2025-11-11,43.572725694644895,6.059999942779541,False,0.0,0.0,0,SETUP_NO,month=2025-08 net=-238993.1 delta=405564.29000000004,1,,none,0.22112213947864712,-0.16996695424039254,42,2026-01-13,2025-11-12→2026-01-13 (42 sessions),0,0,0,0,-1,-1,0,0,-1,1,1,0,-1,0,0,0,0,0,0,0,0,0,0,0,0,0,0,0,0,0,0,1
BBAI,2025-11-12,4,ohlc_only_no_export,6,2,2025-11-11,2025-11-12,55.906286166107144,7.170000076293945,False,0.855555443704876,1.1875623827647914,0,SETUP_NO,month=2025-08 net=-238993.1 delta=405564.29000000004,1,,none,0.0013946655422976129,-0.2984658080494368,42,2026-01-14,2025-11-13→2026-01-14 (42 sessions),0,0,1,0,-1,1,0,0,1,1,0,1,-1,0,0,0,0,0,0,0,0,0,0,0,0,0,0,0,0,0,0,1
BBAI,2025-11-13,1,ohlc_only_no_export,4,3,2025-11-12,2025-11-13,47.53892595717421,6.340000152587891,False,1.1666669074935698,1.9186591056948052,0,SETUP_NO,month=2025-08 net=-238993.1 delta=405564.29000000004,1,,none,0.13249205923249985,-0.20662459167998903,42,2026-01-15,2025-11-14→2026-01-15 (42 sessions),0,0,-1,0,1,1,0,0,-1,0,0,1,-1,0,0,0,0,0,0,0,0,0,0,0,0,0,0,0,0,0,0,1
BBAI,2025-11-14,-2,ohlc_only_no_export,2,4,2025-11-13,2025-11-14,45.087338398745366,6.059999942779541,False,0.0,0.0,0,SETUP_NO,month=2025-08 net=-238993.1 delta=405564.29000000004,1,,none,0.18481846470865992,-0.16996695424039254,42,2026-01-16,2025-11-17→2026-01-16 (42 sessions),0,0,0,0,-1,-1,0,0,-1,0,-1,0,1,0,0,0,0,0,0,0,0,0,0,0,0,0,0,0,0,0,0,1
BBAI,2025-11-17,-2,ohlc_only_no_export,2,4,2025-11-14,2025-11-17,41.093475767641955,5.570000171661377,False,0.0,0.0,0,SETUP_NO,month=2025-08 net=-238993.1 delta=405564.29000000004,1,,none,0.28904840342168736,-0.09694792553156428,42,2026-01-20,2025-11-18→2026-01-20 (42 sessions),0,0,0,0,-1,-1,0,0,-1,0,-1,0,1,0,0,0,0,0,0,0,0,0,0,0,0,0,0,0,0,0,0,1
BBAI,2025-11-18,1,ohlc_only_no_export,4,3,2025-11-17,2025-11-18,45.447823500896575,5.980000019073486,False,1.1538460597954001,1.2670286859665114,0,SETUP_NO,month=2025-08 net=-238993.1 delta=405564.29000000004,1,,none,0.2006688637855656,-0.1588628438520181,42,2026-01-21,2025-11-19→2026-01-21 (42 sessions),0,0,0,0,1,1,0,0,-1,0,-1,1,-1,0,0,0,0,0,0,0,0,0,0,0,0,0,0,0,0,0,0,1
BBAI,2025-11-19,3,ohlc_only_no_export,5,2,2025-11-18,2025-11-19,44.24513315046367,5.840000152587891,False,7.500003973646774,1.1893447624775035,0,SETUP_NO,month=2025-08 net=-238993.1 delta=405564.29000000004,1,,none,0.2294519932772494,-0.13869861671503625,42,2026-01-22,2025-11-20→2026-01-22 (42 sessions),0,0,0,0,1,1,0,0,-1,0,-1,1,1,0,0,0,0,0,0,0,0,0,0,0,0,0,0,0,0,0,0,1
BBAI,2025-11-20,-2,ohlc_only_no_export,2,4,2025-11-19,2025-11-20,41.460030206535194,5.510000228881836,False,0.0,0.0,0,SETUP_NO,month=2025-08 net=-238993.1 delta=405564.29000000004,1,,none,0.30308521417170353,-0.08711433741099761,42,2026-01-23,2025-11-21→2026-01-23 (42 sessions),0,0,0,0,-1,-1,0,0,-1,0,-1,0,1,0,0,0,0,0,0,0,0,0,0,0,0,0,0,0,0,0,0,1
BBAI,2025-11-21,-2,ohlc_only_no_export,2,4,2025-11-20,2025-11-21,40.543883246801514,5.400000095367432,False,0.0,0.0,0,SETUP_NO,month=2025-08 net=-238993.1 delta=405564.29000000004,1,,none,0.3296295743583826,-0.018518500530834592,42,2026-01-26,2025-11-24→2026-01-26 (42 sessions),0,0,0,0,-1,-1,0,0,-1,0,-1,0,1,0,0,0,0,0,0,0,0,0,0,0,0,0,0,0,0,0,0,1
BBAI,2025-11-24,4,ohlc_only_no_export,6,2,2025-11-21,2025-11-24,49.96167276606633,6.269999980926514,False,4.866663699681791,1.0236879212655194,0,SETUP_NO,month=2025-08 net=-238993.1 delta=405564.29000000004,1,,none,0.14513554229351677,-0.1547049111869876,42,2026-01-27,2025-11-25→2026-01-27 (42 sessions),0,0,0,0,1,1,0,0,-1,0,-1,1,1,1,0,0,0,0,0,0,0,0,0,0,0,0,0,0,0,0,0,1
BBAI,2025-11-25,3,ohlc_only_no_export,5,2,2025-11-24,2025-11-25,49.19008545495213,6.190000057220459,False,99.0,99.0,0,SETUP_NO,month=2025-08 net=-238993.1 delta=405564.29000000004,1,,none,0.15993534119007924,-0.1437802678931216,42,2026-01-28,2025-11-26→2026-01-28 (42 sessions),0,0,0,0,1,1,0,0,-1,0,-1,1,0,1,0,0,0,0,0,0,0,0,0,0,0,0,0,0,0,0,0,1
BBAI,2025-11-26,-5,ohlc_only_no_export,1,6,2025-11-25,2025-11-26,47.510948820645574,6.019999980926514,False,0.23999977111816406,0.9691166028605067,0,SETUP_NO,month=2025-08 net=-238993.1 delta=405564.29000000004,1,,none,0.1926910051640196,-0.11960129443070833,42,2026-01-29,2025-11-28→2026-01-29 (42 sessions),0,0,0,0,-1,-1,0,0,-1,0,-1,-1,-1,0,0,0,0,0,0,0,0,0,0,0,0,0,0,0,0,0,0,1
BBAI,2025-11-28,0,ohlc_only_no_export,4,4,2025-11-26,2025-11-28,50.90802102451322,6.340000152587891,False,1.0799999237060547,0.8168502969579335,0,SETUP_NO,month=2025-08 net=-238993.1 delta=405564.29000000004,1,,none,0.13249205923249985,-0.21687696638914844,42,2026-01-30,2025-12-01→2026-01-30 (42 sessions),0,0,1,0,1,-1,0,0,-1,0,-1,1,-1,0,0,0,0,0,0,0,0,0,0,0,0,0,0,0,0,0,0,1
BBAI,2025-12-01,0,ohlc_only_no_export,4,4,2025-11-28,2025-12-01,47.88351475295706,6.050000190734863,False,3.00001059641947,0.9814595455472919,0,SETUP_NO,month=2025-11 net=-133870.0 delta=105123.1,1,,none,0.18677679371552292,-0.20991734560131525,42,2026-02-02,2025-12-02→2026-02-02 (42 sessions),0,0,-1,0,1,-1,0,0,-1,0,-1,1,1,0,0,0,0,0,0,0,0,0,0,0,0,0,0,0,0,0,0,1
BBAI,2025-12-02,-4,ohlc_only_no_export,1,5,2025-12-01,2025-12-02,45.28580378523209,5.789999961853027,False,0.0,0.0,0,SETUP_NO,month=2025-11 net=-133870.0 delta=105123.1,1,,none,0.24006906315086418,-0.18825564072008172,42,2026-02-03,2025-12-03→2026-02-03 (42 sessions),0,0,0,0,-1,-1,0,0,-1,0,-1,0,-1,0,0,0,0,0,0,0,0,0,0,0,0,0,0,0,0,0,0,1
BBAI,2025-12-03,-1,ohlc_only_no_export,3,4,2025-12-02,2025-12-03,48.84893682780602,6.099999904632568,False,0.9999984105438166,1.336696147579124,0,SETUP_NO,month=2025-11 net=-133870.0 delta=105123.1,1,,none,0.17704917058865233,-0.27868849767917103,42,2026-02-04,2025-12-04→2026-02-04 (42 sessions),0,0,0,0,-1,1,0,0,-1,0,-1,1,-1,0,0,0,0,0,0,0,0,0,0,0,0,0,0,0,0,0,0,1
BBAI,2025-12-04,6,ohlc_only_no_export,7,1,2025-12-03,2025-12-04,57.66109980474525,7.019999980926514,False,99.0,99.0,0,SETUP_NO,month=2025-11 net=-133870.0 delta=105123.1,1,,none,0.0028490001397227793,-0.43019942865127014,42,2026-02-05,2025-12-05→2026-02-05 (42 sessions),0,0,1,0,1,1,1,-1,1,0,0,1,0,0,0,0,0,0,0,0,0,0,0,0,0,0,0,0,0,0,0,1
BBAI,2025-12-05,7,ohlc_only_no_export,7,0,2025-12-04,2025-12-05,55.42564935878818,6.820000171661377,False,46.000047683761295,1.5051266405426091,0,SETUP_NO,month=2025-11 net=-133870.0 delta=105123.1,1,,none,0.027859245225528184,-0.4134897508330142,42,2026-02-06,2025-12-08→2026-02-06 (42 sessions),0,0,0,0,1,1,0,0,1,0,0,1,1,1,0,0,0,0,0,0,0,0,0,0,0,0,0,0,0,0,0,1
BBAI,2025-12-08,-1,ohlc_only_no_export,2,3,2025-12-05,2025-12-08,52.572219072092864,6.559999942779541,False,0.0,0.0,0,SETUP_NO,month=2025-11 net=-133870.0 delta=105123.1,1,,none,0.06707318003939289,-0.3902438971203469,42,2026-02-09,2025-12-09→2026-02-09 (42 sessions),0,0,0,0,-1,-1,0,0,-1,0,0,0,1,0,0,0,0,0,0,0,0,0,0,0,0,0,0,0,0,0,0,1
BBAI,2025-12-09,0,ohlc_only_no_export,3,3,2025-12-08,2025-12-09,54.04222130491571,6.710000038146973,False,0.6250001354650842,0.9187490139560904,0,SETUP_NO,month=2025-11 net=-133870.0 delta=105123.1,1,,none,0.04321907007516401,-0.40387481709990625,42,2026-02-10,2025-12-10→2026-02-10 (42 sessions),0,0,0,0,-1,-1,0,0,1,0,0,1,-1,0,0,0,0,0,0,0,0,0,0,0,0,0,0,0,0,0,0,1
BBAI,2025-12-10,4,ohlc_only_no_export,6,2,2025-12-09,2025-12-10,52.86582689312195,6.610000133514404,False,27.500691431023796,0.9223404648125727,0,SETUP_NO,month=2025-11 net=-133870.0 delta=105123.1,1,,none,0.05446288190706006,-0.3948562905893195,42,2026-02-11,2025-12-11→2026-02-11 (42 sessions),0,0,0,0,1,-1,0,0,-1,0,1,1,1,1,0,0,0,0,0,0,0,0,0,0,0,0,0,0,0,0,0,1
BBAI,2025-12-11,5,ohlc_only_no_export,6,1,2025-12-10,2025-12-11,54.25977092165346,6.739999771118164,False,25.50059606122741,1.0281330345742976,0,SETUP_NO,month=2025-11 net=-133870.0 delta=105123.1,1,,none,0.03412463306884206,-0.4109792042394079,42,2026-02-12,2025-12-12→2026-02-12 (42 sessions),0,0,0,0,1,1,0,0,1,0,1,-1,1,0,0,0,0,0,0,0,0,0,0,0,0,0,0,0,0,0,0,1
BBAI,2025-12-12,-1,ohlc_only_no_export,4,5,2025-12-11,2025-12-12,49.86208223581665,6.380000114440918,False,0.879309210850842,0.6479685819756661,0,SETUP_NO,month=2025-11 net=-133870.0 delta=105123.1,1,,none,0.037617518309275955,-0.3777429533858053,42,2026-02-13,2025-12-15→2026-02-13 (42 sessions),0,0,-1,0,-1,-1,1,0,-1,0,1,-1,1,0,0,0,0,0,0,0,0,0,0,0,0,0,0,0,0,0,0,1
BBAI,2025-12-15,-2,ohlc_only_no_export,2,4,2025-12-12,2025-12-15,45.35364980023555,5.96999979019165,False,0.0,0.0,0,SETUP_NO,month=2025-11 net=-133870.0 delta=105123.1,1,,none,0.10887774174386777,-0.3500837100839561,42,2026-02-17,2025-12-16→2026-02-17 (42 sessions),0,0,0,0,-1,-1,0,0,-1,0,1,0,-1,0,0,0,0,0,0,0,0,0,0,0,0,0,0,0,0,0,0,1
BBAI,2025-12-16,-1,ohlc_only_no_export,2,3,2025-12-15,2025-12-16,44.198976352674514,5.860000133514404,False,0.0,0.0,0,SETUP_NO,month=2025-11 net=-133870.0 delta=105123.1,1,,none,0.12969278749638602,-0.3378839546008723,42,2026-02-18,2025-12-17→2026-02-18 (42 sessions),0,0,0,0,-1,-1,0,0,-1,0,0,0,1,0,0,0,0,0,0,0,0,0,0,0,0,0,0,0,0,0,0,1
BBAI,2025-12-17,-3,ohlc_only_no_export,1,4,2025-12-16,2025-12-17,40.010433905690554,5.440000057220459,False,0.0,0.0,0,SETUP_NO,month=2025-11 net=-133870.0 delta=105123.1,1,,none,0.21691173086890325,-0.2867646923475613,42,2026-02-19,2025-12-18→2026-02-19 (42 sessions),0,0,0,0,-1,-1,0,0,-1,0,0,0,-1,0,0,0,0,0,0,0,0,0,0,0,0,0,0,0,0,0,0,1
BBAI,2025-12-18,-1,ohlc_only_no_export,3,4,2025-12-17,2025-12-18,42.657800607849275,5.630000114440918,False,0.0,0.0,0,SETUP_NO,month=2025-11 net=-133870.0 delta=105123.1,1,,none,0.17584365026544502,-0.3214920327542232,42,2026-02-20,2025-12-19→2026-02-20 (42 sessions),0,0,0,0,-1,-1,1,0,-1,0,-1,0,1,0,0,0,0,0,0,0,0,0,0,0,0,0,0,0,0,0,0,1
BBAI,2025-12-19,6,ohlc_only_no_export,8,2,2025-12-18,2025-12-19,50.4638642267012,6.260000228881836,False,13.000023841880648,1.1372825325646623,0,SETUP_NO,month=2025-11 net=-133870.0 delta=105123.1,1,,none,0.05750793027391787,-0.4137380284170561,42,2026-02-23,2025-12-22→2026-02-23 (42 sessions),0,0,1,0,1,1,1,0,-1,0,-1,1,1,1,0,0,0,0,0,0,0,0,0,0,0,0,0,0,0,0,0,1
BBAI,2025-12-22,0,ohlc_only_no_export,3,3,2025-12-19,2025-12-22,51.91839493134698,6.389999866485596,False,99.0,99.0,0,SETUP_NO,month=2025-11 net=-133870.0 delta=105123.1,1,,none,0.035993743956051594,-0.4256650777815445,42,2026-02-24,2025-12-23→2026-02-24 (42 sessions),0,0,0,0,1,1,0,0,-1,0,-1,-1,0,0,0,0,0,0,0,0,0,0,0,0,0,0,0,0,0,0,0,1
BBAI,2025-12-23,-3,ohlc_only_no_export,3,6,2025-12-22,2025-12-23,48.71874036434519,6.119999885559082,False,0.3076917433884752,1.4773022858395906,0,SETUP_NO,month=2025-11 net=-133870.0 delta=105123.1,1,,none,0.08169934793296552,-0.4003267737057027,42,2026-02-25,2025-12-24→2026-02-25 (42 sessions),0,0,-1,0,-1,1,-1,0,-1,0,-1,-1,1,0,0,0,0,0,0,0,0,0,0,0,0,0,0,0,0,0,0,1
BBAI,2025-12-24,-4,ohlc_only_no_export,2,6,2025-12-23,2025-12-24,47.66426453852811,6.03000020980835,False,0.0,0.0,0,SETUP_NO,month=2025-11 net=-133870.0 delta=105123.1,1,,none,0.09784405559241005,-0.3913764596020489,42,2026-02-26,2025-12-26→2026-02-26 (42 sessions),0,0,0,0,-1,-1,-1,0,-1,-1,-1,0,1,0,0,0,0,0,0,0,0,0,0,0,0,0,0,0,0,0,0,1
BBAI,2025-12-26,-6,ohlc_only_no_export,1,7,2025-12-24,2025-12-26,44.22787843926648,5.730000019073486,False,0.0,0.0,0,SETUP_NO,month=2025-11 net=-133870.0 delta=105123.1,1,,none,0.15532283831117755,-0.3595113326217114,42,2026-02-27,2025-12-29→2026-02-27 (42 sessions),0,0,0,0,-1,-1,-1,0,-1,-1,-1,0,-1,0,0,0,0,0,0,0,0,0,0,0,0,0,0,0,0,0,0,1
BBAI,2025-12-29,-5,ohlc_only_no_export,2,7,2025-12-26,2025-12-29,43.551597517242904,5.670000076293945,False,0.14062516298136313,1.057889579681144,0,SETUP_NO,month=2025-11 net=-133870.0 delta=105123.1,1,,none,0.167548464988043,-0.3527336813207329,42,2026-03-02,2025-12-30→2026-03-02 (42 sessions),0,0,0,0,-1,1,-1,0,-1,-1,-1,-1,-1,0,0,0,0,0,0,0,0,0,0,0,0,0,0,0,0,0,0,1
BBAI,2025-12-30,-5,ohlc_only_no_export,2,7,2025-12-29,2025-12-30,41.610202880209286,5.5,False,0.2368424354826971,1.029557431241289,0,SETUP_NO,month=2025-11 net=-133870.0 delta=105123.1,1,,none,0.20363634282892407,-0.33272725885564636,42,2026-03-03,2025-12-31→2026-03-03 (42 sessions),0,0,0,0,-1,1,-1,0,-1,-1,-1,-1,-1,0,0,0,0,0,0,0,0,0,0,0,0,0,0,0,0,0,0,1
BBAI,2025-12-31,-4,ohlc_only_no_export,2,6,2025-12-30,2025-12-31,40.46745408747248,5.400000095367432,False,0.0,0.0,0,SETUP_NO,month=2025-11 net=-133870.0 delta=105123.1,1,,none,0.22592588308253325,-0.3203703682445532,42,2026-03-04,2026-01-02→2026-03-04 (42 sessions),0,0,0,0,-1,-1,-1,0,-1,-1,-1,0,1,0,0,0,0,0,0,0,0,0,0,0,0,0,0,0,0,0,0,1
BBAI,2026-01-02,2,ohlc_only_no_export,5,3,2025-12-31,2026-01-02,47.32254966965464,5.840000152587891,False,4.0000079472935495,1.622184255867491,0,SETUP_NO,month=2025-12 net=-35295.5 delta=98574.5,1,,none,0.13356159462179962,-0.37157534582124097,42,2026-03-05,2026-01-05→2026-03-05 (42 sessions),0,0,0,0,1,1,0,0,-1,-1,-1,1,1,0,0,0,0,0,0,0,0,0,0,0,0,0,0,0,0,0,0,1
BBAI,2026-01-05,0,ohlc_only_no_export,3,3,2026-01-02,2026-01-05,47.90977772637706,5.880000114440918,False,99.0,99.0,0,SETUP_NO,month=2025-12 net=-35295.5 delta=98574.5,1,,none,0.12585029876118026,-0.37585033930855694,42,2026-03-06,2026-01-06→2026-03-06 (42 sessions),0,0,0,0,1,1,0,0,-1,-1,0,-1,0,0,0,0,0,0,0,0,0,0,0,0,0,0,0,0,0,0,0,1
BBAI,2026-01-06,3,ohlc_only_no_export,5,2,2026-01-05,2026-01-06,55.058527642925604,6.409999847412109,False,99.0,99.0,0,SETUP_NO,month=2025-12 net=-35295.5 delta=98574.5,1,,none,0.032761317183455985,-0.4274570727524083,42,2026-03-09,2026-01-07→2026-03-09 (42 sessions),0,0,1,0,1,1,0,0,1,-1,0,-1,0,0,0,0,0,0,0,0,0,0,0,0,0,0,0,0,0,0,0,1
BBAI,2026-01-07,2,ohlc_only_no_export,5,3,2026-01-06,2026-01-07,49.286120799448575,5.989999771118164,False,3.124993667019327,1.4236891698835832,0,SETUP_NO,month=2025-12 net=-35295.5 delta=98574.5,1,,none,0.10517531527773571,-0.3873121508302062,42,2026-03-10,2026-01-08→2026-03-10 (42 sessions),0,0,-1,0,1,1,0,0,-1,-1,0,1,1,0,0,0,0,0,0,0,0,0,0,0,0,0,0,0,0,0,0,1
BBAI,2026-01-08,5,ohlc_only_no_export,7,2,2026-01-07,2026-01-08,51.62681962217999,6.170000076293945,False,1.3749988824151753,0.9130961427399009,0,SETUP_NO,month=2025-12 net=-35295.5 delta=98574.5,1,,none,0.07293351761762579,-0.40518638072718516,42,2026-03-11,2026-01-09→2026-03-11 (42 sessions),0,0,1,0,1,-1,0,0,1,-1,1,1,1,0,0,0,0,0,0,0,0,0,0,0,0,0,0,0,0,0,0,1
BBAI,2026-01-09,5,ohlc_only_no_export,7,2,2026-01-08,2026-01-09,52.02425748689754,6.199999809265137,False,5.500011920940324,0.8416602925642944,0,SETUP_NO,month=2025-12 net=-35295.5 delta=98574.5,1,,none,0.06774194987333826,-0.408064485613438,42,2026-03-12,2026-01-12→2026-03-12 (42 sessions),0,0,0,0,1,-1,0,0,1,-1,1,1,1,1,0,0,0,0,0,0,0,0,0,0,0,0,0,0,0,0,0,1
BBAI,2026-01-12,5,ohlc_only_no_export,7,2,2026-01-09,2026-01-12,53.5318382868093,6.309999942779541,False,3.750005960470162,0.8809009478500363,0,SETUP_NO,month=2025-12 net=-35295.5 delta=98574.5,1,,none,0.04912835904765256,-0.4183835008598561,42,2026-03-13,2026-01-13→2026-03-13 (42 sessions),0,0,0,0,1,-1,0,0,1,-1,1,1,1,1,0,0,0,0,0,0,0,0,0,0,0,0,0,0,0,0,0,1
BBAI,2026-01-13,-2,ohlc_only_no_export,3,5,2026-01-12,2026-01-13,50.138376977758206,6.090000152587891,False,0.5000007947293549,0.9359993807736162,0,SETUP_NO,month=2025-12 net=-35295.5 delta=98574.5,1,,none,0.08702786858650113,-0.3973727447717038,42,2026-03-16,2026-01-14→2026-03-16 (42 sessions),0,0,0,0,-1,-1,0,0,-1,-1,1,1,-1,0,0,0,0,0,0,0,0,0,0,0,0,0,0,0,0,0,0,1
BBAI,2026-01-14,0,ohlc_only_no_export,4,4,2026-01-13,2026-01-14,52.63689476490944,6.260000228881836,False,0.6333341280626883,1.3586109680473233,0,SETUP_NO,month=2025-12 net=-35295.5 delta=98574.5,1,,none,0.05750793027391787,-0.4137380284170561,42,2026-03-17,2026-01-15→2026-03-17 (42 sessions),0,0,0,0,-1,1,0,0,1,-1,1,-1,-1,0,0,0,0,0,0,0,0,0,0,0,0,0,0,0,0,0,0,1
BBAI,2026-01-15,3,ohlc_only_no_export,6,3,2026-01-14,2026-01-15,51.1748802557464,6.170000076293945,False,1.5833353201567206,0.7189376658075656,0,SETUP_NO,month=2025-12 net=-35295.5 delta=98574.5,1,,none,0.06239866244473857,-0.40518638072718516,42,2026-03-18,2026-01-16→2026-03-18 (42 sessions),0,0,0,0,1,-1,1,0,1,-1,1,-1,1,0,0,0,0,0,0,0,0,0,0,0,0,0,0,0,0,0,0,1
BBAI,2026-01-16,1,ohlc_only_no_export,4,3,2026-01-15,2026-01-16,50.33836545428542,6.119999885559082,False,0.0,0.0,0,SETUP_NO,month=2025-12 net=-35295.5 delta=98574.5,1,,none,0.07107842335193149,-0.40849673966482714,42,2026-03-19,2026-01-20→2026-03-19 (42 sessions),0,0,0,0,-1,-1,0,0,1,-1,1,0,1,0,0,0,0,0,0,0,0,0,0,0,0,0,0,0,0,0,0,1
BBAI,2026-01-20,-1,ohlc_only_no_export,4,5,2026-01-16,2026-01-20,47.33840500617752,5.940000057220459,False,0.8750029802350809,1.2649801150842224,0,SETUP_NO,month=2025-12 net=-35295.5 delta=98574.5,1,,none,0.10353531400569449,-0.4107744164504644,42,2026-03-20,2026-01-21→2026-03-20 (42 sessions),0,0,-1,0,-1,1,0,0,-1,-1,1,-1,1,0,0,0,0,0,0,0,0,0,0,0,0,0,0,0,0,0,0,1
BBAI,2026-01-21,-1,ohlc_only_no_export,4,5,2026-01-20,2026-01-21,43.750507874645734,5.710000038146973,False,0.2500008514957374,0.9999380209575246,0,SETUP_NO,month=2025-12 net=-35295.5 delta=98574.5,1,,none,0.1479859517594455,-0.38704028430517645,42,2026-03-23,2026-01-22→2026-03-23 (42 sessions),0,0,0,0,-1,-1,1,0,-1,-1,1,-1,1,0,0,0,0,0,0,0,0,0,0,0,0,0,0,0,0,0,0,1
BBAI,2026-01-22,-2,ohlc_only_no_export,3,5,2026-01-21,2026-01-22,47.824081264246786,5.929999828338623,False,0.5,0.6650334041214342,0,SETUP_NO,month=2025-12 net=-35295.5 delta=98574.5,1,,none,0.10539629310159748,-0.41146709771246015,42,2026-03-24,2026-01-23→2026-03-24 (42 sessions),0,0,0,0,-1,-1,0,0,-1,-1,1,-1,1,0,0,0,0,0,0,0,0,0,0,0,0,0,0,0,0,0,0,1
BBAI,2026-01-23,0,ohlc_only_no_export,4,4,2026-01-22,2026-01-23,46.029166632781916,5.820000171661377,False,2.8000133515168275,0.8936926807148079,0,SETUP_NO,month=2025-12 net=-35295.5 delta=98574.5,1,,none,0.12628859707875795,-0.40721650413648025,42,2026-03-25,2026-01-26→2026-03-25 (42 sessions),0,0,0,0,1,-1,0,0,-1,-1,1,-1,1,0,0,0,0,0,0,0,0,0,0,0,0,0,0,0,0,0,0,1
BBAI,2026-01-26,-1,ohlc_only_no_export,3,4,2026-01-23,2026-01-26,44.39779258035093,5.71999979019165,False,0.0,0.0,0,SETUP_NO,month=2025-12 net=-35295.5 delta=98574.5,1,,none,0.14597903300255122,-0.4213286601067098,42,2026-03-26,2026-01-27→2026-03-26 (42 sessions),0,0,0,0,-1,-1,0,0,-1,-1,1,0,1,0,0,0,0,0,0,0,0,0,0,0,0,0,0,0,0,0,0,1
BBAI,2026-01-27,8,ohlc_only_no_export,9,1,2026-01-26,2026-01-27,52.39295709171632,6.159999847412109,False,3.666656070317374,1.6901316137795557,0,SETUP_NO,month=2025-12 net=-35295.5 delta=98574.5,1,,none,0.06412337511541621,-0.49188308571860295,42,2026-03-27,2026-01-28→2026-03-27 (42 sessions),0,0,1,0,1,1,0,0,1,-1,1,1,1,1,0,0,0,0,0,0,0,0,0,0,0,0,0,0,0,0,0,1
BBAI,2026-01-28,4,ohlc_only_no_export,7,3,2026-01-27,2026-01-28,49.76578607536354,6.010000228881836,False,1.5714302744200463,1.052803302551972,0,SETUP_NO,month=2025-12 net=-35295.5 delta=98574.5,1,,none,-0.003327863061894254,-0.49916807390483764,42,2026-03-30,2026-01-29→2026-03-30 (42 sessions),0,0,-1,0,1,1,0,0,-1,-1,1,1,1,1,0,0,0,0,0,0,0,0,0,0,0,0,0,0,0,0,0,1
BBAI,2026-01-29,-2,ohlc_only_no_export,3,5,2026-01-28,2026-01-29,42.303344181037986,5.519999980926514,False,0.0,0.0,0,SETUP_NO,month=2025-12 net=-35295.5 delta=98574.5,1,,none,0.0009058178366294634,-0.4547101447710443,42,2026-03-31,2026-01-30→2026-03-31 (42 sessions),0,0,0,0,-1,-1,0,1,-1,-1,1,0,-1,0,0,0,0,0,0,0,0,0,0,0,0,0,0,0,0,0,0,1
BBAI,2026-01-30,-2,ohlc_only_no_export,3,5,2026-01-29,2026-01-30,36.52538424916138,5.039999961853027,False,0.0,0.0,0,SETUP_NO,month=2025-12 net=-35295.5 delta=98574.5,1,,none,0.0049603364199708455,-0.40277777514970703,42,2026-04-01,2026-02-02→2026-04-01 (42 sessions),0,0,0,0,-1,-1,0,1,-1,-1,1,0,-1,0,0,0,0,0,0,0,0,0,0,0,0,0,0,0,0,0,0,1
BBAI,2026-02-02,-2,ohlc_only_no_export,3,5,2026-01-30,2026-02-02,33.830014375311194,4.78000020980835,False,0.0,0.0,0,SETUP_NO,month=2025-12 net=-35295.5 delta=98574.5,1,,none,0.04602505868937423,-0.3702929166641312,42,2026-04-02,2026-02-03→2026-04-02 (42 sessions),0,0,0,0,-1,-1,0,1,-1,-1,1,0,-1,0,0,0,0,0,0,0,0,0,0,0,0,0,0,0,0,0,0,1
BBAI,2026-02-03,-3,ohlc_only_no_export,2,5,2026-02-02,2026-02-03,37.098483166930045,4.949999809265137,False,0.0,0.42144775405016044,0,SETUP_NO,month=2025-12 net=-35295.5 delta=98574.5,1,,none,-0.006060552348919224,-0.3919191704150564,42,2026-04-06,2026-02-04→2026-04-06 (42 sessions),0,0,0,0,-1,-1,0,1,-1,-1,0,0,-1,0,0,0,0,0,0,0,0,0,0,0,0,0,0,0,0,0,0,1
BBAI,2026-02-04,-3,ohlc_only_no_export,2,5,2026-02-03,2026-02-04,32.519433181459576,4.5,False,0.0,0.33767364800850874,0,SETUP_NO,month=2025-12 net=-35295.5 delta=98574.5,1,,none,0.0933333502875433,-0.33111111323038733,42,2026-04-07,2026-02-05→2026-04-07 (42 sessions),0,0,0,0,-1,-1,0,1,-1,-1,0,0,-1,0,0,0,0,0,0,0,0,0,0,0,0,0,0,0,0,0,0,1
BBAI,2026-02-05,-3,ohlc_only_no_export,3,6,2026-02-04,2026-02-05,28.930268257191415,4.079999923706055,False,0.0,0.0,0,SETUP_NO,month=2025-12 net=-35295.5 delta=98574.5,1,,none,0.20588239419006626,-0.2622548905027593,42,2026-04-08,2026-02-06→2026-04-08 (42 sessions),1,0,0,0,-1,-1,0,1,-1,-1,-1,0,-1,0,0,0,0,0,0,0,0,0,0,0,0,0,0,0,0,0,0,1
BBAI,2026-02-06,1,ohlc_only_no_export,5,4,2026-02-05,2026-02-06,39.82850944608203,4.71999979019165,False,2.090904558991187,0.7880420843655944,0,SETUP_NO,month=2025-12 net=-35295.5 delta=98574.5,1,,none,0.04237294385434165,-0.3622881092668355,42,2026-04-09,2026-02-09→2026-04-09 (42 sessions),0,1,0,0,1,-1,0,0,-1,-1,-1,1,1,0,0,0,0,0,0,0,0,0,0,0,0,0,0,0,0,0,0,1
BBAI,2026-02-09,2,ohlc_only_no_export,5,3,2026-02-06,2026-02-09,42.07066936270547,4.869999885559082,False,99.0,99.0,0,SETUP_NO,month=2025-12 net=-35295.5 delta=98574.5,1,,none,0.0102669798582804,-0.3819301722390688,42,2026-04-10,2026-02-10→2026-04-10 (42 sessions),0,0,0,0,1,1,0,0,-1,-1,-1,1,0,1,0,0,0,0,0,0,0,0,0,0,0,0,0,0,0,0,0,1
BBAI,2026-02-10,-4,ohlc_only_no_export,2,6,2026-02-09,2026-02-10,38.848798234503406,4.559999942779541,False,0.9687493015084437,0.8697783695584332,0,SETUP_NO,month=2025-12 net=-35295.5 delta=98574.5,1,,none,0.017543843138140724,-0.33991227451013606,42,2026-04-13,2026-02-11→2026-04-13 (42 sessions),0,0,0,0,-1,-1,0,0,-1,-1,-1,1,-1,0,0,0,0,0,0,0,0,0,0,0,0,0,0,0,0,0,0,1
BBAI,2026-02-11,-5,ohlc_only_no_export,1,6,2026-02-10,2026-02-11,37.55010463828268,4.429999828338623,False,0.0,0.0,0,SETUP_NO,month=2025-12 net=-35295.5 delta=98574.5,1,,none,0.00902933711129017,-0.3205417365462758,42,2026-04-14,2026-02-12→2026-04-14 (42 sessions),0,0,0,0,-1,-1,0,0,-1,-1,-1,0,-1,0,0,0,0,0,0,0,0,0,0,0,0,0,0,0,0,0,0,1
BBAI,2026-02-12,-5,ohlc_only_no_export,1,6,2026-02-11,2026-02-12,34.405860083526946,4.099999904632568,False,0.0,0.0,0,SETUP_NO,month=2025-12 net=-35295.5 delta=98574.5,1,,none,0.0780488241718762,-0.26585364378611964,42,2026-04-15,2026-02-13→2026-04-15 (42 sessions),0,0,0,0,-1,-1,0,0,-1,-1,-1,0,-1,0,0,0,0,0,0,0,0,0,0,0,0,0,0,0,0,0,0,1
BBAI,2026-02-13,-6,ohlc_only_no_export,1,7,2026-02-12,2026-02-13,34.218847440179914,4.079999923706055,False,0.0,0.0,0,SETUP_NO,month=2025-12 net=-35295.5 delta=98574.5,1,,none,0.08333337229061821,-0.2622548905027593,42,2026-04-16,2026-02-17→2026-04-16 (42 sessions),0,0,0,0,-1,-1,-1,0,-1,-1,-1,0,-1,0,0,0,0,0,0,0,0,0,0,0,0,0,0,0,0,0,0,1
BBAI,2026-02-17,-3,ohlc_only_no_export,2,5,2026-02-13,2026-02-17,32.87191361223839,3.940000057220459,False,0.0,0.0,0,SETUP_NO,month=2025-12 net=-35295.5 delta=98574.5,1,,none,0.1218274142392044,-0.2360406226524998,42,2026-04-17,2026-02-18→2026-04-17 (42 sessions),0,0,0,0,-1,-1,0,0,-1,-1,-1,0,1,0,0,0,0,0,0,0,0,0,0,0,0,0,0,0,0,0,0,1
BBAI,2026-02-18,-2,ohlc_only_no_export,3,5,2026-02-17,2026-02-18,35.78829091239993,4.090000152587891,False,2.8000047683761293,0.8784131985430895,0,SETUP_NO,month=2025-12 net=-35295.5 delta=98574.5,1,,none,0.08068457491309666,-0.26405870949449206,42,2026-04-20,2026-02-19→2026-04-20 (42 sessions),0,0,0,0,1,-1,0,0,-1,-1,-1,-1,1,0,0,0,0,0,0,0,0,0,0,0,0,0,0,0,0,0,0,1
BBAI,2026-02-19,1,ohlc_only_no_export,4,3,2026-02-18,2026-02-19,37.73055019045595,4.190000057220459,False,99.0,99.0,0,SETUP_NO,month=2025-12 net=-35295.5 delta=98574.5,1,,none,0.05489260523448847,-0.28162292378105236,42,2026-04-21,2026-02-20→2026-04-21 (42 sessions),0,0,0,0,1,1,0,0,-1,-1,-1,1,0,0,0,0,0,0,0,0,0,0,0,0,0,0,0,0,0,0,0,1
BBAI,2026-02-20,-4,ohlc_only_no_export,2,6,2026-02-19,2026-02-20,34.06834051677258,3.859999895095825,False,0.719998626710294,0.9092691858414605,0,SETUP_NO,month=2025-12 net=-35295.5 delta=98574.5,1,,none,0.14507777109258657,-0.2202072351640484,42,2026-04-22,2026-02-23→2026-04-22 (42 sessions),0,0,0,0,-1,-1,0,0,-1,-1,-1,1,-1,0,0,0,0,0,0,0,0,0,0,0,0,0,0,0,0,0,0,1
BBAI,2026-02-23,-3,ohlc_only_no_export,2,5,2026-02-20,2026-02-23,32.5230752387242,3.7100000381469727,False,0.0,0.0,0,SETUP_NO,month=2025-12 net=-35295.5 delta=98574.5,1,,none,0.19137467138722597,-0.1886792561957341,42,2026-04-23,2026-02-24→2026-04-23 (42 sessions),0,0,0,0,-1,-1,0,0,-1,-1,-1,0,1,0,0,0,0,0,0,0,0,0,0,0,0,0,0,0,0,0,0,1
BBAI,2026-02-24,0,ohlc_only_no_export,4,4,2026-02-23,2026-02-24,36.45479386390594,3.9000000953674316,False,2.222224871320072,0.9820265121021843,0,SETUP_NO,month=2025-12 net=-35295.5 delta=98574.5,1,,none,0.13333332518227103,-0.22820514952329118,42,2026-04-24,2026-02-25→2026-04-24 (42 sessions),0,0,0,0,1,-1,0,0,-1,-1,-1,1,1,0,0,0,0,0,0,0,0,0,0,0,0,0,0,0,0,0,0,1
BBAI,2026-02-25,1,ohlc_only_no_export,5,4,2026-02-24,2026-02-25,37.078212800605094,3.930000066757202,False,5.000005960470162,1.3621194695370917,0,SETUP_NO,month=2025-12 net=-35295.5 delta=98574.5,1,,none,0.1246819341509735,-0.23409670754867784,42,2026-04-27,2026-02-26→2026-04-27 (42 sessions),0,0,0,0,1,1,-1,0,-1,-1,-1,1,1,0,0,0,0,0,0,0,0,0,0,0,0,0,0,0,0,0,0,1
BBAI,2026-02-26,2,ohlc_only_no_export,5,3,2026-02-25,2026-02-26,41.602769437288885,4.150000095367432,False,4.750005960470162,1.5017177142304157,0,SETUP_NO,month=2025-12 net=-35295.5 delta=98574.5,1,,none,0.0650602348727436,-0.27469881414623,42,2026-04-28,2026-02-27→2026-04-28 (42 sessions),0,0,0,0,1,1,0,0,-1,-1,-1,1,1,0,0,0,0,0,0,0,0,0,0,0,0,0,0,0,0,0,0,1
BBAI,2026-02-27,3,ohlc_only_no_export,6,3,2026-02-26,2026-02-27,38.994828949306346,3.9600000381469727,False,4.750005960470162,1.3329456967382363,0,SETUP_NO,month=2025-12 net=-35295.5 delta=98574.5,1,,none,0.11616162467569646,-0.23989899962936745,42,2026-04-29,2026-03-02→2026-04-29 (42 sessions),0,0,0,0,1,1,0,0,-1,-1,-1,1,1,1,0,0,0,0,0,0,0,0,0,0,0,0,0,0,0,0,0,1
BBAI,2026-03-02,3,ohlc_only_no_export,6,3,2026-02-27,2026-03-02,41.88562580334465,4.099999904632568,False,7.500005960470162,1.7510018533874703,0,SETUP_NO,month=2025-12 net=-35295.5 delta=98574.5,1,,none,0.0780488241718762,-0.26585364378611964,42,2026-04-30,2026-03-03→2026-04-30 (42 sessions),0,0,0,0,1,1,0,0,-1,-1,-1,1,1,1,0,0,0,0,0,0,0,0,0,0,0,0,0,0,0,0,0,1
BBAI,2026-03-03,3,ohlc_only_no_export,6,3,2026-03-02,2026-03-03,37.75681893039877,3.799999952316284,False,2.3076899094010197,1.0166770570576331,0,SETUP_NO,month=2025-12 net=-35295.5 delta=98574.5,1,,none,0.1631579294099046,-0.20789472941216325,42,2026-05-01,2026-03-04→2026-05-01 (42 sessions),0,0,0,0,1,1,0,0,-1,-1,-1,1,1,1,0,0,0,0,0,0,0,0,0,0,0,0,0,0,0,0,0,1
BBAI,2026-03-04,-3,ohlc_only_no_export,2,5,2026-03-03,2026-03-04,38.41062611369882,3.8299999237060547,False,0.0,0.0,0,SETUP_NO,month=2025-12 net=-35295.5 delta=98574.5,1,,none,0.1540470402978451,-0.21409920354497936,42,2026-05-04,2026-03-05→2026-05-04 (42 sessions),0,0,0,0,-1,-1,0,0,-1,-1,-1,0,1,0,0,0,0,0,0,0,0,0,0,0,0,0,0,0,0,0,0,1
BBAI,2026-03-05,3,ohlc_only_no_export,6,3,2026-03-04,2026-03-05,42.929717718501436,4.039999961853027,False,17.999872844313757,1.6856788419206805,0,SETUP_NO,month=2025-12 net=-35295.5 delta=98574.5,1,,none,0.09405943515569315,-0.2549504903750891,42,2026-05-05,2026-03-06→2026-05-05 (42 sessions),0,0,0,0,1,1,0,0,-1,-1,-1,1,1,1,0,0,0,0,0,0,0,0,0,0,0,0,0,0,0,0,0,1
BBAI,2026-03-06,2,ohlc_only_no_export,5,3,2026-03-05,2026-03-06,47.10909018080284,4.25,False,99.0,99.0,0,SETUP_NO,month=2025-12 net=-35295.5 delta=98574.5,1,,none,0.049411773681640625,-0.2917647081262925,42,2026-05-06,2026-03-09→2026-05-06 (42 sessions),0,0,0,0,1,1,0,0,-1,-1,-1,1,0,1,0,0,0,0,0,0,0,0,0,0,0,0,0,0,0,0,0,1
BBAI,2026-03-09,-1,ohlc_only_no_export,3,4,2026-03-06,2026-03-09,46.24080299021934,4.199999809265137,False,99.0,99.0,0,SETUP_NO,month=2025-12 net=-35295.5 delta=98574.5,1,,none,0.06190481921172464,-0.2833333030579568,42,2026-05-07,2026-03-10→2026-05-07 (42 sessions),0,0,0,0,1,1,0,0,-1,-1,-1,-1,0,0,0,0,0,0,0,0,0,0,0,0,0,0,0,0,0,0,0,1
BBAI,2026-03-10,-4,ohlc_only_no_export,2,6,2026-03-09,2026-03-10,43.97153658570026,4.070000171661377,False,0.21052605161384233,1.2741536147577857,0,SETUP_NO,month=2025-12 net=-35295.5 delta=98574.5,1,,none,0.09582305897702148,-0.26044229397794527,42,2026-05-08,2026-03-11→2026-05-08 (42 sessions),0,0,0,0,-1,1,0,0,-1,-1,-1,-1,-1,0,0,0,0,0,0,0,0,0,0,0,0,0,0,0,0,0,0,1
BBAI,2026-03-11,-4,ohlc_only_no_export,2,6,2026-03-10,2026-03-11,45.52185573100115,4.139999866485596,False,0.263156309683054,1.4444471153020684,0,SETUP_NO,month=2025-12 net=-35295.5 delta=98574.5,1,,none,0.0772947299471829,-0.2729468387595829,42,2026-05-11,2026-03-12→2026-05-11 (42 sessions),0,0,0,0,-1,1,0,0,-1,-1,-1,-1,-1,0,0,0,0,0,0,0,0,0,0,0,0,0,0,0,0,0,0,1
BBAI,2026-03-12,0,ohlc_only_no_export,4,4,2026-03-11,2026-03-12,43.485575761283556,4.03000020980835,False,1.2499940395298381,1.2104807263413861,0,SETUP_NO,month=2025-12 net=-35295.5 delta=98574.5,1,,none,0.1066997037102071,-0.25310177822387747,42,2026-05-12,2026-03-13→2026-05-12 (42 sessions),0,0,0,0,1,1,0,0,-1,-1,-1,-1,1,0,0,0,0,0,0,0,0,0,0,0,0,0,0,0,0,0,0,1
BBAI,2026-03-13,-3,ohlc_only_no_export,2,5,2026-03-12,2026-03-13,41.83661372927246,3.940000057220459,False,0.0,0.0,0,SETUP_NO,month=2025-12 net=-35295.5 delta=98574.5,1,,none,0.1319796886737501,-0.2360406226524998,42,2026-05-13,2026-03-16→2026-05-13 (42 sessions),0,0,0,0,-1,-1,0,0,-1,-1,-1,0,1,0,0,0,0,0,0,0,0,0,0,0,0,0,0,0,0,0,0,1
BBAI,2026-03-16,-3,ohlc_only_no_export,2,5,2026-03-13,2026-03-16,42.09933185075458,3.950000047683716,False,0.0,0.0,0,SETUP_NO,month=2025-12 net=-35295.5 delta=98574.5,1,,none,0.12911392007762656,-0.23797469515770664,42,2026-05-14,2026-03-17→2026-05-14 (42 sessions),0,0,0,0,-1,-1,0,0,-1,-1,-1,0,1,0,0,0,0,0,0,0,0,0,0,0,0,0,0,0,0,0,0,1
BBAI,2026-03-17,-4,ohlc_only_no_export,2,6,2026-03-16,2026-03-17,42.37961769585508,3.9600000381469727,False,0.2,0.7206156300693441,0,SETUP_NO,month=2025-12 net=-35295.5 delta=98574.5,1,,none,0.126262625046329,-0.23989899962936745,42,2026-05-15,2026-03-18→2026-05-15 (42 sessions),0,0,0,0,-1,-1,0,0,-1,-1,-1,-1,1,0,0,0,0,0,0,0,0,0,0,0,0,0,0,0,0,0,0,1
BBAI,2026-03-18,-4,ohlc_only_no_export,2,6,2026-03-17,2026-03-18,39.11684566967786,3.799999952316284,False,0.0666665607029211,1.080309600005345,0,SETUP_NO,month=2025-12 net=-35295.5 delta=98574.5,1,,none,0.17368423529278898,-0.20789472941216325,42,2026-05-18,2026-03-19→2026-05-18 (42 sessions),0,0,0,0,-1,1,0,0,-1,-1,-1,-1,-1,0,0,0,0,0,0,0,0,0,0,0,0,0,0,0,0,0,0,1
BBAI,2026-03-19,-6,ohlc_only_no_export,1,7,2026-03-18,2026-03-19,37.74760073841954,3.7300000190734863,False,0.1333331214058422,0.8651629842928439,0,SETUP_NO,month=2025-12 net=-35295.5 delta=98574.5,1,,none,0.195710459876838,-0.19302949729986163,42,2026-05-19,2026-03-20→2026-05-19 (42 sessions),0,0,0,0,-1,-1,0,0,-1,-1,-1,-1,-1,0,0,0,0,0,0,0,0,0,0,0,0,0,0,0,0,0,0,1
BBAI,2026-03-20,-5,ohlc_only_no_export,2,7,2026-03-19,2026-03-20,34.926305376308946,3.5799999237060547,False,0.19999952316352393,0.7956388704563887,0,SETUP_NO,month=2025-12 net=-35295.5 delta=98574.5,1,,none,0.24581009307115642,-0.15921786184082587,42,2026-05-20,2026-03-23→2026-05-20 (42 sessions),0,0,0,0,-1,-1,0,1,-1,-1,-1,-1,-1,0,0,0,0,0,0,0,0,0,0,0,0,0,0,0,0,0,0,1
BBAI,2026-03-23,-6,ohlc_only_no_export,1,7,2026-03-20,2026-03-23,38.2403459864106,3.680000066757202,False,0.7000007152547141,0.8504632701712994,0,SETUP_NO,month=2025-12 net=-35295.5 delta=98574.5,1,,none,0.21195651011960503,-0.18206523482059234,42,2026-05-21,2026-03-24→2026-05-21 (42 sessions),0,0,0,0,-1,-1,0,0,-1,-1,-1,-1,-1,0,0,0,0,0,0,0,0,0,0,0,0,0,0,0,0,0,0,1
BBAI,2026-03-24,-1,ohlc_only_no_export,4,5,2026-03-23,2026-03-24,35.51351369920768,3.5399999618530273,False,0.8750029802350809,1.078534194594005,0,SETUP_NO,month=2025-12 net=-35295.5 delta=98574.5,1,,none,0.2966102265676964,-0.14971750765566105,42,2026-05-22,2026-03-25→2026-05-22 (42 sessions),0,0,0,0,-1,1,0,1,-1,-1,-1,-1,1,0,0,0,0,0,0,0,0,0,0,0,0,0,0,0,0,0,0,1
BBAI,2026-03-25,-2,ohlc_only_no_export,3,5,2026-03-24,2026-03-25,36.21327962570098,3.559999942779541,False,0.0,0.0,0,SETUP_NO,month=2025-12 net=-35295.5 delta=98574.5,1,,none,0.2893259062819413,-0.15449437111138287,42,2026-05-26,2026-03-26→2026-05-26 (42 sessions),0,0,0,0,-1,-1,0,1,-1,-1,-1,0,1,0,0,0,0,0,0,0,0,0,0,0,0,0,0,0,0,0,0,1
BBAI,2026-03-26,-4,ohlc_only_no_export,2,6,2026-03-25,2026-03-26,31.759541633925878,3.319999933242798,False,0.0,0.0,0,SETUP_NO,month=2025-12 net=-35295.5 delta=98574.5,1,,none,0.3825301942414874,-0.09337347861834133,42,2026-05-27,2026-03-27→2026-05-27 (42 sessions),0,0,0,0,-1,-1,0,1,-1,-1,-1,0,-1,0,0,0,0,0,0,0,0,0,0,0,0,0,0,0,0,0,0,1
BBAI,2026-03-27,-3,ohlc_only_no_export,3,6,2026-03-26,2026-03-27,28.889775605600676,3.140000104904175,False,0.0,0.0,0,SETUP_NO,month=2025-12 net=-35295.5 delta=98574.5,1,,none,0.5891718485373894,-0.041401308948327276,42,2026-05-28,2026-03-30→2026-05-28 (42 sessions),1,0,0,0,-1,-1,0,1,-1,-1,-1,0,-1,0,0,0,0,0,0,0,0,0,0,0,0,0,0,0,0,0,0,1
BBAI,2026-03-30,-3,ohlc_only_no_export,3,6,2026-03-27,2026-03-30,27.408063497601532,3.0399999618530273,False,0.0,0.0,0,SETUP_NO,month=2025-12 net=-35295.5 delta=98574.5,1,,none,0.6973683921584128,0.03289478431117887,42,2026-05-29,2026-03-31→2026-05-29 (42 sessions),1,0,0,0,-1,-1,0,1,-1,-1,-1,0,-1,0,0,0,0,0,0,0,0,0,0,0,0,0,0,0,0,0,0,1
BBAI,2026-03-31,2,ohlc_only_no_export,6,4,2026-03-30,2026-03-31,42.620581927343224,3.5199999809265137,False,3.454540134467915,1.048091297794457,0,SETUP_NO,month=2025-12 net=-35295.5 delta=98574.5,1,,none,0.5511363828785656,-0.08806816603957612,42,2026-06-01,2026-04-01→2026-06-01 (42 sessions),0,1,0,0,1,1,0,0,-1,-1,-1,1,-1,1,0,0,0,0,0,0,0,0,0,0,0,0,0,0,0,0,0,1
BBAI,2026-04-01,-1,ohlc_only_no_export,4,5,2026-03-31,2026-04-01,40.70667262036681,3.4200000762939453,False,3.166668653490054,1.110059881019867,0,SETUP_NO,month=2026-03 net=-387660.0 delta=-352364.5,-1,,none,0.5964912036094621,-0.061403518556215175,42,2026-06-02,2026-04-02→2026-06-02 (42 sessions),0,0,0,0,1,1,0,0,-1,-1,-1,1,-1,1,0,0,0,0,0,0,0,0,0,0,0,0,0,0,0,0,0,-1
BBAI,2026-04-02,-3,ohlc_only_no_export,3,6,2026-04-01,2026-04-02,44.9650597860774,3.5799999237060547,False,2.2916676600783603,0.7541978614852317,0,SETUP_NO,month=2026-03 net=-387660.0 delta=-352364.5,-1,,none,0.5251397079625413,-0.10335192554307493,42,2026-06-03,2026-04-06→2026-06-03 (42 sessions),0,0,0,0,1,-1,0,0,-1,-1,-1,1,-1,1,0,0,0,0,0,0,0,0,0,0,0,0,0,0,0,0,0,-1
BBAI,2026-04-06,-2,ohlc_only_no_export,3,5,2026-04-02,2026-04-06,43.493341003801234,3.509999990463257,False,99.0,99.0,0,SETUP_NO,month=2026-03 net=-387660.0 delta=-352364.5,-1,,none,0.5555555706501158,-0.08547007211720525,42,2026-06-04,2026-04-07→2026-06-04 (42 sessions),0,0,0,0,1,1,0,0,-1,-1,-1,-1,0,1,0,0,0,0,0,0,0,0,0,0,0,0,0,0,0,0,0,-1
BBAI,2026-04-07,-6,ohlc_only_no_export,1,7,2026-04-06,2026-04-07,42.21783214340644,3.450000047683716,False,0.5,0.906304852214264,0,SETUP_NO,month=2026-03 net=-387660.0 delta=-352364.5,-1,,none,0.5826086848354521,-0.06956521919409131,42,2026-06-05,2026-04-08→2026-06-05 (42 sessions),0,0,0,0,-1,-1,0,0,-1,-1,-1,-1,1,0,0,0,0,0,0,0,0,0,0,0,0,0,0,0,0,0,0,-1
BBAI,2026-04-08,-5,ohlc_only_no_export,1,6,2026-04-07,2026-04-08,43.40934532795204,3.490000009536743,False,0.0,0.0,0,SETUP_NO,month=2026-03 net=-387660.0 delta=-352364.5,-1,,none,0.5644699206954227,-0.08022921794402438,42,2026-06-08,2026-04-09→2026-06-08 (42 sessions),0,0,0,0,-1,-1,0,0,-1,-1,-1,0,1,0,0,0,0,0,0,0,0,0,0,0,0,0,0,0,0,0,0,-1
BBAI,2026-04-09,-7,ohlc_only_no_export,0,7,2026-04-08,2026-04-09,39.0710842038945,3.2899999618530273,False,0.0,0.0,0,SETUP_NO,month=2026-03 net=-387660.0 delta=-352364.5,-1,,none,0.6595744989224059,-0.02431608651478412,42,2026-06-09,2026-04-10→2026-06-09 (42 sessions),0,0,0,0,-1,-1,0,0,-1,-1,-1,0,-1,0,0,0,0,0,0,0,0,0,0,0,0,0,0,0,0,0,0,-1
BBAI,2026-04-10,-7,ohlc_only_no_export,0,7,2026-04-09,2026-04-10,40.0390859096128,3.319999933242798,False,0.0,0.2908292790341806,0,SETUP_NO,month=2026-03 net=-387660.0 delta=-352364.5,-1,,none,0.6445783578115731,-0.0331324991890537,42,2026-06-10,2026-04-13→2026-06-10 (42 sessions),0,0,0,0,-1,-1,0,0,-1,-1,-1,0,-1,0,0,0,0,0,0,0,0,0,0,0,0,0,0,0,0,0,0,-1
BBAI,2026-04-13,-3,ohlc_only_no_export,2,5,2026-04-10,2026-04-13,41.04772986315617,3.3499999046325684,False,99.0,3.092481743414736,0,SETUP_NO,month=2026-03 net=-387660.0 delta=-352364.5,-1,,none,0.6298508040542261,0.03582093355039162,42,2026-06-11,2026-04-14→2026-06-11 (42 sessions),0,0,0,0,1,1,0,0,-1,-1,-1,-1,0,0,0,0,0,0,0,0,0,0,0,0,0,0,0,0,0,0,0,-1
BBAI,2026-04-14,-3,ohlc_only_no_export,2,5,2026-04-13,2026-04-14,46.53609824416935,3.5199999809265137,False,99.0,99.0,0,SETUP_NO,month=2026-03 net=-387660.0 delta=-352364.5,-1,,none,0.5511363828785656,0.008522719191002448,42,2026-06-12,2026-04-15→2026-06-12 (42 sessions),0,0,0,0,1,1,0,0,-1,-1,-1,-1,0,0,0,0,0,0,0,0,0,0,0,0,0,0,0,0,0,0,0,-1
BBAI,2026-04-15,-1,ohlc_only_no_export,4,5,2026-04-14,2026-04-15,53.880065071754004,3.7899999618530273,False,99.0,99.0,0,SETUP_NO,month=2026-03 net=-387660.0 delta=-352364.5,-1,,none,0.4406332699479605,-0.047493421785998025,42,2026-06-15,2026-04-16→2026-06-15 (42 sessions),0,0,1,0,1,1,1,0,-1,-1,-1,-1,0,0,0,0,0,0,0,0,0,0,0,0,0,0,0,0,0,0,0,-1
BBAI,2026-04-16,-2,ohlc_only_no_export,3,5,2026-04-15,2026-04-16,52.72458163150211,3.75,False,1.2777774098480081,1.054795221337584,0,SETUP_NO,month=2026-03 net=-387660.0 delta=-352364.5,-1,,none,0.4560000101725261,-0.03733336130777998,42,2026-06-16,2026-04-17→2026-06-16 (42 sessions),0,0,0,0,1,1,0,0,-1,-1,-1,1,-1,0,0,0,0,0,0,0,0,0,0,0,0,0,0,0,0,0,0,-1
BBAI,2026-04-17,-3,ohlc_only_no_export,3,6,2026-04-16,2026-04-17,55.30516359913655,3.8499999046325684,False,0.0,0.0,0,SETUP_NO,month=2026-03 net=-387660.0 delta=-352364.5,-1,,none,0.4181818632195675,-0.06233766635888993,42,2026-06-17,2026-04-20→2026-06-17 (42 sessions),0,0,0,0,-1,-1,1,-1,1,-1,-1,0,1,0,0,0,0,0,0,0,0,0,0,0,0,0,0,0,0,0,0,-1
BBAI,2026-04-20,1,ohlc_only_no_export,5,4,2026-04-17,2026-04-20,54.98195186896063,3.8399999141693115,False,2.2499865890220714,0.562761668978211,0,SETUP_NO,month=2026-03 net=-387660.0 delta=-352364.5,-1,,none,0.4218750417154913,-0.05989583963916345,42,2026-06-18,2026-04-21→2026-06-18 (42 sessions),0,0,0,0,1,-1,0,0,1,-1,-1,1,1,1,0,0,0,0,0,0,0,0,0,0,0,0,0,0,0,0,0,-1
BBAI,2026-04-21,-4,ohlc_only_no_export,2,6,2026-04-20,2026-04-21,53.30453772097559,3.7899999618530273,False,0.8181800448226385,0.6619613443584413,0,SETUP_NO,month=2026-03 net=-387660.0 delta=-352364.5,-1,,none,0.4406332699479605,-0.047493421785998025,42,2026-06-22,2026-04-22→2026-06-22 (42 sessions),0,0,0,0,-1,-1,0,0,-1,-1,-1,1,1,0,0,0,0,0,0,0,0,0,0,0,0,0,0,0,0,0,0,-1
BBAI,2026-04-22,-5,ohlc_only_no_export,2,7,2026-04-21,2026-04-22,58.72848822989491,3.990000009536743,False,0.9999978325610026,0.9357043753144646,0,SETUP_NO,month=2026-03 net=-387660.0 delta=-352364.5,-1,,none,0.3684210589214769,-0.09523812369239515,42,2026-06-23,2026-04-23→2026-06-23 (42 sessions),0,0,0,0,-1,-1,0,-1,1,-1,-1,-1,1,0,0,0,0,0,0,0,0,0,0,0,0,0,0,0,0,0,0,-1
BBAI,2026-04-23,-5,ohlc_only_no_export,1,6,2026-04-22,2026-04-23,50.51399669163263,3.7300000190734863,False,0.6470579160542584,1.1149349764582985,0,SETUP_NO,month=2026-03 net=-387660.0 delta=-352364.5,-1,,none,0.46380697325122533,-0.05898124061266796,42,2026-06-24,2026-04-24→2026-06-24 (42 sessions),0,0,0,0,-1,1,0,0,-1,-1,0,-1,-1,0,0,0,0,0,0,0,0,0,0,0,0,0,0,0,0,0,0,-1
BBAI,2026-04-24,-7,ohlc_only_no_export,0,7,2026-04-23,2026-04-24,49.65103334789413,3.700000047683716,False,0.0,0.0,0,SETUP_NO,month=2026-03 net=-387660.0 delta=-352364.5,-1,,none,0.47567566696791186,-0.09189193194760592,42,2026-06-25,2026-04-27→2026-06-25 (42 sessions),0,0,-1,0,-1,-1,0,0,-1,-1,0,0,-1,0,0,0,0,0,0,0,0,0,0,0,0,0,0,0,0,0,0,-1
BBAI,2026-04-27,-3,export,5,8,2026-04-24,2026-04-27,50.560608149355595,3.7300000190734863,False,0.5555555555555556,1.0026050012361165,0,SETUP_NO,month=2026-03 net=-387660.0 delta=-352364.5,-1,,2026-04-26,0.46380697325122533,-0.1072386309174308,42,2026-06-26,2026-04-28→2026-06-26 (42 sessions),0,0,1,0,-1,1,0,0,-1,-1,0,-1,1,0,0,0,0,0,-1,-1,0,0,0,-1,0,1,1,0,0,0,0,-1
BBAI,2026-04-28,1,export,7,6,2026-04-27,2026-04-28,60.54053489840357,4.119999885559082,False,99.0,99.0,0,SETUP_NO,month=2026-03 net=-387660.0 delta=-352364.5,-1,,2026-04-26,0.3252427645167406,-0.19174756888271727,42,2026-06-29,2026-04-29→2026-06-29 (42 sessions),0,0,0,0,1,1,1,-1,1,-1,0,1,0,0,0,0,0,0,-1,-1,0,0,0,-1,0,1,1,0,0,0,0,-1
BBAI,2026-04-29,1,export,7,6,2026-04-28,2026-04-29,51.86716009511624,3.819999933242798,False,1.076922371542855,1.2210956419099483,0,SETUP_NO,month=2026-03 net=-387660.0 delta=-352364.5,-1,,2026-04-26,0.4293194066922348,-0.1282722560470786,42,2026-06-30,2026-04-30→2026-06-30 (42 sessions),0,0,0,0,1,1,1,0,1,-1,0,1,-1,0,0,0,0,0,-1,-1,0,0,0,-1,0,1,1,0,0,0,0,-1
BBAI,2026-04-30,-4,export,4,8,2026-04-29,2026-04-30,55.52668787286145,3.9800000190734863,False,0.5641024857269838,0.6666643454160233,0,SETUP_NO,month=2026-03 net=-387660.0 delta=-352364.5,-1,,2026-04-26,0.3718592994926717,-0.16331660609357146,42,2026-07-01,2026-05-01→2026-07-01 (42 sessions),0,0,0,0,-1,-1,0,0,1,-1,0,1,-1,0,0,0,0,0,-1,-1,0,0,0,-1,0,1,1,0,0,0,0,-1
BBAI,2026-05-01,0,export,6,6,2026-04-30,2026-05-01,58.892491349540826,4.139999866485596,False,99.0,99.0,0,SETUP_NO,month=2026-03 net=-387660.0 delta=-352364.5,-1,,2026-04-26,0.3188406314568102,-0.1956521664014308,42,2026-07-02,2026-05-04→2026-07-02 (42 sessions),0,0,0,0,1,1,0,-1,1,-1,0,1,0,0,0,0,0,0,-1,-1,0,0,0,-1,0,1,1,0,0,0,0,-1
BBAI,2026-05-04,-1,export,5,6,2026-05-01,2026-05-04,59.51123845460006,4.170000076293945,False,99.0,99.0,0,SETUP_NO,month=2026-03 net=-387660.0 delta=-352364.5,-1,,2026-04-26,0.30935250317777085,-0.20143888182717595,42,2026-07-06,2026-05-05→2026-07-06 (42 sessions),0,0,0,0,1,1,0,0,1,-1,0,-1,0,0,0,0,0,0,-1,-1,0,0,0,-1,0,1,1,0,0,0,0,-1
BBAI,2026-05-05,-1,export,5,6,2026-05-04,2026-05-05,58.56196282595228,4.139999866485596,False,0.7999891009659269,1.0843221071309237,0,SETUP_NO,month=2026-03 net=-387660.0 delta=-352364.5,-1,,2026-04-26,0.3188406314568102,-0.1956521664014308,42,2026-07-07,2026-05-06→2026-07-07 (42 sessions),0,0,0,0,-1,1,0,0,1,0,0,-1,1,0,0,0,0,0,-1,-1,0,0,0,-1,0,1,1,0,0,0,0,-1
BBAI,2026-05-06,3,export,8,5,2026-05-05,2026-05-06,63.384215373608704,4.369999885559082,False,8.285636435470906,1.5257964535493311,0,SETUP_NO,month=2026-03 net=-387660.0 delta=-352364.5,-1,,2026-04-26,0.2494279590692574,-0.25171623190828485,42,2026-07-08,2026-05-07→2026-07-08 (42 sessions),0,0,0,0,1,1,1,-1,1,0,0,1,1,0,0,0,0,0,-1,-1,0,0,0,-1,0,1,1,0,0,0,0,-1
BBAI,2026-05-07,1,export,6,5,2026-05-06,2026-05-07,57.15554253806059,4.170000076293945,False,1.4500011920940323,1.6930470535892361,0,SETUP_NO,month=2026-03 net=-387660.0 delta=-352364.5,-1,,2026-04-26,0.30935250317777085,-0.22302159466235127,42,2026-07-09,2026-05-08→2026-07-09 (42 sessions),0,0,0,0,1,1,0,0,1,0,0,1,-1,0,0,0,0,0,-1,-1,0,0,0,-1,0,1,1,0,0,0,0,-1
BBAI,2026-05-08,-4,export,3,7,2026-05-07,2026-05-08,57.38105029093413,4.179999828338623,False,0.0,0.3102837708070815,0,SETUP_NO,month=2026-03 net=-387660.0 delta=-352364.5,-1,,2026-04-26,0.3062201584628048,-0.22488034866151918,42,2026-07-10,2026-05-11→2026-07-10 (42 sessions),0,0,0,0,-1,-1,0,0,1,0,0,0,-1,0,0,0,0,0,-1,-1,0,0,0,-1,0,1,1,0,0,0,0,-1
BBAI,2026-05-11,0,export,5,5,2026-05-08,2026-05-11,60.51454208218564,4.320000171661377,False,99.0,3.5807256512929233,0,SETUP_NO,month=2026-03 net=-387660.0 delta=-352364.5,-1,,2026-04-26,0.2638888474967762,-0.2939815205740325,42,2026-07-13,2026-05-12→2026-07-13 (42 sessions),0,0,0,0,1,1,0,0,1,0,0,-1,0,0,0,0,0,0,-1,-1,0,0,0,-1,0,1,1,0,0,0,0,-1
BBAI,2026-05-12,1,export,6,5,2026-05-11,2026-05-12,56.37003007408588,4.190000057220459,False,4.250005960470162,1.301615376897387,0,SETUP_NO,month=2026-03 net=-387660.0 delta=-352364.5,-1,,2026-04-26,0.30310261660688376,-0.2744630261724419,42,2026-07-14,2026-05-13→2026-07-14 (42 sessions),0,0,0,0,1,1,0,0,1,0,0,-1,1,0,0,0,0,0,-1,-1,0,0,0,-1,0,1,1,0,0,0,0,-1
BBAI,2026-05-13,-1,export,5,6,2026-05-12,2026-05-13,56.85954830336531,4.210000038146973,False,0.5,1.11952642366735,0,SETUP_NO,month=2026-03 net=-387660.0 delta=-352364.5,-1,,2026-04-26,0.2969121113239197,-0.27790975432126597,42,2026-07-15,2026-05-14→2026-07-15 (42 sessions),0,0,0,0,-1,1,0,0,1,0,0,-1,1,0,0,0,0,0,-1,-1,0,0,0,-1,0,1,1,0,0,0,0,-1
BBAI,2026-05-14,1,export,6,5,2026-05-13,2026-05-14,60.87758441757982,4.380000114440918,False,99.0,99.0,0,SETUP_NO,month=2026-03 net=-387660.0 delta=-352364.5,-1,,2026-04-26,0.246575318604509,-0.3356164361191727,42,2026-07-16,2026-05-15→2026-07-16 (42 sessions),0,0,0,0,1,1,0,0,1,0,0,-1,0,1,0,0,0,0,-1,-1,0,0,0,-1,0,1,1,0,0,0,0,-1
BBAI,2026-05-15,1,export,6,5,2026-05-14,2026-05-15,51.722439089940856,4.079999923706055,False,1.333334392970789,1.1072335885601787,0,SETUP_NO,month=2026-03 net=-387660.0 delta=-352364.5,-1,,2026-04-26,0.3382353284917219,-0.3161764671508278,42,2026-07-17,2026-05-18→2026-07-17 (42 sessions),0,0,0,0,1,1,0,0,1,0,0,1,-1,0,0,0,0,0,-1,-1,0,0,0,-1,0,1,1,0,0,0,0,-1
BBAI,2026-05-18,-5,export,3,8,2026-05-15,2026-05-18,47.610093656668504,3.9200000762939453,False,0.0,0.0,0,SETUP_NO,month=2026-03 net=-387660.0 delta=-352364.5,-1,,2026-04-26,0.39285712547969576,-0.2933673655574689,42,2026-07-20,2026-05-19→2026-07-20 (42 sessions),0,0,-1,0,-1,-1,0,0,1,0,0,0,-1,0,0,0,0,0,-1,-1,0,0,0,-1,0,1,1,0,0,0,0,-1
BBAI,2026-05-19,-2,export,4,6,2026-05-18,2026-05-19,45.655486226445966,3.8399999141693115,False,0.0,0.0,0,SETUP_NO,month=2026-03 net=-387660.0 delta=-352364.5,-1,,2026-04-26,0.4218750417154913,-0.27864582217686473,42,2026-07-21,2026-05-20→2026-07-21 (42 sessions),0,0,0,0,-1,-1,0,0,1,0,0,0,1,0,0,0,0,0,-1,-1,0,0,0,-1,0,1,1,0,0,0,0,-1
BBAI,2026-05-20,5,export,9,4,2026-05-19,2026-05-20,52.019490209624465,4.079999923706055,False,20.0,1.4736155713950028,0,SETUP_NO,month=2026-03 net=-387660.0 delta=-352364.5,-1,,2026-04-26,0.3382353284917219,-0.3210784233519315,42,2026-07-22,2026-05-21→2026-07-22 (42 sessions),0,0,1,0,1,1,0,0,1,0,0,1,1,1,0,0,0,0,-1,-1,0,0,0,-1,0,1,1,0,0,0,0,-1
BBAI,2026-05-21,2,export,6,4,2026-05-20,2026-05-21,54.86550762923871,4.199999809265137,False,99.0,99.0,0,SETUP_NO,month=2026-03 net=-387660.0 delta=-352364.5,-1,,2026-04-26,0.3000000681195971,-0.34047616506649947,42,2026-07-23,2026-05-22→2026-07-23 (42 sessions),0,0,0,0,1,1,0,0,1,0,0,1,0,0,0,0,0,0,-1,-1,0,0,0,-1,0,1,1,0,0,0,0,-1
BBAI,2026-05-22,1,export,7,6,2026-05-21,2026-05-22,54.287536344405765,4.179999828338623,False,3.249994039529838,0.7869342045286505,0,SETUP_NO,month=2026-03 net=-387660.0 delta=-352364.5,-1,,2026-04-26,0.3062201584628048,-0.3468899207685976,42,2026-07-24,2026-05-26→2026-07-24 (42 sessions),0,0,0,0,1,-1,1,0,1,0,0,-1,1,1,0,0,0,0,-1,-1,0,0,0,-1,0,1,1,0,0,0,0,-1
BBAI,2026-05-26,-2,export,4,6,2026-05-22,2026-05-26,54.287536344405765,4.179999828338623,False,0.0,0.0,0,SETUP_NO,month=2026-03 net=-387660.0 delta=-352364.5,-1,,2026-04-26,0.3062201584628048,-0.3468899207685976,42,2026-07-27,2026-05-27→2026-07-27 (42 sessions),0,0,0,0,-1,-1,0,0,1,0,0,0,1,0,0,0,0,0,-1,-1,0,0,0,-1,0,1,1,0,0,0,0,-1
BBAI,2026-05-27,4,export,8,4,2026-05-26,2026-05-27,59.04138783117049,4.369999885559082,False,3.8666682561253767,1.2874140915556926,0,SETUP_NO,month=2026-03 net=-387660.0 delta=-352364.5,-1,,2026-04-26,0.2494279590692574,-0.38901598484770783,42,2026-07-28,2026-05-28→2026-07-28 (42 sessions),0,0,0,0,1,1,0,0,1,0,0,1,1,1,0,0,0,0,-1,-1,0,0,0,-1,0,1,1,0,0,0,0,-1
BBAI,2026-05-28,3,export,8,5,2026-05-27,2026-05-28,69.34195924147569,4.940000057220459,False,99.0,99.0,0,SETUP_NO,month=2026-03 net=-387660.0 delta=-352364.5,-1,,2026-04-26,0.10526315281443477,-0.4757085254718395,42,2026-07-29,2026-05-29→2026-07-29 (42 sessions),0,0,0,0,1,1,1,-1,1,0,0,1,0,1,0,0,0,0,-1,-1,0,0,0,-1,0,1,1,0,0,0,0,-1
BBAI,2026-05-29,1,export,9,8,2026-05-28,2026-05-29,70.7325833599979,5.039999961853027,False,16.500011920940324,0.6572416663698015,0,SETUP_NO,month=2026-03 net=-387660.0 delta=-352364.5,-1,,2026-04-26,0.08333334910175805,-0.48611112425146497,42,2026-07-30,2026-06-01→2026-07-30 (42 sessions),-1,0,0,-1,1,-1,1,-1,1,0,1,1,1,1,0,0,0,0,-1,-1,0,0,0,-1,0,1,1,0,0,0,0,-1
BBAI,2026-06-01,2,export,9,7,2026-05-29,2026-06-01,74.47338903340169,5.340000152587891,False,4.250005960470162,0.7844918262082569,0,SETUP_NO,month=2026-05 net=-104875.0 delta=282785.0,1,,2026-04-26,-0.024344590023638313,-0.5149813033405746,42,2026-07-31,2026-06-02→2026-07-31 (42 sessions),-1,0,0,0,1,-1,1,-1,1,0,1,-1,1,1,0,0,0,0,-1,-1,0,0,0,-1,0,1,1,0,0,0,0,1
BBAI,2026-06-02,3,export,9,6,2026-06-01,2026-06-02,67.36448314777641,5.110000133514404,False,2.8333373069801078,1.6761824449514362,0,SETUP_NO,month=2026-05 net=-104875.0 delta=282785.0,1,,2026-04-26,-0.02152644435231188,-0.4931507149711094,42,2026-08-03,2026-06-03→2026-08-03 (42 sessions),0,0,0,-1,1,1,0,-1,1,0,1,-1,1,1,0,0,0,0,-1,-1,0,0,0,-1,0,1,1,0,0,0,0,1
BBAI,2026-06-03,1,export,6,5,2026-06-02,2026-06-03,59.871772969469944,4.829999923706055,False,0.0,0.0,0,SETUP_NO,month=2026-05 net=-104875.0 delta=282785.0,1,,2026-04-26,0.031055920856482455,-0.46376812524212074,42,2026-08-04,2026-06-04→2026-08-04 (42 sessions),0,0,0,0,-1,-1,0,0,1,0,1,0,1,0,0,0,0,0,-1,-1,0,0,0,-1,0,1,1,0,0,0,0,1
BBAI,2026-06-04,1,export,6,5,2026-06-03,2026-06-04,58.37346668552332,4.769999980926514,False,0.0,0.0,0,SETUP_NO,month=2026-05 net=-104875.0 delta=282785.0,1,,2026-04-26,-0.02096434067765862,-0.4570230766193345,42,2026-08-05,2026-06-05→2026-08-05 (42 sessions),0,0,0,0,-1,-1,0,0,1,0,1,0,1,0,0,0,0,0,-1,-1,0,0,0,-1,0,1,1,0,0,0,0,1
BBAI,2026-06-05,1,export,7,6,2026-06-04,2026-06-05,46.47465720716408,4.199999809265137,False,0.0,0.0,0,SETUP_NO,month=2026-05 net=-104875.0 delta=282785.0,1,,2026-04-26,0.06904761310067009,-0.3833333257644892,42,2026-08-06,2026-06-08→2026-08-06 (42 sessions),0,0,-1,0,-1,-1,0,0,1,1,1,0,1,0,0,0,0,0,-1,-1,0,0,0,-1,0,1,1,0,0,0,0,1
BBAI,2026-06-08,2,export,7,5,2026-06-05,2026-06-08,48.65001767710258,4.309999942779541,False,0.0,0.0,0,SETUP_NO,month=2026-05 net=-104875.0 delta=282785.0,1,,2026-04-26,0.016241339348193495,-0.3990719376903269,42,2026-08-07,2026-06-09→2026-08-07 (42 sessions),0,0,0,0,-1,-1,0,0,1,1,1,0,1,0,0,0,0,0,-1,-1,0,0,0,-1,0,1,1,0,0,0,0,1
BBAI,2026-06-09,0,export,6,6,2026-06-08,2026-06-09,43.155278777927315,3.990000009536743,False,0.0,0.0,0,SETUP_NO,month=2026-05 net=-104875.0 delta=282785.0,1,,2026-04-26,0.057644055164203234,-0.350877216045415,42,2026-08-10,2026-06-10→2026-08-10 (42 sessions),0,0,0,0,-1,-1,0,0,-1,1,1,0,1,0,0,0,0,0,-1,-1,0,0,0,-1,0,1,1,0,0,0,0,1
BBAI,2026-06-10,-3,export,5,8,2026-06-09,2026-06-10,43.79617187089559,4.019999980926514,False,0.2758616153751925,0.834205444890747,0,SETUP_NO,month=2026-05 net=-104875.0 delta=282785.0,1,,2026-04-26,0.04975119657066296,-0.35572141132886803,42,2026-08-11,2026-06-11→2026-08-11 (42 sessions),0,0,0,0,-1,-1,0,0,-1,1,1,-1,-1,0,0,0,0,0,-1,-1,0,0,0,-1,0,1,1,0,0,0,0,1
BBAI,2026-06-11,4,export,8,4,2026-06-10,2026-06-11,46.399385981245636,4.139999866485596,False,99.0,99.0,0,SETUP_NO,month=2026-05 net=-104875.0 delta=282785.0,1,,2026-04-26,0.019323653692280285,-0.3743961358221163,42,2026-08-12,2026-06-12→2026-08-12 (42 sessions),0,0,0,0,1,1,0,0,1,1,1,-1,0,0,0,0,0,0,-1,-1,0,0,0,-1,0,1,1,0,0,0,0,1
BBAI,2026-06-12,3,export,8,5,2026-06-11,2026-06-12,44.1949314741312,4.019999980926514,False,1.4166666666666667,1.1575700699268687,0,SETUP_NO,month=2026-05 net=-104875.0 delta=282785.0,1,,2026-04-26,0.04975119657066296,-0.35572141132886803,42,2026-08-13,2026-06-15→2026-08-13 (42 sessions),0,0,0,0,1,1,0,0,-1,1,1,1,-1,0,0,0,0,0,-1,-1,0,0,0,-1,0,1,1,0,0,0,0,1
BBAI,2026-06-15,-2,export,5,7,2026-06-12,2026-06-15,44.89973927900949,4.050000190734863,False,0.0,0.0,0,SETUP_NO,month=2026-05 net=-104875.0 delta=282785.0,1,,2026-04-26,0.014814799988603022,-0.36049387847081504,42,2026-08-14,2026-06-16→2026-08-14 (42 sessions),0,0,0,0,-1,-1,0,0,-1,1,1,0,-1,0,0,0,0,0,-1,-1,0,0,0,-1,0,1,1,0,0,0,0,1
BBAI,2026-06-16,0,export,6,6,2026-06-15,2026-06-16,43.139484051628386,3.9600000381469727,False,0.0,0.0,0,SETUP_NO,month=2026-05 net=-104875.0 delta=282785.0,1,,2026-04-26,0.017676810855318248,-0.34595962393443147,41,2026-08-14,2026-06-17→2026-08-14 (41 sessions) truncated_vs_42,0,0,0,0,-1,-1,0,0,-1,1,1,0,1,0,0,0,0,0,-1,-1,0,0,0,-1,0,1,1,0,0,0,0,1
BBAI,2026-06-17,-1,export,6,7,2026-06-16,2026-06-17,41.57907778247644,3.880000114440918,False,0.0,0.0,0,SETUP_NO,month=2026-05 net=-104875.0 delta=282785.0,1,,2026-04-26,0.03092780464424627,-0.3324742686141613,40,2026-08-14,2026-06-18→2026-08-14 (40 sessions) truncated_vs_42,0,0,0,0,-1,-1,-1,0,-1,1,1,0,1,0,0,0,0,0,-1,-1,0,0,0,-1,0,1,1,0,0,0,0,1
BBAI,2026-06-18,0,export,6,6,2026-06-17,2026-06-18,42.695191619166536,3.9200000762939453,False,0.0,0.42754331386167915,0,SETUP_NO,month=2026-05 net=-104875.0 delta=282785.0,1,,2026-04-26,0.020408143405366452,-0.3392857490406085,39,2026-08-14,2026-06-22→2026-08-14 (39 sessions) truncated_vs_42,0,0,0,0,-1,-1,0,0,-1,1,1,0,1,0,0,0,0,0,-1,-1,0,0,0,-1,0,1,1,0,0,0,0,1
BBAI,2026-06-22,0,export,6,6,2026-06-18,2026-06-22,40.80618104956168,3.8299999237060547,False,0.0,0.35652518331729655,0,SETUP_NO,month=2026-05 net=-104875.0 delta=282785.0,1,,2026-04-26,0.013054880347486142,-0.3237598000620511,38,2026-08-14,2026-06-23→2026-08-14 (38 sessions) truncated_vs_42,0,0,0,0,-1,-1,0,0,-1,1,1,0,1,0,0,0,0,0,-1,-1,0,0,0,-1,0,1,1,0,0,0,0,1
BBAI,2026-06-23,-1,export,6,7,2026-06-22,2026-06-23,39.54988240484752,3.7699999809265137,False,0.24999403952983812,0.8456456514523089,0,SETUP_NO,month=2026-05 net=-104875.0 delta=282785.0,1,,2026-04-26,0.00265251737767902,-0.3129973667711281,37,2026-08-14,2026-06-24→2026-08-14 (37 sessions) truncated_vs_42,0,0,0,0,-1,-1,0,0,-1,1,1,-1,1,0,0,0,0,0,-1,-1,0,0,0,-1,0,1,1,0,0,0,0,1
BBAI,2026-06-24,-4,export,4,8,2026-06-23,2026-06-24,34.74936869846093,3.5199999809265137,False,0.0217385895987312,0.5961184590150528,0,SETUP_NO,month=2026-05 net=-104875.0 delta=282785.0,1,,2026-04-26,0.07386363405457219,-0.2642045658512796,36,2026-08-14,2026-06-25→2026-08-14 (36 sessions) truncated_vs_42,0,0,0,0,-1,-1,0,0,-1,1,0,-1,-1,0,0,0,0,0,-1,-1,0,0,0,-1,0,1,1,0,0,0,0,1
BBAI,2026-06-25,-3,export,4,7,2026-06-24,2026-06-25,32.859463862346374,3.4100000858306885,False,0.0,0.0,0,SETUP_NO,month=2026-05 net=-104875.0 delta=282785.0,1,,2026-04-26,0.10850436253550666,-0.2404692524990426,35,2026-08-14,2026-06-26→2026-08-14 (35 sessions) truncated_vs_42,0,0,0,0,-1,-1,0,0,-1,1,0,0,-1,0,0,0,0,0,-1,-1,0,0,0,-1,0,1,1,0,0,0,0,1
BBAI,2026-06-26,2,export,7,5,2026-06-25,2026-06-26,35.272007584845866,3.4800000190734863,False,1.000001833990819,1.3065300391808605,0,SETUP_NO,month=2026-05 net=-104875.0 delta=282785.0,1,,2026-04-26,0.08620688237701679,-0.2557471551799382,34,2026-08-14,2026-06-29→2026-08-14 (34 sessions) truncated_vs_42,0,0,0,0,1,1,0,0,-1,1,0,1,-1,0,0,0,0,0,-1,-1,0,0,0,-1,0,1,1,0,0,0,0,1
BBAI,2026-06-29,0,export,5,5,2026-06-26,2026-06-29,39.29876793317358,3.5999999046325684,False,99.0,99.0,0,SETUP_NO,month=2026-05 net=-104875.0 delta=282785.0,1,,2026-04-26,0.05000001986821556,-0.2805555603386445,33,2026-08-14,2026-06-30→2026-08-14 (33 sessions) truncated_vs_42,0,0,0,0,1,1,0,0,-1,0,0,-1,0,0,0,0,0,0,-1,-1,0,0,0,-1,0,1,1,0,0,0,0,1
BBAI,2026-06-30,0,export,5,5,2026-06-29,2026-06-30,41.58181397556599,3.6700000762939453,False,99.0,99.0,0,SETUP_NO,month=2026-05 net=-104875.0 delta=282785.0,1,,2026-04-26,0.029972722836263843,-0.2942779672133533,32,2026-08-14,2026-07-01→2026-08-14 (32 sessions) truncated_vs_42,0,0,0,0,1,1,0,0,-1,0,0,-1,0,0,0,0,0,0,-1,-1,0,0,0,-1,0,1,1,0,0,0,0,1
BBAI,2026-07-01,2,export,6,4,2026-06-30,2026-07-01,40.87231331901616,3.640000104904175,False,99.0,3.6303317535545023,0,SETUP_NO,month=2026-05 net=-104875.0 delta=282785.0,1,,2026-04-26,0.024725250432837687,-0.28846158254781296,31,2026-08-14,2026-07-02→2026-08-14 (31 sessions) truncated_vs_42,0,0,0,0,1,1,0,0,-1,0,0,1,0,0,0,0,0,0,-1,-1,0,0,0,-1,0,1,1,0,0,0,0,1
BBAI,2026-07-02,-4,export,3,7,2026-07-01,2026-07-02,38.292322650236,3.5299999713897705,False,0.0,0.3235969068892778,0,SETUP_NO,month=2026-05 net=-104875.0 delta=282785.0,1,,2026-04-26,0.04815866222996479,-0.26628897020936193,30,2026-08-14,2026-07-06→2026-08-14 (30 sessions) truncated_vs_42,0,0,0,0,-1,-1,0,0,-1,0,0,0,-1,0,0,0,0,0,-1,-1,0,0,0,-1,0,1,1,0,0,0,0,1
BBAI,2026-07-06,-3,export,4,7,2026-07-02,2026-07-06,40.141901680130886,3.5799999237060547,False,0.6666653421203734,1.0892691779030028,0,SETUP_NO,month=2026-05 net=-104875.0 delta=282785.0,1,,2026-04-26,0.00837988045505722,-0.27653632140636597,29,2026-08-14,2026-07-07→2026-08-14 (29 sessions) truncated_vs_42,0,0,0,0,-1,1,0,0,-1,0,0,-1,-1,0,0,0,0,0,-1,-1,0,0,0,-1,0,1,1,0,0,0,0,1
BBAI,2026-07-07,-5,export,3,8,2026-07-06,2026-07-07,36.59788602855471,3.430000066757202,False,0.6153846153846154,0.7659074982480729,0,SETUP_NO,month=2026-05 net=-104875.0 delta=282785.0,1,,2026-04-26,0.00583089811581905,-0.24489799890355257,28,2026-08-14,2026-07-08→2026-08-14 (28 sessions) truncated_vs_42,0,0,0,0,-1,-1,0,0,-1,0,0,-1,-1,0,0,0,0,0,-1,-1,0,0,0,-1,0,1,1,0,0,0,0,1
BBAI,2026-07-08,-1,export,5,6,2026-07-07,2026-07-08,34.01091515255008,3.309999942779541,False,0.0,0.0,0,SETUP_NO,month=2026-05 net=-104875.0 delta=282785.0,1,,2026-04-26,0.036253814517257066,-0.21752267101419231,27,2026-08-14,2026-07-09→2026-08-14 (27 sessions) truncated_vs_42,0,0,0,0,-1,-1,0,1,-1,0,0,0,1,0,0,0,0,0,-1,-1,0,0,0,-1,0,1,1,0,0,0,0,1
BBAI,2026-07-09,-3,export,4,7,2026-07-08,2026-07-09,34.42688697744806,3.319999933242798,False,0.5454533632150923,0.8784371468684724,0,SETUP_NO,month=2026-05 net=-104875.0 delta=282785.0,1,,2026-04-26,0.03313257100188016,-0.21987952823856283,26,2026-08-14,2026-07-10→2026-08-14 (26 sessions) truncated_vs_42,0,0,0,0,-1,-1,0,0,-1,0,0,-1,1,0,0,0,0,0,-1,-1,0,0,0,-1,0,1,1,0,0,0,0,1
BBAI,2026-07-10,-5,export,3,8,2026-07-09,2026-07-10,33.29670656408001,3.2699999809265137,False,0.24999950329514004,0.8873093286292415,0,SETUP_NO,month=2026-05 net=-104875.0 delta=282785.0,1,,2026-04-26,0.04281348798800533,-0.20795109196438977,25,2026-08-14,2026-07-13→2026-08-14 (25 sessions) truncated_vs_42,0,0,0,0,-1,-1,0,0,-1,0,0,-1,-1,0,0,0,0,0,-1,-1,0,0,0,-1,0,1,1,0,0,0,0,1
BBAI,2026-07-13,-2,export,5,7,2026-07-10,2026-07-13,29.537382312642663,3.0899999141693115,False,0.0,0.0,0,SETUP_NO,month=2026-05 net=-104875.0 delta=282785.0,1,,2026-04-26,0.10355992898058153,-0.16181230222927545,24,2026-08-14,2026-07-14→2026-08-14 (24 sessions) truncated_vs_42,1,0,0,0,-1,-1,0,1,-1,0,0,0,-1,0,0,0,0,0,-1,-1,0,0,0,-1,0,1,1,0,0,0,0,1
BBAI,2026-07-14,-3,export,5,8,2026-07-13,2026-07-14,30.01015798807518,3.0999999046325684,False,0.16666644590880492,0.6436767743783832,0,SETUP_NO,month=2026-05 net=-104875.0 delta=282785.0,1,,2026-04-26,0.10000006152737706,-0.16451613101701212,23,2026-08-14,2026-07-15→2026-08-14 (23 sessions) truncated_vs_42,0,1,0,0,-1,-1,0,1,-1,0,0,-1,-1,0,0,0,0,0,-1,-1,0,0,0,-1,0,1,1,0,0,0,0,1
BBAI,2026-07-15,-1,export,5,6,2026-07-14,2026-07-15,31.976251518518154,3.140000104904175,False,1.5,0.8966409571339752,0,SETUP_NO,month=2026-05 net=-104875.0 delta=282785.0,1,,2026-04-26,0.0859872521993923,-0.17515929056048485,22,2026-08-14,2026-07-16→2026-08-14 (22 sessions) truncated_vs_42,0,0,0,0,1,-1,0,0,-1,0,0,-1,1,0,0,0,0,0,-1,-1,0,0,0,-1,0,1,1,0,0,0,0,1
BBAI,2026-07-16,-1,export,6,7,2026-07-15,2026-07-16,27.414832107033135,2.9200000762939453,False,0.0,0.0,0,SETUP_NO,month=2026-05 net=-104875.0 delta=282785.0,1,,2026-04-26,0.16780821805958634,-0.11301375119944135,21,2026-08-14,2026-07-17→2026-08-14 (21 sessions) truncated_vs_42,1,0,0,0,-1,-1,0,1,-1,0,-1,0,1,0,0,0,0,0,-1,-1,0,0,0,-1,0,1,1,0,0,0,0,1
BBAI,2026-07-17,-4,export,5,9,2026-07-16,2026-07-17,25.96438053270029,2.8399999141693115,False,0.05263157894736842,0.7645145026643232,0,SETUP_NO,month=2026-05 net=-104875.0 delta=282785.0,1,,2026-04-26,0.20070429186195926,-0.0880281716744784,20,2026-08-14,2026-07-20→2026-08-14 (20 sessions) truncated_vs_42,1,0,0,0,-1,-1,0,1,-1,0,-1,-1,-1,0,0,0,0,0,-1,-1,0,0,0,-1,0,1,1,0,0,0,0,1
BBAI,2026-07-20,0,export,7,7,2026-07-17,2026-07-20,25.59973035310415,2.819999933242798,False,0.3333333333333333,1.2393623986814477,0,SETUP_NO,month=2026-05 net=-104875.0 delta=282785.0,1,,2026-04-26,0.2092199172180238,-0.08156029238234863,19,2026-08-14,2026-07-21→2026-08-14 (19 sessions) truncated_vs_42,1,0,0,0,-1,1,0,1,-1,0,-1,-1,1,0,0,0,0,0,-1,-1,0,0,0,-1,0,1,1,0,0,0,0,1
BBAI,2026-07-21,1,export,7,6,2026-07-20,2026-07-21,31.78965691948747,2.940000057220459,False,2.666674613960216,0.7628953963559189,0,SETUP_NO,month=2026-05 net=-104875.0 delta=282785.0,1,,2026-04-26,0.15986395219821126,-0.11904766538747802,18,2026-08-14,2026-07-22→2026-08-14 (18 sessions) truncated_vs_42,0,1,0,0,1,-1,0,0,-1,0,-1,1,1,0,0,0,0,0,-1,-1,0,0,0,-1,0,1,1,0,0,0,0,1
BBAI,2026-07-22,0,export,6,6,2026-07-21,2026-07-22,30.4265872466391,2.880000114440918,False,1.6000047683761296,0.7731632755795967,0,SETUP_NO,month=2026-05 net=-104875.0 delta=282785.0,1,,2026-04-26,0.18402776053106407,-0.10069450998195639,17,2026-08-14,2026-07-23→2026-08-14 (17 sessions) truncated_vs_42,0,0,0,0,1,-1,0,0,-1,0,-1,1,1,0,0,0,0,0,-1,-1,0,0,0,-1,0,1,1,0,0,0,0,1
BBAI,2026-07-23,-3,export,5,8,2026-07-22,2026-07-23,29.73994500934215,2.8499999046325684,False,0.2,0.9503830418188308,0,SETUP_NO,month=2026-05 net=-104875.0 delta=282785.0,1,,2026-04-26,0.19649129822350542,-0.09122806988191001,16,2026-08-14,2026-07-24→2026-08-14 (16 sessions) truncated_vs_42,1,0,0,0,-1,-1,0,0,-1,0,-1,-1,1,0,0,0,0,0,-1,-1,0,0,0,-1,0,1,1,0,0,0,0,1
BBAI,2026-07-24,-3,export,5,8,2026-07-23,2026-07-24,27.718987768061737,2.759999990463257,False,0.1111111111111111,1.0339502023868201,0,SETUP_NO,month=2026-05 net=-104875.0 delta=282785.0,1,,2026-04-26,0.23550728174398694,-0.06159423075411363,15,2026-08-14,2026-07-27→2026-08-14 (15 sessions) truncated_vs_42,1,0,0,0,-1,1,0,0,-1,0,-1,-1,-1,0,0,0,0,0,-1,-1,0,0,0,-1,0,1,1,0,0,0,0,1
BBAI,2026-07-27,-3,export,5,8,2026-07-24,2026-07-27,31.61158709229106,2.8299999237060547,False,0.0,0.0,0,SETUP_NO,month=2026-05 net=-104875.0 delta=282785.0,1,,2026-04-26,0.20494705927945356,-0.08480565936639628,14,2026-08-14,2026-07-28→2026-08-14 (14 sessions) truncated_vs_42,0,1,0,0,-1,-1,0,0,-1,-1,-1,0,1,0,0,0,0,0,-1,-1,0,0,0,-1,0,1,1,0,0,0,0,1
BBAI,2026-07-28,-3,export,5,8,2026-07-27,2026-07-28,29.878731712013604,2.759999990463257,False,0.0,0.0,0,SETUP_NO,month=2026-05 net=-104875.0 delta=282785.0,1,,2026-04-26,0.23550728174398694,-0.06159423075411363,13,2026-08-14,2026-07-29→2026-08-14 (13 sessions) truncated_vs_42,1,0,0,0,-1,-1,0,0,-1,-1,-1,0,1,0,0,0,0,0,-1,-1,0,0,0,-1,0,1,1,0,0,0,0,1
BBAI,2026-07-29,-3,export,5,8,2026-07-28,2026-07-29,26.132209410733907,2.5899999141693115,False,0.0,0.0,0,SETUP_NO,month=2026-05 net=-104875.0 delta=282785.0,1,,2026-04-26,0.31660239337281015,0.00772200061362871,12,2026-08-14,2026-07-30→2026-08-14 (12 sessions) truncated_vs_42,1,0,0,0,-1,-1,0,0,-1,-1,-1,0,1,0,0,0,0,0,-1,-1,0,0,0,-1,0,1,1,0,0,0,0,1
BBAI,2026-07-30,0,export,7,7,2026-07-29,2026-07-30,37.95956888039197,2.8299999237060547,False,1.374999441206755,1.2355971934428327,0,SETUP_NO,month=2026-05 net=-104875.0 delta=282785.0,1,,2026-04-26,0.20494705927945356,-0.05653705007969756,11,2026-08-14,2026-07-31→2026-08-14 (11 sessions) truncated_vs_42,0,1,0,0,1,1,0,0,-1,-1,-1,1,-1,0,0,0,0,0,-1,-1,0,0,0,-1,0,1,1,0,0,0,0,1
BBAI,2026-07-31,1,export,8,7,2026-07-30,2026-07-31,36.899139083858174,2.7899999618530273,False,22.000023841880648,0.7817699554043726,0,SETUP_NO,month=2026-05 net=-104875.0 delta=282785.0,1,,2026-04-26,0.2222222696970495,-0.039426486236496916,10,2026-08-14,2026-08-03→2026-08-14 (10 sessions) truncated_vs_42,0,0,0,0,1,-1,1,0,-1,-1,-1,1,1,1,0,0,0,0,-1,-1,0,0,0,-1,0,1,1,0,0,0,0,1
BBAI,2026-08-03,0,export,7,7,2026-07-31,2026-08-03,40.05512766083968,2.859999895095825,False,12.0,0.6464670240391186,0,SETUP_NO,month=2026-05 net=-104875.0 delta=282785.0,1,,2026-04-26,0.19230776605201072,0.012237792697372019,9,2026-08-14,2026-08-04→2026-08-14 (9 sessions) truncated_vs_42,0,0,0,0,1,-1,0,0,-1,-1,-1,1,1,1,0,0,0,0,-1,-1,0,0,0,-1,0,1,1,0,0,0,0,1
BBAI,2026-08-04,3,export,9,6,2026-08-03,2026-08-04,50.99116269292082,3.1500000953674316,False,99.0,99.0,0,SETUP_NO,month=2026-05 net=-104875.0 delta=282785.0,1,,2026-04-26,0.0825396770132254,-0.06317463940893997,8,2026-08-14,2026-08-05→2026-08-14 (8 sessions) truncated_vs_42,0,0,1,0,1,1,1,0,-1,-1,-1,1,0,1,0,0,0,0,-1,-1,0,0,0,-1,0,1,1,0,0,0,0,1
BBAI,2026-08-05,-1,export,7,8,2026-08-04,2026-08-05,47.157395436275706,3.0299999713897705,False,2.090906726430185,2.286292856644089,0,SETUP_NO,month=2026-05 net=-104875.0 delta=282785.0,1,,2026-04-26,0.12541258020759094,-0.026072606247935948,7,2026-08-14,2026-08-06→2026-08-14 (7 sessions) truncated_vs_42,0,0,-1,0,1,1,0,0,-1,-1,-1,1,-1,1,0,0,0,0,-1,-1,0,0,0,-1,0,1,1,0,0,0,0,1
BBAI,2026-08-06,-5,export,4,9,2026-08-05,2026-08-06,46.52949363996219,3.009999990463257,False,0.3636355754767282,1.323784866763709,0,SETUP_NO,month=2026-05 net=-104875.0 delta=282785.0,1,,2026-04-26,0.13289039755308085,0.01328902391354192,6,2026-08-14,2026-08-07→2026-08-14 (6 sessions) truncated_vs_42,0,0,0,0,-1,1,0,0,-1,-1,-1,-1,-1,0,0,0,0,0,-1,-1,0,0,0,-1,0,1,1,0,0,0,0,1
BBAI,2026-08-07,0,export,7,7,2026-08-06,2026-08-07,54.93085505175801,3.2699999809265137,False,99.0,99.0,0,SETUP_NO,month=2026-05 net=-104875.0 delta=282785.0,1,,2026-04-26,0.04281348798800533,-0.033639111846312075,5,2026-08-14,2026-08-10→2026-08-14 (5 sessions) truncated_vs_42,0,0,1,0,1,1,0,-1,-1,-1,-1,1,0,0,0,0,0,0,-1,-1,0,0,0,-1,0,1,1,0,0,0,0,1
BBAI,2026-08-10,1,export,8,7,2026-08-07,2026-08-10,53.53717917080929,3.2300000190734863,False,18.000023841880648,1.9521535865769926,0,SETUP_NO,month=2026-05 net=-104875.0 delta=282785.0,1,,2026-04-26,0.05572757451835386,-0.010835939821674745,4,2026-08-14,2026-08-11→2026-08-14 (4 sessions) truncated_vs_42,0,0,0,0,1,1,0,-1,-1,-1,-1,1,1,1,0,0,0,0,-1,-1,0,0,0,-1,0,1,1,0,0,0,0,1
BBAI,2026-08-11,-1,export,7,8,2026-08-10,2026-08-11,56.50801944068918,3.3299999237060547,False,6.799990463247741,1.0633538771588593,0,SETUP_NO,month=2026-05 net=-104875.0 delta=282785.0,1,,2026-04-26,0.024024073260518142,-0.03603600249501826,3,2026-08-14,2026-08-12→2026-08-14 (3 sessions) truncated_vs_42,0,0,0,0,1,1,0,-1,-1,-1,-1,-1,1,1,0,0,0,0,-1,-1,0,0,0,-1,0,1,1,0,0,0,0,1
BBAI,2026-08-12,-5,export,4,9,2026-08-11,2026-08-12,53.90952405337604,3.259999990463257,False,0.6799990463247741,1.1486340250223075,0,SETUP_NO,month=2026-05 net=-104875.0 delta=282785.0,1,,2026-04-26,0.046012299327067296,-0.015337408730844548,2,2026-08-14,2026-08-13→2026-08-14 (2 sessions) truncated_vs_42,0,0,0,0,-1,1,0,0,-1,-1,-1,-1,-1,0,0,0,0,0,-1,-1,0,0,0,-1,0,1,1,0,0,0,0,1
BBAI,2026-08-13,-6,export,7,13,2026-08-12,2026-08-13,56.37835059439066,3.3399999141693115,False,0.9,1.1780671944513001,0,SETUP_NO,month=2026-05 net=-104875.0 delta=282785.0,1,2026-04-26,2026-08-13,0.02095813576653538,-0.029940091976750627,1,2026-08-14,2026-08-14→2026-08-14 (1 sessions) truncated_vs_42,0,0,0,0,-1,1,0,-1,-1,-1,-1,1,-1,0,-1,1,0,-1,-1,-1,0,0,0,-1,1,-1,1,0,-1,1,0,1
BBAI,2026-08-14,-6,export,6,12,2026-08-13,2026-08-14,53.66941320111,3.2699999809265137,False,0.8181800448226385,1.2933766874405097,0,SETUP_NO,month=2026-05 net=-104875.0 delta=282785.0,1,2026-08-13,2026-08-14,,,0,,no_future_bars,0,0,0,0,-1,1,0,0,-1,-1,-1,1,-1,0,-1,1,0,-1,-1,-1,0,0,0,-1,0,-1,1,0,-1,1,0,1
