date,sleeve,equity,cash,invested,fees_cum,realized_cum
2026-08-13,1d_top,9984.55,7990.06,1994.49,15.45,0.0
2026-08-13,1d_size,9968.46,190.9,9777.57,31.53,0.0
2026-08-13,3d_top,9984.55,7990.06,1994.49,15.45,0.0
2026-08-13,3d_size,9968.35,106.18,9862.17,31.65,0.0
2026-08-13,1w_top,9984.55,7990.06,1994.49,15.45,0.0
2026-08-13,1w_size,9968.13,233.96,9734.17,31.87,0.0
2026-08-13,2w_top,9986.67,8986.77,999.9,13.33,0.0
2026-08-13,2w_size,9968.2,216.26,9751.94,31.8,0.0
2026-08-13,1m_top,9997.88,9003.29,994.59,2.12,0.0
2026-08-13,1m_size,9968.45,248.9,9719.55,31.55,0.0
2026-08-13,SPY (benchmark),10000.0,,,,
2026-08-14,1d_top,10141.13,632.02,9509.11,52.33,161.34
2026-08-14,1d_size,10236.83,313.89,9922.94,80.33,220.25
2026-08-14,3d_top,10171.93,5742.23,4429.7,21.53,0.0
2026-08-14,3d_size,10180.79,73.95,10106.84,32.03,0.0
2026-08-14,1w_top,10173.93,6484.88,3689.05,19.53,0.0
2026-08-14,1w_size,10242.03,163.54,10078.49,32.61,0.0
2026-08-14,2w_top,10193.38,7216.68,2976.7,17.71,0.0
2026-08-14,2w_size,10283.89,180.09,10103.8,32.22,0.0
2026-08-14,1m_top,9970.76,7218.49,2752.27,11.61,0.0
2026-08-14,1m_size,10176.55,41.05,10135.5,33.85,0.0
2026-08-14,SPY (benchmark),9980.2,,,,
2026-08-17,1d_top,10191.43,100.33,10091.1,60.4,108.14
2026-08-17,1d_size,10227.85,207.05,10020.8,121.39,173.41
2026-08-17,3d_top,10171.58,437.73,9733.85,42.77,0.0
2026-08-17,3d_size,10252.26,50.27,10202.0,32.28,0.0
2026-08-17,1w_top,10182.63,201.89,9980.73,41.83,0.0
2026-08-17,1w_size,10326.13,85.62,10240.51,33.43,0.0
2026-08-17,2w_top,10186.44,196.69,9989.75,40.23,0.0
2026-08-17,2w_size,10366.71,85.52,10281.19,33.22,0.0
2026-08-17,1m_top,9940.87,240.79,9700.09,34.14,0.0
2026-08-17,1m_size,10270.94,34.02,10236.92,33.92,0.0
2026-08-17,SPY (benchmark),9933.02,,,,
2026-08-18,1d_top,10210.29,210.82,9999.46,68.44,-35.73
2026-08-18,1d_size,10121.08,186.07,9935.02,181.47,155.76
2026-08-18,3d_top,10181.3,664.76,9516.54,69.42,326.98
2026-08-18,3d_size,10234.44,225.08,10009.36,97.89,269.14
2026-08-18,1w_top,10136.36,201.89,9934.47,41.83,0.0
2026-08-18,1w_size,10344.86,77.45,10267.41,33.52,0.0
2026-08-18,2w_top,10139.08,196.69,9942.39,40.23,0.0
2026-08-18,2w_size,10571.05,77.35,10493.7,33.31,0.0
2026-08-18,1m_top,9784.27,240.79,9543.48,34.14,0.0
2026-08-18,1m_size,10298.02,31.97,10266.04,33.95,0.0
2026-08-18,SPY (benchmark),9865.92,,,,
2026-08-19,1d_top,10258.67,749.24,9509.43,100.94,248.02
2026-08-19,1d_size,10710.4,376.56,10333.84,200.49,241.36
2026-08-19,3d_top,10325.54,937.99,9387.55,85.59,204.04
2026-08-19,3d_size,10756.2,194.72,10561.48,98.94,267.31
2026-08-19,1w_top,10503.47,201.89,10301.58,41.83,0.0
2026-08-19,1w_size,10984.28,77.45,10906.83,33.52,0.0
2026-08-19,2w_top,10492.52,196.69,10295.83,40.23,0.0
2026-08-19,2w_size,11002.31,77.35,10924.96,33.31,0.0
2026-08-19,1m_top,9866.79,240.79,9626.0,34.14,0.0
2026-08-19,1m_size,10801.96,30.15,10771.8,33.97,0.0
2026-08-19,SPY (benchmark),9886.61,,,,
2026-08-20,1d_top,10139.84,262.8,9877.04,142.16,160.73
2026-08-20,1d_size,10771.91,30.66,10741.25,261.24,797.43
2026-08-20,3d_top,10338.04,129.07,10208.97,123.54,318.07
2026-08-20,3d_size,11043.09,137.89,10905.2,100.1,266.77
2026-08-20,1w_top,10351.41,189.93,10161.48,74.66,288.21
2026-08-20,1w_size,10768.4,211.0,10557.4,84.45,550.76
2026-08-20,2w_top,10355.25,156.84,10198.41,40.63,0.0
2026-08-20,2w_size,10585.53,62.58,10522.95,33.47,0.0
2026-08-20,1m_top,9944.64,200.93,9743.71,34.55,0.0
2026-08-20,1m_size,10691.75,26.93,10664.82,34.0,0.0
2026-08-20,SPY (benchmark),9803.57,,,,
2026-08-21,1d_top,10200.59,288.96,9911.63,175.32,176.78
2026-08-21,1d_size,10972.98,495.46,10477.52,298.17,943.54
2026-08-21,3d_top,10366.37,197.31,10169.06,151.76,392.62
2026-08-21,3d_size,11270.19,485.4,10784.79,152.42,1287.25
2026-08-21,1w_top,10775.2,252.01,10523.19,92.07,177.56
2026-08-21,1w_size,10938.1,312.32,10625.78,99.53,909.14
2026-08-21,2w_top,10838.01,139.85,10698.16,40.81,0.0
2026-08-21,2w_size,10995.75,57.44,10938.31,33.52,0.0
2026-08-21,1m_top,10332.59,160.01,10172.58,34.96,0.0
2026-08-21,1m_size,11035.78,26.93,11008.85,34.0,0.0
2026-08-21,SPY (benchmark),9843.68,,,,
2026-08-27,1d_top,10138.83,241.79,9897.04,208.52,89.75
2026-08-27,1d_size,10814.3,199.73,10614.57,337.77,819.54
2026-08-27,3d_top,10094.97,166.64,9928.33,205.2,50.25
2026-08-27,3d_size,11097.19,166.18,10931.01,188.71,1096.21
2026-08-27,1w_top,10856.15,195.51,10660.63,141.36,732.61
2026-08-27,1w_size,10921.78,117.16,10804.62,137.36,933.33
2026-08-27,2w_top,11065.76,229.21,10836.55,68.11,372.1
2026-08-27,2w_size,10928.93,240.3,10688.63,89.99,946.09
2026-08-27,1m_top,10444.45,145.24,10299.21,35.11,0.0
2026-08-27,1m_size,11075.13,24.26,11050.87,34.03,0.0
2026-08-27,SPY (benchmark),9912.84,,,,
2026-08-30,1d_top,10008.42,184.83,9823.59,238.18,44.78
2026-08-30,1d_size,10503.28,538.56,9964.72,376.05,575.31
2026-08-30,3d_top,9958.35,164.05,9794.3,220.98,97.04
2026-08-30,3d_size,10816.52,511.73,10304.79,202.44,1037.7
2026-08-30,1w_top,10715.93,30.33,10685.6,161.99,835.12
2026-08-30,1w_size,10669.69,725.3,9944.39,164.19,867.6
2026-08-30,2w_top,10776.58,26.51,10750.07,108.09,817.99
2026-08-30,2w_size,10688.46,190.44,10498.02,93.38,944.14
2026-08-30,1m_top,10127.87,118.83,10009.04,35.38,0.0
2026-08-30,1m_size,10512.51,24.26,10488.25,34.03,0.0
2026-08-30,SPY (benchmark),9890.34,,,,
2026-08-31,1d_top,9988.6,6167.76,3820.84,279.71,8.59
2026-08-31,1d_size,10445.55,5799.43,4646.12,401.92,451.56
2026-08-31,3d_top,9943.54,4456.78,5486.76,250.4,-39.33
2026-08-31,3d_size,10782.1,4977.15,5804.95,235.42,801.81
2026-08-31,1w_top,10696.24,396.25,10299.99,169.04,830.19
2026-08-31,1w_size,10669.43,515.2,10154.23,166.32,867.6
2026-08-31,2w_top,10818.29,26.51,10791.78,108.09,817.99
2026-08-31,2w_size,10713.54,168.77,10544.77,93.79,943.7
2026-08-31,1m_top,10126.84,112.23,10014.61,35.45,0.0
2026-08-31,1m_size,10517.81,24.26,10493.55,34.03,0.0
2026-08-31,SPY (benchmark),9860.78,,,,
2026-09-01,1d_top,9983.9,5368.14,4615.76,316.12,3.55
2026-09-01,1d_size,10497.32,4653.3,5844.02,416.18,506.12
2026-09-01,3d_top,9937.4,2301.41,7635.99,258.79,-39.33
2026-09-01,3d_size,10777.68,2631.8,8145.88,252.02,801.81
2026-09-01,1w_top,10682.17,318.35,10363.82,169.84,830.19
2026-09-01,1w_size,10747.01,395.9,10351.11,167.56,867.6
2026-09-01,2w_top,10472.26,26.51,10445.75,108.09,817.99
2026-09-01,2w_size,10857.24,140.8,10716.44,94.09,943.7
2026-09-01,1m_top,9801.59,102.13,9699.47,35.55,0.0
2026-09-01,1m_size,10605.63,24.26,10581.38,34.03,0.0
2026-09-01,SPY (benchmark),9793.03,,,,
2026-09-02,1d_top,9972.58,5292.69,4679.89,352.58,-7.02
2026-09-02,1d_size,10495.89,5341.09,5154.8,436.77,504.13
2026-09-02,3d_top,9931.01,2027.71,7903.3,286.23,-89.82
2026-09-02,3d_size,10773.07,2077.86,8695.21,279.63,743.04
2026-09-02,1w_top,10647.12,4300.2,6346.92,204.91,724.3
2026-09-02,1w_size,10813.76,4469.36,6344.4,205.36,905.45
2026-09-02,2w_top,10471.59,64.17,10407.42,108.52,815.79
2026-09-02,2w_size,11064.18,148.24,10915.94,94.38,944.48
2026-09-02,1m_top,9869.49,102.13,9767.36,35.55,0.0
2026-09-02,1m_size,10887.66,24.26,10863.4,34.03,0.0
2026-09-02,SPY (benchmark),9836.48,,,,
2026-09-03,1d_top,9902.92,5295.52,4607.4,385.91,-74.0
2026-09-03,1d_size,10453.45,5473.24,4980.2,459.12,467.47
2026-09-03,3d_top,9905.75,3389.58,6516.17,317.48,-20.1
2026-09-03,3d_size,10746.51,3808.1,6938.41,307.04,823.87
2026-09-03,1w_top,10620.1,2298.08,8322.02,220.84,724.3
2026-09-03,1w_size,10799.28,2466.85,8332.43,219.68,905.45
2026-09-03,2w_top,10717.4,80.43,10636.97,108.78,818.59
2026-09-03,2w_size,11284.06,145.68,11138.38,94.52,943.81
2026-09-03,1m_top,10007.84,98.61,9909.23,35.59,0.0
2026-09-03,1m_size,10937.22,24.26,10912.96,34.03,0.0
2026-09-03,SPY (benchmark),9939.45,,,,
2026-09-04,1d_top,9806.9,5257.6,4549.3,423.55,-172.73
2026-09-04,1d_size,10371.74,5462.67,4909.06,492.2,390.63
2026-09-04,3d_top,9800.85,2977.13,6823.72,342.18,-75.31
2026-09-04,3d_size,10652.92,3435.03,7217.89,338.07,753.16
2026-09-04,1w_top,10497.54,2349.03,8148.51,245.58,624.81
2026-09-04,1w_size,10702.93,2394.56,8308.37,245.82,808.38
2026-09-04,2w_top,10500.49,80.43,10420.06,108.78,818.59
2026-09-04,2w_size,11367.04,135.36,11231.68,94.62,943.81
2026-09-04,1m_top,10033.24,98.61,9934.63,35.59,0.0
2026-09-04,1m_size,11096.7,24.26,11072.44,34.03,0.0
2026-09-04,SPY (benchmark),9901.14,,,,
2026-09-06,1d_top,9769.54,612.31,9157.23,460.91,-213.66
2026-09-06,1d_size,10337.7,364.66,9973.04,526.23,352.64
2026-09-06,3d_top,9764.45,225.38,9539.07,378.59,-117.68
2026-09-06,3d_size,10619.6,770.04,9849.56,371.39,711.08
2026-09-06,1w_top,10476.22,254.84,10221.38,266.9,624.26
2026-09-06,1w_size,10684.27,523.61,10160.66,264.48,808.19
2026-09-06,2w_top,10500.41,73.51,10426.9,108.86,818.59
2026-09-06,2w_size,11366.77,109.85,11256.92,94.89,943.81
2026-09-06,1m_top,10033.13,88.24,9944.89,35.7,0.0
2026-09-06,1m_size,11096.7,24.26,11072.44,34.03,0.0
2026-09-06,SPY (benchmark),9901.14,,,,
2026-09-07,1d_top,9740.21,299.97,9440.24,490.24,-247.43
2026-09-07,1d_size,10314.23,250.7,10063.53,549.7,322.59
2026-09-07,3d_top,9741.83,133.38,9608.45,401.2,-201.92
2026-09-07,3d_size,10598.93,66.94,10531.99,392.06,642.31
2026-09-07,1w_top,10472.96,86.82,10386.14,270.16,620.68
2026-09-07,1w_size,10677.83,118.47,10559.36,270.93,802.24
2026-09-07,2w_top,10500.23,55.83,10444.4,109.04,818.59
2026-09-07,2w_size,11366.57,89.79,11276.78,95.09,943.81
2026-09-07,1m_top,10032.87,63.2,9969.67,35.96,0.0
2026-09-07,1m_size,11096.7,24.26,11072.44,34.03,0.0
2026-09-07,SPY (benchmark),9901.14,,,,
2026-09-08,1d_top,9789.25,4916.29,4872.96,505.22,-208.28
2026-09-08,1d_size,10185.5,5101.98,5083.52,560.7,188.0
2026-09-08,3d_top,9621.26,1677.97,7943.29,438.16,-272.15
2026-09-08,3d_size,10367.18,1687.15,8680.03,423.79,552.62
2026-09-08,1w_top,10332.18,2039.11,8293.07,310.21,534.44
2026-09-08,1w_size,10458.91,2180.83,8278.08,308.55,681.07
2026-09-08,2w_top,10322.94,725.75,9597.19,127.49,762.07
2026-09-08,2w_size,11024.8,5430.26,5594.54,141.85,1064.16
2026-09-08,1m_top,10141.03,60.69,10080.34,35.99,0.0
2026-09-08,1m_size,11160.35,23.0,11137.34,34.05,0.0
2026-09-08,SPY (benchmark),9846.76,,,,
2026-09-09,1d_top,9653.72,5077.9,4575.82,527.35,-326.7
2026-09-09,1d_size,10049.41,5169.04,4880.37,578.49,64.64
2026-09-09,3d_top,9517.66,2983.47,6534.19,477.89,-423.72
2026-09-09,3d_size,10290.48,2942.01,7348.47,457.74,407.17
2026-09-09,1w_top,10147.01,2026.46,8120.55,344.25,351.67
2026-09-09,1w_size,10302.68,2140.94,8161.74,341.26,522.02
2026-09-09,2w_top,10203.5,499.09,9704.41,129.82,762.07
2026-09-09,2w_size,10996.33,2990.76,8005.57,160.45,1064.16
2026-09-09,1m_top,9988.23,480.67,9507.56,42.2,-177.12
2026-09-09,1m_size,10730.76,5499.56,5231.2,87.48,759.54
2026-09-09,SPY (benchmark),9801.0,,,,
2026-09-10,1d_top,9573.52,4789.21,4784.31,549.29,-424.34
2026-09-10,1d_size,9997.3,5025.37,4971.93,596.04,-0.55
2026-09-10,3d_top,9508.99,2397.33,7111.66,498.28,-444.5
2026-09-10,3d_size,10255.55,2900.62,7354.93,478.19,262.16
2026-09-10,1w_top,10116.05,1974.22,8141.83,370.71,246.88
2026-09-10,1w_size,10277.4,2157.1,8120.3,369.12,415.08
2026-09-10,2w_top,9945.2,4721.07,5224.13,157.38,-29.93
2026-09-10,2w_size,11016.98,1688.31,9328.67,172.32,1043.73
2026-09-10,1m_top,9584.97,1247.71,8337.26,61.72,-212.45
2026-09-10,1m_size,10716.17,2970.82,7745.35,104.24,744.93
2026-09-10,SPY (benchmark),9742.25,,,,
2026-09-11,1d_top,9612.14,5084.62,4527.52,555.55,-383.79
2026-09-11,1d_size,10037.67,5197.49,4840.18,602.31,41.74
2026-09-11,3d_top,9492.3,2464.74,7027.56,535.13,-466.56
2026-09-11,3d_size,10235.41,2612.6,7622.81,509.02,266.55
2026-09-11,1w_top,10120.26,2385.14,7735.12,410.79,158.52
2026-09-11,1w_size,10274.68,2402.34,7872.34,399.22,339.75
2026-09-11,2w_top,9982.4,2492.35,7490.05,175.76,-29.93
2026-09-11,2w_size,11040.99,1080.81,9960.18,179.17,1044.28
2026-09-11,1m_top,9515.68,4198.59,5317.09,103.17,-463.18
2026-09-11,1m_size,10740.92,1666.16,9074.76,117.64,744.74
2026-09-11,SPY (benchmark),9825.29,,,,
2026-09-12,1d_top,9597.79,480.24,9117.55,569.9,-391.98
2026-09-12,1d_size,10023.3,537.25,9486.05,616.68,33.54
2026-09-12,3d_top,9454.88,182.2,9272.68,572.55,-521.63
2026-09-12,3d_size,10198.51,666.14,9532.37,545.91,227.18
2026-09-12,1w_top,10099.53,158.8,9940.73,431.53,155.66
2026-09-12,1w_size,10255.49,748.76,9506.73,418.41,299.79
2026-09-12,2w_top,9966.21,431.9,9534.31,191.95,-29.93
2026-09-12,2w_size,11035.08,559.61,10475.47,185.08,1043.77
2026-09-12,1m_top,9497.3,323.79,9173.51,121.54,-463.18
2026-09-12,1m_size,10732.55,845.92,9886.63,126.01,744.6
2026-09-12,SPY (benchmark),9825.29,,,,
2026-09-13,1d_top,9565.13,108.71,9456.43,602.55,-412.56
2026-09-13,1d_size,9993.2,288.19,9705.01,646.78,12.93
2026-09-13,3d_top,9426.23,133.6,9292.63,601.2,-522.9
2026-09-13,3d_size,10167.44,89.49,10077.95,576.98,217.17
2026-09-13,1w_top,10067.67,83.09,9984.58,463.38,117.95
2026-09-13,1w_size,10220.27,527.12,9693.15,453.63,278.65
2026-09-13,2w_top,9964.62,275.69,9688.93,193.54,-29.93
2026-09-13,2w_size,11031.67,244.12,10787.55,188.49,1042.89
2026-09-13,1m_top,9496.14,210.22,9285.92,122.7,-463.18
2026-09-13,1m_size,10725.82,192.48,10533.34,132.74,744.54
2026-09-13,SPY (benchmark),9825.29,,,,
2026-09-14,1d_top,9817.53,4926.84,4890.69,627.56,-180.04
2026-09-14,1d_size,10279.57,5155.99,5123.58,669.22,282.02
2026-09-14,3d_top,9167.28,1476.7,7690.58,625.61,-624.47
2026-09-14,3d_size,9697.94,1167.17,8530.77,595.67,99.6
2026-09-14,1w_top,9781.09,1259.99,8521.1,487.43,51.86
2026-09-14,1w_size,9878.31,1260.33,8617.98,478.08,236.53
2026-09-14,2w_top,9627.17,278.54,9348.63,193.6,-30.59
2026-09-14,2w_size,10665.68,249.86,10415.82,188.57,1041.59
2026-09-14,1m_top,9181.19,247.64,8933.55,123.13,-465.61
2026-09-14,1m_size,10462.77,195.34,10267.43,132.79,744.17
2026-09-14,SPY (benchmark),9781.46,,,,
2026-09-15,1d_top,9894.32,5430.62,4463.7,646.31,-89.42
2026-09-15,1d_size,10364.92,5435.76,4929.16,683.97,377.15
2026-09-15,3d_top,9091.49,2720.36,6371.13,654.63,-883.06
2026-09-15,3d_size,9634.69,3045.76,6588.93,629.29,-367.31
2026-09-15,1w_top,9719.24,1665.31,8053.93,512.73,-30.55
2026-09-15,1w_size,9816.72,1471.38,8345.34,504.43,130.36
2026-09-15,2w_top,9631.22,258.64,9372.58,193.82,-30.59
2026-09-15,2w_size,10672.19,203.12,10469.07,189.27,1040.38
2026-09-15,1m_top,9162.4,270.32,8892.09,123.83,-463.96
2026-09-15,1m_size,10439.95,158.92,10281.03,133.17,744.17
2026-09-15,SPY (benchmark),9736.59,,,,
2026-09-16,1d_top,9831.68,4435.52,5396.16,674.77,-147.54
2026-09-16,1d_size,10304.25,4958.27,5345.98,710.72,320.36
2026-09-16,3d_top,9005.61,2989.77,6015.84,687.16,-945.67
2026-09-16,3d_size,9532.19,2979.56,6552.63,658.25,-419.89
2026-09-16,1w_top,9668.07,2245.62,7422.45,543.88,-111.23
2026-09-16,1w_size,9775.56,1995.08,7780.48,527.98,28.07
2026-09-16,2w_top,9590.21,253.65,9336.56,194.02,-31.12
2026-09-16,2w_size,10578.44,215.36,10363.08,189.69,1038.81
2026-09-16,1m_top,9153.38,258.93,8894.45,123.95,-463.96
2026-09-16,1m_size,10259.7,158.92,10100.78,133.17,744.17
2026-09-16,SPY (benchmark),9693.65,,,,
2026-09-17,1d_top,9753.44,5411.51,4341.93,715.96,-225.95
2026-09-17,1d_size,10219.47,5468.78,4750.69,748.09,238.13
2026-09-17,3d_top,8968.11,2575.04,6393.07,711.62,-952.26
2026-09-17,3d_size,9483.38,2410.45,7072.93,681.6,-396.17
2026-09-17,1w_top,9655.78,2729.63,6926.15,574.26,-253.78
2026-09-17,1w_size,9813.86,2213.92,7599.94,557.61,-113.66
2026-09-17,2w_top,9675.99,242.74,9433.25,194.53,-31.44
2026-09-17,2w_size,10699.12,217.25,10481.87,190.1,1038.72
2026-09-17,1m_top,9245.92,230.66,9015.26,124.23,-463.96
2026-09-17,1m_size,10329.83,150.97,10178.86,133.25,744.17
2026-09-17,SPY (benchmark),9803.57,,,,
2026-09-18,1d_top,9616.15,5442.24,4173.91,746.81,-331.74
2026-09-18,1d_size,10133.81,4909.37,5224.44,777.66,204.23
2026-09-18,3d_top,8803.94,2927.31,5876.63,738.19,-1042.12
2026-09-18,3d_size,9306.82,3288.71,6018.11,707.09,-556.2
2026-09-18,1w_top,9548.35,3150.58,6397.77,602.63,-287.18
2026-09-18,1w_size,9675.58,2879.6,6795.98,586.34,-148.62
2026-09-18,2w_top,9702.72,700.34,9002.38,201.4,-55.35
2026-09-18,2w_size,10576.44,3346.54,7229.9,227.99,845.84
2026-09-18,1m_top,9275.65,230.66,9044.99,124.23,-463.96
2026-09-18,1m_size,10311.1,143.29,10167.81,133.33,744.17
2026-09-18,SPY (benchmark),9791.87,,,,
2026-09-20,1d_top,9571.45,106.51,9464.94,791.51,-402.17
2026-09-20,1d_size,10099.56,119.59,9979.97,811.91,114.56
2026-09-20,3d_top,8769.14,75.47,8693.67,772.98,-1145.68
2026-09-20,3d_size,9276.21,303.09,8973.12,737.7,-660.5
2026-09-20,1w_top,9525.89,189.26,9336.63,625.09,-289.43
2026-09-20,1w_size,9655.28,220.51,9434.77,606.64,-166.59
2026-09-20,2w_top,9693.67,246.01,9447.66,210.45,-71.69
2026-09-20,2w_size,10541.46,286.32,10255.14,262.97,726.76
2026-09-20,1m_top,9274.24,118.3,9155.94,125.64,-466.04
2026-09-20,1m_size,10310.92,131.98,10178.94,133.51,743.58
2026-09-20,SPY (benchmark),9791.87,,,,
2026-09-21,1d_top,9622.32,4401.84,5220.48,834.09,-344.57
2026-09-21,1d_size,10057.33,4304.88,5752.45,840.48,98.22
2026-09-21,3d_top,8853.42,734.18,8119.24,785.9,-1162.43
2026-09-21,3d_size,9407.84,1132.54,8275.3,753.74,-662.04
2026-09-21,1w_top,9648.59,999.65,8648.94,639.09,-313.48
2026-09-21,1w_size,9772.01,1121.21,8650.8,623.94,-223.91
2026-09-21,2w_top,9715.42,2518.69,7196.73,241.3,-140.19
2026-09-21,2w_size,10715.25,1182.29,9532.96,278.03,633.52
2026-09-21,1m_top,9265.52,118.3,9147.22,125.64,-466.04
2026-09-21,1m_size,10289.41,125.1,10164.31,133.59,743.58
2026-09-21,SPY (benchmark),9943.69,,,,
2026-09-22,1d_top,9622.31,4882.98,4739.33,863.65,-369.13
2026-09-22,1d_size,10128.3,5118.88,5009.42,869.39,136.89
2026-09-22,3d_top,8935.95,1732.51,7203.44,818.96,-1125.24
2026-09-22,3d_size,9496.93,2096.13,7400.8,785.23,-601.45
2026-09-22,1w_top,9741.18,1397.62,8343.56,664.56,-397.9
2026-09-22,1w_size,9858.93,1255.14,8603.79,643.2,-313.53
2026-09-22,2w_top,9688.04,2685.71,7002.33,275.22,-204.12
2026-09-22,2w_size,10846.24,1050.23,9796.01,292.08,610.29
2026-09-22,1m_top,9298.46,135.67,9162.79,125.96,-470.38
2026-09-22,1m_size,10238.84,120.4,10118.44,133.64,743.58
2026-09-22,SPY (benchmark),9942.15,,,,
2026-09-23,1d_top,9542.31,4379.53,5162.78,888.72,-414.38
2026-09-23,1d_size,10042.71,5261.37,4781.34,896.73,61.37
2026-09-23,3d_top,8916.22,3837.67,5078.55,854.23,-1028.93
2026-09-23,3d_size,9408.56,3967.83,5440.72,818.21,-534.62
2026-09-23,1w_top,9664.88,1532.09,8132.79,688.47,-420.59
2026-09-23,1w_size,9766.82,1557.29,8209.52,668.94,-294.11
2026-09-23,2w_top,9579.05,2452.89,7126.17,307.87,-308.54
2026-09-23,2w_size,10793.4,954.47,9838.92,304.18,602.97
2026-09-23,1m_top,9253.23,141.44,9111.79,126.04,-471.21
2026-09-23,1m_size,10108.12,120.4,9987.72,133.64,743.58
2026-09-23,SPY (benchmark),9870.55,,,,
2026-09-24,1d_top,9518.2,4958.8,4559.4,925.51,-466.2
2026-09-24,1d_size,10080.27,5082.61,4997.65,931.4,96.09
2026-09-24,3d_top,8885.08,2318.13,6566.95,873.13,-1035.09
2026-09-24,3d_size,9466.02,2525.85,6940.17,840.22,-527.8
2026-09-24,1w_top,9598.57,1883.46,7715.11,720.24,-380.87
2026-09-24,1w_size,9724.38,1900.53,7823.85,698.45,-249.17
2026-09-24,2w_top,9545.49,1356.42,8189.07,321.82,-323.62
2026-09-24,2w_size,10718.3,834.03,9884.27,311.71,582.22
2026-09-24,1m_top,9211.76,142.71,9069.05,126.24,-472.25
2026-09-24,1m_size,10091.43,120.4,9971.02,133.64,743.58
2026-09-24,SPY (benchmark),9862.45,,,,
2026-09-25,1d_top,9373.53,5334.56,4038.97,959.8,-607.94
2026-09-25,1d_size,9927.07,5672.16,4254.91,963.86,-56.47
2026-09-25,3d_top,8808.87,2186.86,6622.01,899.35,-1082.53
2026-09-25,3d_size,9389.36,2332.25,7057.11,867.12,-569.46
2026-09-25,1w_top,9491.07,3117.31,6373.76,753.05,-382.86
2026-09-25,1w_size,9630.36,3279.63,6350.73,725.06,-296.99
2026-09-25,2w_top,9515.6,937.15,8578.45,326.04,-323.62
2026-09-25,2w_size,10639.3,560.72,10078.57,314.46,582.22
2026-09-25,1m_top,9189.04,135.74,9053.3,126.31,-472.25
2026-09-25,1m_size,10083.87,120.4,9963.47,133.64,743.58
2026-09-25,SPY (benchmark),9916.05,,,,
2026-09-27,1d_top,9337.51,273.26,9064.25,995.83,-645.19
2026-09-27,1d_size,9893.05,312.6,9580.45,997.88,-89.56
2026-09-27,3d_top,8773.62,178.94,8594.68,934.6,-1130.71
2026-09-27,3d_size,9354.97,481.37,8873.61,901.51,-543.3
2026-09-27,1w_top,9471.85,166.21,9305.64,772.27,-384.62
2026-09-27,1w_size,9608.57,186.42,9422.15,746.85,-290.52
2026-09-27,2w_top,9507.34,156.75,9350.59,334.3,-323.69
2026-09-27,2w_size,10634.66,219.35,10415.31,319.09,576.88
2026-09-27,1m_top,9188.9,127.96,9060.94,126.46,-473.74
2026-09-27,1m_size,10083.63,96.65,9986.98,133.88,743.58
2026-09-27,SPY (benchmark),9916.05,,,,
2026-09-28,1d_top,9101.43,4695.54,4405.89,1031.68,-880.22
2026-09-28,1d_size,9653.59,4980.02,4673.57,1031.81,-330.07
2026-09-28,3d_top,8660.78,826.91,7833.87,952.13,-1213.01
2026-09-28,3d_size,9146.65,1402.81,7743.84,927.56,-645.29
2026-09-28,1w_top,9380.19,729.64,8650.55,787.65,-429.08
2026-09-28,1w_size,9481.31,669.1,8812.21,760.05,-323.6
2026-09-28,2w_top,9429.26,166.11,9263.15,334.41,-325.72
2026-09-28,2w_size,10482.63,189.5,10293.13,319.63,575.41
2026-09-28,1m_top,9150.9,127.96,9022.94,126.46,-473.74
2026-09-28,1m_size,9906.56,96.65,9809.91,133.88,743.58
2026-09-28,SPY (benchmark),9842.26,,,,
2026-09-29,1d_top,9075.74,4606.75,4468.99,1066.37,-900.57
2026-09-29,1d_size,9628.83,4663.28,4965.55,1062.59,-348.73
2026-09-29,3d_top,8645.19,1267.94,7377.25,973.19,-1263.42
2026-09-29,3d_size,9171.52,1419.38,7752.14,943.62,-658.74
2026-09-29,1w_top,9351.68,1073.05,8278.63,803.68,-461.91
2026-09-29,1w_size,9469.66,1114.94,8354.72,778.63,-328.62
2026-09-29,2w_top,9425.57,196.46,9229.11,334.79,-323.64
2026-09-29,2w_size,10524.81,211.73,10313.08,319.9,579.56
2026-09-29,1m_top,9179.5,136.75,9042.75,126.58,-475.32
2026-09-29,1m_size,9914.86,96.65,9818.21,133.88,743.58
2026-09-29,SPY (benchmark),9824.14,,,,
2026-09-30,1d_top,9046.13,4557.63,4488.5,1097.36,-943.41
2026-09-30,1d_size,9597.66,4901.49,4696.17,1091.74,-391.84
2026-09-30,3d_top,8573.72,3752.84,4820.88,1013.29,-1394.67
2026-09-30,3d_size,9118.1,3935.57,5182.53,981.73,-855.87
2026-09-30,1w_top,9321.16,1576.74,7744.42,833.26,-542.99
2026-09-30,1w_size,9452.96,1643.94,7809.01,801.95,-406.57
2026-09-30,2w_top,9451.01,257.63,9193.38,336.05,-322.24
2026-09-30,2w_size,10517.86,1478.13,9039.72,342.8,685.96
2026-09-30,1m_top,9165.54,161.89,9003.65,126.88,-475.21
2026-09-30,1m_size,9930.69,96.65,9834.04,133.88,743.58
2026-09-30,SPY (benchmark),9803.95,,,,
2026-10-01,1d_top,9027.24,4649.3,4377.94,1116.24,-964.44
2026-10-01,1d_size,9578.73,5004.52,4574.21,1110.68,-412.93
2026-10-01,3d_top,8567.19,2079.0,6488.19,1019.82,-1402.73
2026-10-01,3d_size,9098.36,2389.58,6708.78,1001.47,-870.47
2026-10-01,1w_top,9306.84,3548.88,5757.96,847.58,-590.25
2026-10-01,1w_size,9432.65,2040.75,7391.9,822.26,-415.68
2026-10-01,2w_top,9440.44,494.01,8946.42,346.62,-343.58
2026-10-01,2w_size,10493.09,3172.54,7320.55,367.56,577.56
2026-10-01,1m_top,9165.0,114.5,9050.49,127.43,-475.65
2026-10-01,1m_size,9930.66,97.68,9832.98,133.91,743.35
2026-10-01,SPY (benchmark),9803.95,,,,
