ticker,bar_date,prev_bar_date,prev_close,open,close,leg,ratio,sessions_affected,first_halt_session,verdict,filing_type,filing_date,accession,url,note
VRRM,2026-05-27,2026-05-26,13.08,5.51,3.85,close_over_prev_close,0.294343,2026-08-13 2026-08-14 2026-08-17 2026-08-18 2026-08-19 2026-08-20,,real_move,8-K,2026-05-26,0001193125-26-239351,https://www.sec.gov/Archives/edgar/data/1682745/000119312526239351/d123116d8k.htm,"Avis Budget terminated its contract with the company. It does not state a split, reverse split, consolidation, or distribution. The May 20 annual-meeting 8-K and the June 1 CEO-change 8-K do not either."
SLBT,2026-06-16,2026-06-15,3.33,11.21,8.89,open_over_prev_close,3.366366,2026-08-13 2026-08-14 2026-08-17 2026-08-18 2026-08-19 2026-08-20 2026-08-21 2026-08-24 2026-08-25 2026-08-26 2026-08-27 2026-08-31 2026-09-01 2026-09-02 2026-09-03 2026-09-04 2026-09-08 2026-09-09 2026-09-10 2026-09-11 2026-09-14 2026-09-15 2026-09-16 2026-09-17,2026-09-03,unexplained,20-F,2026-06-18,0001213900-26-070158,https://www.sec.gov/Archives/edgar/data/2070534/000121390026070158/ea0293184-20f_slscience.htm,"Each exchanging share was cancelled for new ordinary shares at an exchange ratio of $5.568 billion divided by $10.00. That share change is not a verified split, so the leg halts."
MFP,2026-06-29,2026-06-26,110.5,35,35,close_over_prev_close,0.316742,2026-08-18 2026-08-19 2026-08-20 2026-08-21 2026-08-24 2026-08-25 2026-08-26 2026-08-27 2026-08-31 2026-09-01 2026-09-02 2026-09-03 2026-09-04 2026-09-08 2026-09-09 2026-09-10 2026-09-11 2026-09-14 2026-09-15 2026-09-16 2026-09-17 2026-09-18 2026-09-21 2026-09-22 2026-09-23 2026-09-24 2026-09-25,,unexplained,8-K,2026-06-22,0001193125-26-276742,https://www.sec.gov/Archives/edgar/data/2088281/000119312526276742/d17861d8k.htm,"Spin-off distribution to Middleby holders of record at 4:00 p.m. Central Time on June 26, 2026. The July 6 8-K states the spin-off was consummated. That distribution is not a verified split, so the leg halts."
MFP,2026-06-29,2026-06-26,110.5,35,35,open_over_prev_close,0.316742,2026-08-18 2026-08-19 2026-08-20 2026-08-21 2026-08-24 2026-08-25 2026-08-26 2026-08-27 2026-08-31 2026-09-01 2026-09-02 2026-09-03 2026-09-04 2026-09-08 2026-09-09 2026-09-10 2026-09-11 2026-09-14 2026-09-15 2026-09-16 2026-09-17 2026-09-18 2026-09-21 2026-09-22 2026-09-23 2026-09-24 2026-09-25,,unexplained,8-K,2026-06-22,0001193125-26-276742,https://www.sec.gov/Archives/edgar/data/2088281/000119312526276742/d17861d8k.htm,"Spin-off distribution to Middleby holders of record at 4:00 p.m. Central Time on June 26, 2026. The July 6 8-K states the spin-off was consummated. That distribution is not a verified split, so the leg halts."
JLHL,2026-07-09,2026-07-08,3.06,3.73,12.79,close_over_open,3.428954,2026-08-13 2026-08-14 2026-08-17 2026-08-18 2026-08-19 2026-08-20 2026-08-21 2026-08-24 2026-08-25 2026-08-26 2026-08-27 2026-08-31 2026-09-01 2026-09-02 2026-09-03 2026-09-04 2026-09-08 2026-09-09 2026-09-10 2026-09-11 2026-09-14 2026-09-15 2026-09-16 2026-09-17 2026-09-18 2026-09-21 2026-09-22 2026-09-23 2026-09-24 2026-09-25,2026-09-03,unexplained,,,,,"No 6-K, 8-K, 10-Q, 20-F, F-3, or 424B for CIK 0002007846 has a filing date from 2026-07-01 through 2026-07-16. The nearest filings are a 6-K filed 2026-06-16, accession 0001493152-26-028812, and an F-3 filed 2026-07-24, accession 0001493152-26-034489. Nasdaq's JLHL press-release page listed no notice."
JLHL,2026-07-09,2026-07-08,3.06,3.73,12.79,close_over_prev_close,4.179739,2026-08-13 2026-08-14 2026-08-17 2026-08-18 2026-08-19 2026-08-20 2026-08-21 2026-08-24 2026-08-25 2026-08-26 2026-08-27 2026-08-31 2026-09-01 2026-09-02 2026-09-03 2026-09-04 2026-09-08 2026-09-09 2026-09-10 2026-09-11 2026-09-14 2026-09-15 2026-09-16 2026-09-17 2026-09-18 2026-09-21 2026-09-22 2026-09-23 2026-09-24 2026-09-25,2026-09-03,unexplained,,,,,"No 6-K, 8-K, 10-Q, 20-F, F-3, or 424B for CIK 0002007846 has a filing date from 2026-07-01 through 2026-07-16. The nearest filings are a 6-K filed 2026-06-16, accession 0001493152-26-028812, and an F-3 filed 2026-07-24, accession 0001493152-26-034489. Nasdaq's JLHL press-release page listed no notice."
CAPR,2026-07-27,2026-07-24,19.700001,5.87,7,open_over_prev_close,0.29797,2026-08-13 2026-08-14 2026-08-17 2026-08-18 2026-08-19 2026-08-20 2026-08-21 2026-08-24 2026-08-25 2026-08-26 2026-08-27 2026-08-31 2026-09-01 2026-09-02 2026-09-03 2026-09-04 2026-09-08 2026-09-09 2026-09-10 2026-09-11 2026-09-14 2026-09-15 2026-09-16 2026-09-17 2026-09-18 2026-09-21 2026-09-22 2026-09-23 2026-09-24 2026-09-25,,real_move,8-K,2026-07-29,0001104659-26-087891,https://www.sec.gov/Archives/edgar/data/1133869/000110465926087891/capr-20260729x8k.htm,"Phase 3 HOPE-3 results published in The Lancet, with an LVEF model update. It does not state a split, reverse split, consolidation, or distribution. The July 30 8-K on the FDA advisory vote does not either."
MPLT,2026-07-27,2026-07-24,36.560001,12.98,9.905,close_over_prev_close,0.270924,2026-08-13 2026-08-14 2026-08-17 2026-08-18 2026-08-19 2026-08-20 2026-08-21 2026-08-24 2026-08-25 2026-08-26 2026-08-27 2026-08-31 2026-09-01 2026-09-02 2026-09-03 2026-09-04 2026-09-08 2026-09-09 2026-09-10 2026-09-11 2026-09-14 2026-09-15 2026-09-16 2026-09-17 2026-09-18 2026-09-21 2026-09-22 2026-09-23 2026-09-24 2026-09-25,,real_move,8-K,2026-07-27,0001193125-26-316820,https://www.sec.gov/Archives/edgar/data/1770069/000119312526316820/d139086d8k.htm,"Press release of the ZEPHYR trial results. It does not state a split, reverse split, consolidation, or distribution."
MVIS,2026-08-03,2026-07-30,0.24,4.06,3.85,close_over_prev_close,16.041667,2026-08-13,,verified,8-K,2026-07-22,0001493152-26-034194,https://www.sec.gov/Archives/edgar/data/65770/000149315226034194/form8-k.htm,"1-for-15 reverse split, effective 2026-08-01 17:00 ET, split-adjusted Nasdaq trading 2026-08-03."
MVIS,2026-08-03,2026-07-30,0.24,4.06,3.85,open_over_prev_close,16.916667,2026-08-13,,verified,8-K,2026-07-22,0001493152-26-034194,https://www.sec.gov/Archives/edgar/data/65770/000149315226034194/form8-k.htm,"1-for-15 reverse split, effective 2026-08-01 17:00 ET, split-adjusted Nasdaq trading 2026-08-03."
XHLD,2026-08-06,2026-08-05,0.797,0.81,2.81,close_over_open,3.469136,2026-08-26 2026-08-27 2026-08-31 2026-09-01 2026-09-02 2026-09-03 2026-09-04 2026-09-08 2026-09-09 2026-09-10 2026-09-11 2026-09-14 2026-09-15 2026-09-16 2026-09-17 2026-09-18 2026-09-21 2026-09-22 2026-09-23 2026-09-24 2026-09-25,,real_move,8-K,2026-08-10,0001493152-26-036864,https://www.sec.gov/Archives/edgar/data/2030954/000149315226036864/form8-k.htm,"Quarterly results for the quarter ended June 30, 2026. It does not state a new share change. The same-window 10-Q and 424B3 recite reverse splits effective 2024-10-09 and 2025-12-01 only."
XHLD,2026-08-06,2026-08-05,0.797,0.81,2.81,close_over_prev_close,3.525721,2026-08-26 2026-08-27 2026-08-31 2026-09-01 2026-09-02 2026-09-03 2026-09-04 2026-09-08 2026-09-09 2026-09-10 2026-09-11 2026-09-14 2026-09-15 2026-09-16 2026-09-17 2026-09-18 2026-09-21 2026-09-22 2026-09-23 2026-09-24 2026-09-25,,real_move,8-K,2026-08-10,0001493152-26-036864,https://www.sec.gov/Archives/edgar/data/2030954/000149315226036864/form8-k.htm,"Quarterly results for the quarter ended June 30, 2026. It does not state a new share change. The same-window 10-Q and 424B3 recite reverse splits effective 2024-10-09 and 2025-12-01 only."
MB,2026-08-07,2026-08-06,3.75,14.3,8.92,open_over_prev_close,3.813333,2026-08-13 2026-08-14,,unexplained,,,,,"No 6-K, 8-K, 10-Q, 20-F, or 424B for CIK 0002027265 has a filing date from 2026-07-31 through 2026-08-14. The latest filing is a 6-K filed 2026-05-19, accession 0001493152-26-024320. Nasdaq's MB press-release page listed no notice."
AEHL,2026-08-10,2026-08-07,0.3,5.11,5.71,close_over_prev_close,19.033333,2026-09-21 2026-09-22 2026-09-23 2026-09-24 2026-09-25,,verified,6-K,2026-08-05,0001493152-26-036122,https://www.sec.gov/Archives/edgar/data/1470683/000149315226036122/form6-k.htm,"1-for-16 reverse split, effective 2026-08-07 16:01 ET, split-adjusted Nasdaq trading 2026-08-10."
AEHL,2026-08-10,2026-08-07,0.3,5.11,5.71,open_over_prev_close,17.033333,2026-09-21 2026-09-22 2026-09-23 2026-09-24 2026-09-25,,verified,6-K,2026-08-05,0001493152-26-036122,https://www.sec.gov/Archives/edgar/data/1470683/000149315226036122/form6-k.htm,"1-for-16 reverse split, effective 2026-08-07 16:01 ET, split-adjusted Nasdaq trading 2026-08-10."
SION,2026-08-10,2026-08-07,51.040001,4.85,4.5,close_over_prev_close,0.088166,2026-08-13 2026-08-14 2026-08-17 2026-08-18 2026-08-19 2026-08-20 2026-08-21 2026-08-24 2026-08-25 2026-08-26 2026-08-27 2026-08-31 2026-09-01 2026-09-02 2026-09-03 2026-09-04 2026-09-08 2026-09-09 2026-09-10 2026-09-11 2026-09-14 2026-09-15 2026-09-16 2026-09-17 2026-09-18 2026-09-21 2026-09-22 2026-09-23 2026-09-24 2026-09-25,,real_move,8-K,2026-08-10,0001193125-26-341230,https://www.sec.gov/Archives/edgar/data/2036042/000119312526341230/d135438d8k.htm,"Topline data from the PreciSION CF Phase 2a trial of SION-719 and a Phase 1 trial of SION-451; SION-719 will not advance as an add-on. It does not state a split, reverse split, consolidation, or distribution. The same-window 10-Q and earnings 8-K do not either."
SION,2026-08-10,2026-08-07,51.040001,4.85,4.5,open_over_prev_close,0.095024,2026-08-13 2026-08-14 2026-08-17 2026-08-18 2026-08-19 2026-08-20 2026-08-21 2026-08-24 2026-08-25 2026-08-26 2026-08-27 2026-08-31 2026-09-01 2026-09-02 2026-09-03 2026-09-04 2026-09-08 2026-09-09 2026-09-10 2026-09-11 2026-09-14 2026-09-15 2026-09-16 2026-09-17 2026-09-18 2026-09-21 2026-09-22 2026-09-23 2026-09-24 2026-09-25,,real_move,8-K,2026-08-10,0001193125-26-341230,https://www.sec.gov/Archives/edgar/data/2036042/000119312526341230/d135438d8k.htm,"Topline data from the PreciSION CF Phase 2a trial of SION-719 and a Phase 1 trial of SION-451; SION-719 will not advance as an add-on. It does not state a split, reverse split, consolidation, or distribution. The same-window 10-Q and earnings 8-K do not either."
XHG,2026-08-13,2026-08-12,0.915,5.8,4.1,close_over_prev_close,4.480874,2026-08-17 2026-08-18 2026-08-19 2026-08-20 2026-08-21 2026-08-24 2026-08-25 2026-08-26 2026-08-27 2026-08-31 2026-09-01 2026-09-02 2026-09-03 2026-09-04 2026-09-08 2026-09-09 2026-09-10 2026-09-11 2026-09-14 2026-09-15 2026-09-16 2026-09-17 2026-09-18 2026-09-21 2026-09-22 2026-09-23 2026-09-24 2026-09-25,2026-08-19,unexplained,,,,,"No 6-K, 8-K, 10-Q, 20-F, or 424B for CIK 0001769256 has a filing date from 2026-08-06 through 2026-08-20. The latest filing is the 6-K filed 2026-07-16, accession 0001213900-26-078731, outside that window. Nasdaq's XHG press-release page listed no notice."
XHG,2026-08-13,2026-08-12,0.915,5.8,4.1,open_over_prev_close,6.338798,2026-08-17 2026-08-18 2026-08-19 2026-08-20 2026-08-21 2026-08-24 2026-08-25 2026-08-26 2026-08-27 2026-08-31 2026-09-01 2026-09-02 2026-09-03 2026-09-04 2026-09-08 2026-09-09 2026-09-10 2026-09-11 2026-09-14 2026-09-15 2026-09-16 2026-09-17 2026-09-18 2026-09-21 2026-09-22 2026-09-23 2026-09-24 2026-09-25,2026-08-19,unexplained,,,,,"No 6-K, 8-K, 10-Q, 20-F, or 424B for CIK 0001769256 has a filing date from 2026-08-06 through 2026-08-20. The latest filing is the 6-K filed 2026-07-16, accession 0001213900-26-078731, outside that window. Nasdaq's XHG press-release page listed no notice."
EYPT,2026-08-17,2026-08-14,14.75,4.06,4.87,close_over_prev_close,0.330169,2026-08-17 2026-08-18 2026-08-19 2026-08-20 2026-08-21 2026-08-24 2026-08-25 2026-08-26 2026-08-27 2026-08-31 2026-09-01 2026-09-02 2026-09-03 2026-09-04 2026-09-08 2026-09-09 2026-09-10 2026-09-11 2026-09-14 2026-09-15 2026-09-16 2026-09-17 2026-09-18 2026-09-21 2026-09-22 2026-09-23 2026-09-24 2026-09-25,,real_move,8-K,2026-08-17,0001193125-26-353308,https://www.sec.gov/Archives/edgar/data/1314102/000119312526353308/eypt-20260817.htm,"Topline data for the LUGANO Phase 3 trial of DURAVYU in wet AMD. It does not state a split, reverse split, consolidation, or distribution."
EYPT,2026-08-17,2026-08-14,14.75,4.06,4.87,open_over_prev_close,0.275254,2026-08-17 2026-08-18 2026-08-19 2026-08-20 2026-08-21 2026-08-24 2026-08-25 2026-08-26 2026-08-27 2026-08-31 2026-09-01 2026-09-02 2026-09-03 2026-09-04 2026-09-08 2026-09-09 2026-09-10 2026-09-11 2026-09-14 2026-09-15 2026-09-16 2026-09-17 2026-09-18 2026-09-21 2026-09-22 2026-09-23 2026-09-24 2026-09-25,,real_move,8-K,2026-08-17,0001193125-26-353308,https://www.sec.gov/Archives/edgar/data/1314102/000119312526353308/eypt-20260817.htm,"Topline data for the LUGANO Phase 3 trial of DURAVYU in wet AMD. It does not state a split, reverse split, consolidation, or distribution."
SMJF,2026-08-27,2026-08-26,11.33,11.17,1.47,close_over_open,0.131603,2026-08-27,,real_move,6-K,2026-08-28,0001213900-26-094830,https://www.sec.gov/Archives/edgar/data/2070954/000121390026094830/ea0303790-6k_smj.htm,"No-news statement on unusual trading under NYSE American Company Guide Section 401(d). It does not state a split, reverse split, consolidation, or distribution."
SMJF,2026-08-27,2026-08-26,11.33,11.17,1.47,close_over_prev_close,0.129744,2026-08-27,,real_move,6-K,2026-08-28,0001213900-26-094830,https://www.sec.gov/Archives/edgar/data/2070954/000121390026094830/ea0303790-6k_smj.htm,"No-news statement on unusual trading under NYSE American Company Guide Section 401(d). It does not state a split, reverse split, consolidation, or distribution."
ADBT,2026-09-03,2026-09-02,1.72,1.52,0.34,close_over_open,0.223684,2026-09-04 2026-09-08 2026-09-09 2026-09-10 2026-09-11 2026-09-14,,real_move,8-K,2026-09-02,0001493152-26-041157,https://www.sec.gov/Archives/edgar/data/2084227/000149315226041157/form8-k.htm,"CFO Katharyn Field resigned for personal reasons. It does not state a split, reverse split, consolidation, or distribution. Same-window 424B3 filings are resale supplements and do not state one either."
ADBT,2026-09-03,2026-09-02,1.72,1.52,0.34,close_over_prev_close,0.197674,2026-09-04 2026-09-08 2026-09-09 2026-09-10 2026-09-11 2026-09-14,,real_move,8-K,2026-09-02,0001493152-26-041157,https://www.sec.gov/Archives/edgar/data/2084227/000149315226041157/form8-k.htm,"CFO Katharyn Field resigned for personal reasons. It does not state a split, reverse split, consolidation, or distribution. Same-window 424B3 filings are resale supplements and do not state one either."
