trade_date,ticker,liquid_gate,reason,first_bar
2026-08-13,AAC-U,yes,no_store,
2026-08-13,APNAU,no,no_store,
2026-08-13,BCACU,no,no_store,
2026-08-13,BNRG,no,no_store,
2026-08-13,CLRS,no,no_store,
2026-08-13,IDIAU,no,no_store,
2026-08-13,KCA-U,no,no_store,
2026-08-13,KCAC-U,no,no_store,
2026-08-13,LEDRU,no,first_bar_after,2026-09-21
2026-08-13,MHM,no,no_store,
2026-08-13,MTNE-U,no,no_store,
2026-08-13,NAN,no,no_store,
2026-08-13,NAT,yes,first_bar_after,2026-09-04
2026-08-13,PHAXU,no,no_store,
2026-08-13,PNAQ-U,yes,no_store,
2026-08-13,REZI-WI,no,no_store,
2026-08-13,SAMO-U,no,no_store,
2026-08-13,SCATU,no,first_bar_after,2026-08-26
2026-08-13,SKAIU,no,no_store,
2026-08-13,SNSC,no,first_bar_after,2026-08-14
2026-08-13,TKVA,no,no_store,
2026-08-14,AAC-U,yes,no_store,
2026-08-14,APNAU,no,no_store,
2026-08-14,BCACU,no,no_store,
2026-08-14,BNRG,no,no_store,
2026-08-14,CLRS,no,no_store,
2026-08-14,IDIAU,no,no_store,
2026-08-14,KCA-U,no,no_store,
2026-08-14,KCAC-U,no,no_store,
2026-08-14,LEDRU,no,first_bar_after,2026-09-21
2026-08-14,MHM,no,no_store,
2026-08-14,MTNE-U,no,no_store,
2026-08-14,NAN,no,no_store,
2026-08-14,NAT,yes,first_bar_after,2026-09-04
2026-08-14,PHAXU,no,no_store,
2026-08-14,PNAQ-U,yes,no_store,
2026-08-14,REZI-WI,no,no_store,
2026-08-14,SAMO-U,no,no_store,
2026-08-14,SCATU,no,first_bar_after,2026-08-26
2026-08-14,SKAIU,no,no_store,
2026-08-14,TKVA,no,no_store,
2026-08-17,AAC-U,yes,no_store,
2026-08-17,APNAU,no,no_store,
2026-08-17,BCACU,no,no_store,
2026-08-17,CLRS,no,no_store,
2026-08-17,IDIAU,no,no_store,
2026-08-17,KCA-U,no,no_store,
2026-08-17,KCAC-U,no,no_store,
2026-08-17,LEDRU,no,first_bar_after,2026-09-21
2026-08-17,MHM,no,no_store,
2026-08-17,MTNE-U,no,no_store,
2026-08-17,NAN,no,no_store,
2026-08-17,NAT,yes,first_bar_after,2026-09-04
2026-08-17,PHAXU,no,no_store,
2026-08-17,PNAQ-U,yes,no_store,
2026-08-17,REZI-WI,no,no_store,
2026-08-17,SAMO-U,no,no_store,
2026-08-17,SCATU,no,first_bar_after,2026-08-26
2026-08-17,SKAIU,no,no_store,
2026-08-17,TKVA,no,no_store,
2026-08-18,AAC-U,yes,no_store,
2026-08-18,APNAU,no,no_store,
2026-08-18,BCACU,no,no_store,
2026-08-18,CLRS,no,no_store,
2026-08-18,IDIAU,no,no_store,
2026-08-18,KCA-U,no,no_store,
2026-08-18,KCAC-U,no,no_store,
2026-08-18,LEDRU,no,first_bar_after,2026-09-21
2026-08-18,MHM,no,no_store,
2026-08-18,MTNE-U,no,no_store,
2026-08-18,NAN,no,no_store,
2026-08-18,NAT,yes,first_bar_after,2026-09-04
2026-08-18,PHAXU,no,no_store,
2026-08-18,PNAQ-U,yes,no_store,
2026-08-18,REZI-WI,no,no_store,
2026-08-18,SAMO-U,no,no_store,
2026-08-18,SCATU,no,first_bar_after,2026-08-26
2026-08-18,SKAIU,no,no_store,
2026-08-18,TKVA,no,no_store,
2026-08-19,AAC-U,yes,no_store,
2026-08-19,APNAU,no,no_store,
2026-08-19,BCACU,no,no_store,
2026-08-19,CLRS,no,no_store,
2026-08-19,IDIAU,no,no_store,
2026-08-19,KCA-U,no,no_store,
2026-08-19,KCAC-U,no,no_store,
2026-08-19,LEDRU,no,first_bar_after,2026-09-21
2026-08-19,MHM,no,no_store,
2026-08-19,MTNE-U,no,no_store,
2026-08-19,NAN,no,no_store,
2026-08-19,NAT,yes,first_bar_after,2026-09-04
2026-08-19,PHAXU,no,no_store,
2026-08-19,PNAQ-U,yes,no_store,
2026-08-19,REZI-WI,no,no_store,
2026-08-19,SAMO-U,no,no_store,
2026-08-19,SCATU,no,first_bar_after,2026-08-26
2026-08-19,SKAIU,no,no_store,
2026-08-19,TKVA,no,no_store,
2026-08-20,AAC-U,yes,no_store,
2026-08-20,APNAU,no,no_store,
2026-08-20,BCACU,no,no_store,
2026-08-20,CLRS,no,no_store,
2026-08-20,IDIAU,no,no_store,
2026-08-20,KCA-U,no,no_store,
2026-08-20,KCAC-U,no,no_store,
2026-08-20,LEDRU,no,first_bar_after,2026-09-21
2026-08-20,MHM,no,no_store,
2026-08-20,MTNE-U,no,no_store,
2026-08-20,NAN,no,no_store,
2026-08-20,NAT,yes,first_bar_after,2026-09-04
2026-08-20,PHAXU,no,no_store,
2026-08-20,PNAQ-U,yes,no_store,
2026-08-20,REZI-WI,no,no_store,
2026-08-20,SAMO-U,no,no_store,
2026-08-20,SCATU,no,first_bar_after,2026-08-26
2026-08-20,SKAIU,no,no_store,
2026-08-20,TKVA,no,no_store,
2026-08-21,AAC-U,yes,no_store,
2026-08-21,APNAU,no,no_store,
2026-08-21,BCACU,no,no_store,
2026-08-21,CLRS,no,no_store,
2026-08-21,IDIAU,no,no_store,
2026-08-21,KCA-U,no,no_store,
2026-08-21,KCAC-U,no,no_store,
2026-08-21,LEDRU,no,first_bar_after,2026-09-21
2026-08-21,MHM,no,no_store,
2026-08-21,MTNE-U,no,no_store,
2026-08-21,NAN,no,no_store,
2026-08-21,NAT,yes,first_bar_after,2026-09-04
2026-08-21,PHAXU,no,no_store,
2026-08-21,PNAQ-U,yes,no_store,
2026-08-21,REZI-WI,no,no_store,
2026-08-21,SAMO-U,no,no_store,
2026-08-21,SCATU,no,first_bar_after,2026-08-26
2026-08-21,SKAIU,no,no_store,
2026-08-21,TKVA,no,no_store,
2026-08-24,AAC-U,yes,no_store,
2026-08-24,AFNXU,no,no_store,
2026-08-24,APNAU,no,no_store,
2026-08-24,BCACU,no,no_store,
2026-08-24,CLRS,no,no_store,
2026-08-24,IDIAU,no,no_store,
2026-08-24,KCA-U,no,no_store,
2026-08-24,KCAC-U,no,no_store,
2026-08-24,LEDRU,no,first_bar_after,2026-09-21
2026-08-24,MHM,no,no_store,
2026-08-24,MTNE-U,no,no_store,
2026-08-24,NAN,no,no_store,
2026-08-24,NAT,yes,first_bar_after,2026-09-04
2026-08-24,PHAXU,no,no_store,
2026-08-24,PNAQ-U,no,no_store,
2026-08-24,REZI-WI,no,no_store,
2026-08-24,SAMO-U,no,no_store,
2026-08-24,SCATU,no,first_bar_after,2026-08-26
2026-08-24,SKAIU,no,no_store,
2026-08-24,TKVA,no,no_store,
2026-08-25,AAC-U,yes,no_store,
2026-08-25,AFNXU,no,no_store,
2026-08-25,APNAU,no,no_store,
2026-08-25,BCACU,no,no_store,
2026-08-25,CLRS,no,no_store,
2026-08-25,IDIAU,no,no_store,
2026-08-25,KCA-U,no,no_store,
2026-08-25,KCAC-U,no,no_store,
2026-08-25,LEDRU,no,first_bar_after,2026-09-21
2026-08-25,MTNE-U,no,no_store,
2026-08-25,NAN,no,no_store,
2026-08-25,NAT,yes,first_bar_after,2026-09-04
2026-08-25,PHAXU,no,no_store,
2026-08-25,PNAQ-U,no,no_store,
2026-08-25,REZI-WI,no,no_store,
2026-08-25,SAMO-U,no,no_store,
2026-08-25,SCATU,no,first_bar_after,2026-08-26
2026-08-25,SKAIU,no,no_store,
2026-08-25,TKVA,no,no_store,
2026-08-26,AAC-U,yes,no_store,
2026-08-26,AFNXU,no,no_store,
2026-08-26,APNAU,no,no_store,
2026-08-26,BCACU,no,no_store,
2026-08-26,CLRS,no,no_store,
2026-08-26,IDIAU,no,no_store,
2026-08-26,KCA-U,no,no_store,
2026-08-26,KCAC-U,no,no_store,
2026-08-26,LEDRU,no,first_bar_after,2026-09-21
2026-08-26,MTNE-U,no,no_store,
2026-08-26,NAN,no,no_store,
2026-08-26,NAT,yes,first_bar_after,2026-09-04
2026-08-26,PHAXU,no,no_store,
2026-08-26,PNAQ-U,no,no_store,
2026-08-26,REZI-WI,no,no_store,
2026-08-26,SAMO-U,no,no_store,
2026-08-26,SKAIU,no,no_store,
2026-08-26,TKVA,no,no_store,
2026-08-27,AAC-U,no,no_store,
2026-08-27,AFNXU,no,no_store,
2026-08-27,APNAU,no,no_store,
2026-08-27,BCACU,no,no_store,
2026-08-27,CLRS,no,no_store,
2026-08-27,IDIAU,no,no_store,
2026-08-27,KCA-U,no,no_store,
2026-08-27,KCAC-U,no,no_store,
2026-08-27,LEDRU,no,first_bar_after,2026-09-21
2026-08-27,MTNE-U,no,no_store,
2026-08-27,MUNJ,no,first_bar_after,2026-08-31
2026-08-27,NAN,no,no_store,
2026-08-27,NAT,yes,first_bar_after,2026-09-04
2026-08-27,OTAX,no,first_bar_after,2026-09-02
2026-08-27,PHAXU,no,no_store,
2026-08-27,PNAQ-U,no,no_store,
2026-08-27,REZI-WI,no,no_store,
2026-08-27,SAMO-U,no,no_store,
2026-08-27,SKAIU,no,no_store,
2026-08-27,TIPE,no,first_bar_after,2026-08-31
2026-08-27,TIPG,no,first_bar_after,2026-08-31
2026-08-27,TIPH,no,first_bar_after,2026-08-31
2026-08-27,TKVA,no,no_store,
2026-08-31,AAC-U,no,no_store,
2026-08-31,AFNXU,no,no_store,
2026-08-31,APNAU,no,no_store,
2026-08-31,BCACU,no,no_store,
2026-08-31,CLRS,no,no_store,
2026-08-31,IDIAU,no,no_store,
2026-08-31,IPXGU,no,no_store,
2026-08-31,KCA-U,no,no_store,
2026-08-31,KCAC-U,no,no_store,
2026-08-31,LEDRU,no,first_bar_after,2026-09-21
2026-08-31,MTNE-U,no,no_store,
2026-08-31,NAN,no,no_store,
2026-08-31,NAT,yes,first_bar_after,2026-09-04
2026-08-31,OTAX,no,first_bar_after,2026-09-02
2026-08-31,PHAXU,no,no_store,
2026-08-31,PNAQ-U,no,no_store,
2026-08-31,REZI-WI,no,no_store,
2026-08-31,SAMO-U,no,no_store,
2026-08-31,SGLD,no,first_bar_after,2026-09-01
2026-08-31,SKAIU,no,no_store,
2026-08-31,TKVA,no,no_store,
2026-09-01,AAC-U,no,no_store,
2026-09-01,AFNXU,no,no_store,
2026-09-01,APNAU,no,no_store,
2026-09-01,BCACU,no,no_store,
2026-09-01,CLRS,no,no_store,
2026-09-01,FSHPU,no,no_store,
2026-09-01,IDIAU,no,no_store,
2026-09-01,KCA-U,no,no_store,
2026-09-01,KCAC-U,no,no_store,
2026-09-01,LEDRU,no,first_bar_after,2026-09-21
2026-09-01,MTNE-U,no,no_store,
2026-09-01,NAN,no,no_store,
2026-09-01,NAT,yes,first_bar_after,2026-09-04
2026-09-01,OTAX,no,first_bar_after,2026-09-02
2026-09-01,PHAXU,no,no_store,
2026-09-01,PNAQ-U,no,no_store,
2026-09-01,REZI-WI,no,no_store,
2026-09-01,SAMO-U,no,no_store,
2026-09-01,SKAIU,no,no_store,
2026-09-01,TKVA,no,no_store,
2026-09-01,TRBG,no,first_bar_after,2026-09-03
2026-09-02,AAC-U,no,no_store,
2026-09-02,AFNXU,no,no_store,
2026-09-02,APNAU,no,no_store,
2026-09-02,BCACU,no,no_store,
2026-09-02,CLRS,no,no_store,
2026-09-02,FSHPU,no,no_store,
2026-09-02,IDIAU,no,no_store,
2026-09-02,KCA-U,no,no_store,
2026-09-02,KCAC-U,no,no_store,
2026-09-02,LEDRU,no,first_bar_after,2026-09-21
2026-09-02,MTNE-U,no,no_store,
2026-09-02,NAN,no,no_store,
2026-09-02,NAT,yes,first_bar_after,2026-09-04
2026-09-02,PHAXU,no,no_store,
2026-09-02,PNAQ-U,no,no_store,
2026-09-02,REZI-WI,no,no_store,
2026-09-02,SAMO-U,no,no_store,
2026-09-02,SKAIU,no,no_store,
2026-09-02,TKVA,no,no_store,
2026-09-02,TRBG,no,first_bar_after,2026-09-03
2026-09-03,AAC-U,no,no_store,
2026-09-03,AFNXU,no,no_store,
2026-09-03,APNAU,no,no_store,
2026-09-03,BCACU,no,no_store,
2026-09-03,CLRS,no,no_store,
2026-09-03,FSHPU,no,no_store,
2026-09-03,IDIAU,no,no_store,
2026-09-03,KCA-U,no,no_store,
2026-09-03,KCAC-U,no,no_store,
2026-09-03,LEDRU,no,first_bar_after,2026-09-21
2026-09-03,MTNE-U,no,no_store,
2026-09-03,NAN,no,no_store,
2026-09-03,NAT,yes,first_bar_after,2026-09-04
2026-09-03,PHAXU,no,no_store,
2026-09-03,PNAQ-U,no,no_store,
2026-09-03,REZI-WI,no,no_store,
2026-09-03,SAMO-U,no,no_store,
2026-09-03,SKAIU,no,no_store,
2026-09-03,TKVA,no,no_store,
2026-09-04,AAC-U,no,no_store,
2026-09-04,AFNXU,no,no_store,
2026-09-04,APNAU,no,no_store,
2026-09-04,BCACU,no,no_store,
2026-09-04,CLRS,no,no_store,
2026-09-04,FSHPU,no,no_store,
2026-09-04,IDIAU,no,no_store,
2026-09-04,KCA-U,no,no_store,
2026-09-04,KCAC-U,no,no_store,
2026-09-04,LEDRU,no,first_bar_after,2026-09-21
2026-09-04,MTNE-U,no,no_store,
2026-09-04,NAN,no,no_store,
2026-09-04,PHAXU,no,no_store,
2026-09-04,PNAQ-U,no,no_store,
2026-09-04,REZI-WI,no,no_store,
2026-09-04,SAMO-U,no,no_store,
2026-09-04,SKAIU,no,no_store,
2026-09-04,TKVA,no,no_store,
2026-09-08,AAC-U,no,no_store,
2026-09-08,AFNXU,no,no_store,
2026-09-08,APNAU,no,no_store,
2026-09-08,BCACU,no,no_store,
2026-09-08,CLRS,no,no_store,
2026-09-08,FSHPU,no,no_store,
2026-09-08,IDIAU,no,no_store,
2026-09-08,KCA-U,no,no_store,
2026-09-08,KCAC-U,no,no_store,
2026-09-08,LEDRU,no,first_bar_after,2026-09-21
2026-09-08,MTNE-U,no,no_store,
2026-09-08,NAN,no,no_store,
2026-09-08,PHAXU,no,no_store,
2026-09-08,PNAQ-U,no,no_store,
2026-09-08,REZI-WI,no,no_store,
2026-09-08,SAMO-U,no,no_store,
2026-09-08,SKAIU,no,no_store,
2026-09-08,TKVA,no,no_store,
2026-09-09,AFNXU,no,no_store,
2026-09-09,APNAU,no,no_store,
2026-09-09,BCACU,no,no_store,
2026-09-09,CLRS,no,no_store,
2026-09-09,IDIAU,no,no_store,
2026-09-09,KCA-U,no,no_store,
2026-09-09,LEDRU,no,first_bar_after,2026-09-21
2026-09-09,NAN,no,no_store,
2026-09-09,PHAXU,no,no_store,
2026-09-09,PNAQ-U,no,no_store,
2026-09-09,REZI-WI,no,no_store,
2026-09-09,RML,no,no_store,
2026-09-09,SKAIU,no,no_store,
2026-09-09,TKVA,no,no_store,
2026-09-10,AFNXU,no,no_store,
2026-09-10,APNAU,no,no_store,
2026-09-10,BCACU,no,no_store,
2026-09-10,CCML,no,no_store,
2026-09-10,CLRS,no,no_store,
2026-09-10,DICE,no,no_store,
2026-09-10,IDIAU,no,no_store,
2026-09-10,KATT,no,no_store,
2026-09-10,KCA-U,no,no_store,
2026-09-10,KRSA,no,no_store,
2026-09-10,LEDRU,no,first_bar_after,2026-09-21
2026-09-10,LOVIU,no,first_bar_after,2026-09-23
2026-09-10,NAN,no,no_store,
2026-09-10,NXAT,no,no_store,
2026-09-10,PHAXU,no,no_store,
2026-09-10,PNAQ-U,no,no_store,
2026-09-10,REZI-WI,no,no_store,
2026-09-10,RML,no,no_store,
2026-09-10,SKAIU,no,no_store,
2026-09-10,TKVA,no,no_store,
2026-09-10,TRXS,no,no_store,
2026-09-11,ACBE,no,no_store,
2026-09-11,ACBH,no,no_store,
2026-09-11,AFNXU,no,no_store,
2026-09-11,AIFR,no,no_store,
2026-09-11,AIMG,no,no_store,
2026-09-11,APNAU,no,no_store,
2026-09-11,ATTT,no,no_store,
2026-09-11,BCACU,no,no_store,
2026-09-11,BRTM,no,no_store,
2026-09-11,CCML,no,no_store,
2026-09-11,CLRS,no,no_store,
2026-09-11,CRAM,no,no_store,
2026-09-11,DICE,no,no_store,
2026-09-11,EOCN,no,no_store,
2026-09-11,IDIAU,no,no_store,
2026-09-11,KATT,no,no_store,
2026-09-11,KCA-U,no,no_store,
2026-09-11,KRSA,no,no_store,
2026-09-11,LEDRU,no,first_bar_after,2026-09-21
2026-09-11,LOVIU,no,first_bar_after,2026-09-23
2026-09-11,MFSD,no,no_store,
2026-09-11,MFSX,no,no_store,
2026-09-11,NAN,no,no_store,
2026-09-11,NRAM,no,no_store,
2026-09-11,NXAT,no,no_store,
2026-09-11,PHAXU,no,no_store,
2026-09-11,PNAQ-U,no,no_store,
2026-09-11,REZI-WI,no,no_store,
2026-09-11,RML,no,no_store,
2026-09-11,SKAIU,no,no_store,
2026-09-11,TKVA,no,no_store,
2026-09-11,TRXS,no,no_store,
2026-09-11,VEEM,no,no_store,
2026-09-11,VEGX,no,no_store,
2026-09-11,XLCD,no,no_store,
2026-09-11,XLCU,no,no_store,
2026-09-11,XLPD,no,no_store,
2026-09-11,XLPU,no,no_store,
2026-09-14,ACBE,no,no_store,
2026-09-14,ACBH,no,no_store,
2026-09-14,AFNXU,no,no_store,
2026-09-14,AIFR,no,no_store,
2026-09-14,AIMG,no,no_store,
2026-09-14,APNAU,no,no_store,
2026-09-14,ATTT,no,no_store,
2026-09-14,BCACU,no,no_store,
2026-09-14,BRTM,no,no_store,
2026-09-14,CCML,no,no_store,
2026-09-14,CLRS,no,no_store,
2026-09-14,CRAM,no,no_store,
2026-09-14,DICE,no,no_store,
2026-09-14,EOCN,no,no_store,
2026-09-14,GEMQ,no,no_store,
2026-09-14,HLSQ,no,no_store,
2026-09-14,IDIAU,no,no_store,
2026-09-14,KATT,no,no_store,
2026-09-14,KCA-U,no,no_store,
2026-09-14,KRSA,no,no_store,
2026-09-14,LEDRU,no,first_bar_after,2026-09-21
2026-09-14,LOVIU,no,first_bar_after,2026-09-23
2026-09-14,MFSD,no,no_store,
2026-09-14,MFSX,no,no_store,
2026-09-14,MLCC,no,no_store,
2026-09-14,NAN,no,no_store,
2026-09-14,NRAM,no,no_store,
2026-09-14,NXAT,no,no_store,
2026-09-14,OCLT,no,no_store,
2026-09-14,PHAXU,no,no_store,
2026-09-14,PNAQ-U,no,no_store,
2026-09-14,REZI-WI,no,no_store,
2026-09-14,RML,no,no_store,
2026-09-14,SKAIU,no,no_store,
2026-09-14,TKVA,no,no_store,
2026-09-14,TRXS,no,no_store,
2026-09-14,VEEM,no,no_store,
2026-09-14,VEGX,no,no_store,
2026-09-14,XLCD,no,no_store,
2026-09-14,XLCU,no,no_store,
2026-09-14,XLPD,no,no_store,
2026-09-14,XLPU,no,no_store,
2026-09-15,ABND,no,no_store,
2026-09-15,ACBE,no,no_store,
2026-09-15,ACBH,no,no_store,
2026-09-15,AFDM,no,no_store,
2026-09-15,AFEM,no,no_store,
2026-09-15,AFNXU,no,no_store,
2026-09-15,AIFR,no,no_store,
2026-09-15,AIMG,no,no_store,
2026-09-15,APNAU,no,no_store,
2026-09-15,ATTT,no,no_store,
2026-09-15,BCACU,no,no_store,
2026-09-15,BRTM,no,no_store,
2026-09-15,BURU,no,no_store,
2026-09-15,CCML,no,no_store,
2026-09-15,CLRS,no,no_store,
2026-09-15,CRAM,no,no_store,
2026-09-15,DICE,no,no_store,
2026-09-15,DMXU,no,no_store,
2026-09-15,EOCN,no,no_store,
2026-09-15,GEMQ,no,no_store,
2026-09-15,HLSQ,no,no_store,
2026-09-15,IDIAU,no,no_store,
2026-09-15,KATT,no,no_store,
2026-09-15,KCA-U,no,no_store,
2026-09-15,KRSA,no,no_store,
2026-09-15,LEDRU,no,first_bar_after,2026-09-21
2026-09-15,LOVIU,no,first_bar_after,2026-09-23
2026-09-15,MFSD,no,no_store,
2026-09-15,MFSX,no,no_store,
2026-09-15,MLCC,no,no_store,
2026-09-15,NAN,no,no_store,
2026-09-15,NRAM,no,no_store,
2026-09-15,NXAT,no,no_store,
2026-09-15,OCLT,no,no_store,
2026-09-15,PHAXU,no,no_store,
2026-09-15,PNAQ-U,no,no_store,
2026-09-15,REZI-WI,no,no_store,
2026-09-15,RML,no,no_store,
2026-09-15,SKAIU,no,no_store,
2026-09-15,TIZE,no,no_store,
2026-09-15,TKVA,no,no_store,
2026-09-15,TRXS,no,no_store,
2026-09-15,VEEM,no,no_store,
2026-09-15,VEGX,no,no_store,
2026-09-15,XLCD,no,no_store,
2026-09-15,XLCU,no,no_store,
2026-09-15,XLPD,no,no_store,
2026-09-15,XLPU,no,no_store,
2026-09-16,ABND,no,no_store,
2026-09-16,ACBE,no,no_store,
2026-09-16,ACBH,no,no_store,
2026-09-16,AFDM,no,no_store,
2026-09-16,AFEM,no,no_store,
2026-09-16,AFNXU,no,no_store,
2026-09-16,AIFR,no,no_store,
2026-09-16,AIMG,no,no_store,
2026-09-16,APNAU,no,no_store,
2026-09-16,AT,no,no_store,
2026-09-16,ATTT,no,no_store,
2026-09-16,BCACU,no,no_store,
2026-09-16,BRTM,no,no_store,
2026-09-16,BURU,no,no_store,
2026-09-16,CCML,no,no_store,
2026-09-16,CLRS,no,no_store,
2026-09-16,CRAM,no,no_store,
2026-09-16,CSEP,no,no_store,
2026-09-16,CTSE,no,no_store,
2026-09-16,DICE,no,no_store,
2026-09-16,DMXU,no,no_store,
2026-09-16,EMSE,no,no_store,
2026-09-16,EOCN,no,no_store,
2026-09-16,GEMQ,no,no_store,
2026-09-16,HLSQ,no,no_store,
2026-09-16,HSEP,no,no_store,
2026-09-16,IDIAU,no,no_store,
2026-09-16,IDSE,no,no_store,
2026-09-16,KATT,no,no_store,
2026-09-16,KCA-U,no,no_store,
2026-09-16,KCHP,no,no_store,
2026-09-16,KRSA,no,no_store,
2026-09-16,LEDRU,no,first_bar_after,2026-09-21
2026-09-16,LOVIU,no,first_bar_after,2026-09-23
2026-09-16,LPSV,no,no_store,
2026-09-16,MFSD,no,no_store,
2026-09-16,MFSX,no,no_store,
2026-09-16,MLCC,no,no_store,
2026-09-16,NAN,no,no_store,
2026-09-16,NRAM,no,no_store,
2026-09-16,NUIB,no,no_store,
2026-09-16,NXAT,no,no_store,
2026-09-16,OCLT,no,no_store,
2026-09-16,PCPC,no,no_store,
2026-09-16,PHAXU,no,no_store,
2026-09-16,PNAQ-U,no,no_store,
2026-09-16,QQSE,no,no_store,
2026-09-16,QSE,no,no_store,
2026-09-16,REZI-WI,no,no_store,
2026-09-16,RML,no,no_store,
2026-09-16,RNAQ,no,no_store,
2026-09-16,SALI,no,no_store,
2026-09-16,SCSE,no,no_store,
2026-09-16,SEPC,no,no_store,
2026-09-16,SKAIU,no,no_store,
2026-09-16,TIZE,no,no_store,
2026-09-16,TKVA,no,no_store,
2026-09-16,TRXS,no,no_store,
2026-09-16,VEEM,no,no_store,
2026-09-16,VEGX,no,no_store,
2026-09-16,XLCD,no,no_store,
2026-09-16,XLCU,no,no_store,
2026-09-16,XLPD,no,no_store,
2026-09-16,XLPU,no,no_store,
2026-09-16,XUSM,no,no_store,
2026-09-17,ABND,no,no_store,
2026-09-17,ACBE,no,no_store,
2026-09-17,ACBH,no,no_store,
2026-09-17,AFDM,no,no_store,
2026-09-17,AFEM,no,no_store,
2026-09-17,AFNXU,no,no_store,
2026-09-17,AICH,no,no_store,
2026-09-17,AIFR,no,no_store,
2026-09-17,AIMG,no,no_store,
2026-09-17,APNAU,no,no_store,
2026-09-17,ASBH,no,no_store,
2026-09-17,AT,no,no_store,
2026-09-17,ATTT,no,no_store,
2026-09-17,BCACU,no,no_store,
2026-09-17,BRTM,no,no_store,
2026-09-17,BSMA,no,no_store,
2026-09-17,BUIL,no,no_store,
2026-09-17,BURU,no,no_store,
2026-09-17,CCML,no,no_store,
2026-09-17,CLRS,no,no_store,
2026-09-17,CRAM,no,no_store,
2026-09-17,CSEP,no,no_store,
2026-09-17,CTSE,no,no_store,
2026-09-17,DICE,no,no_store,
2026-09-17,DMXU,no,no_store,
2026-09-17,EMSE,no,no_store,
2026-09-17,EOCN,no,no_store,
2026-09-17,GEMQ,no,no_store,
2026-09-17,HLSQ,no,no_store,
2026-09-17,HSEP,no,no_store,
2026-09-17,IDIAU,no,no_store,
2026-09-17,IDSE,no,no_store,
2026-09-17,IQGR,no,no_store,
2026-09-17,JINT,no,no_store,
2026-09-17,KATT,no,no_store,
2026-09-17,KCA-U,no,no_store,
2026-09-17,KCHP,no,no_store,
2026-09-17,KRSA,no,no_store,
2026-09-17,LEDRU,no,first_bar_after,2026-09-21
2026-09-17,LOVIU,no,first_bar_after,2026-09-23
2026-09-17,LPSV,no,no_store,
2026-09-17,MFSD,no,no_store,
2026-09-17,MFSX,no,no_store,
2026-09-17,MLCC,no,no_store,
2026-09-17,NAN,no,no_store,
2026-09-17,NRAM,no,no_store,
2026-09-17,NUIB,no,no_store,
2026-09-17,NXAT,no,no_store,
2026-09-17,OCLT,no,no_store,
2026-09-17,PCPC,no,no_store,
2026-09-17,PHAXU,no,no_store,
2026-09-17,PNAQ-U,no,no_store,
2026-09-17,QQSE,no,no_store,
2026-09-17,QSE,no,no_store,
2026-09-17,REZI-WI,no,no_store,
2026-09-17,RML,no,no_store,
2026-09-17,RNAQ,no,no_store,
2026-09-17,SALI,no,no_store,
2026-09-17,SCSE,no,no_store,
2026-09-17,SEPC,no,no_store,
2026-09-17,SKAIU,no,no_store,
2026-09-17,TIZE,no,no_store,
2026-09-17,TKVA,no,no_store,
2026-09-17,TRXS,no,no_store,
2026-09-17,VEEM,no,no_store,
2026-09-17,VEGX,no,no_store,
2026-09-17,WCCB,no,no_store,
2026-09-17,XLCD,no,no_store,
2026-09-17,XLCU,no,no_store,
2026-09-17,XLPD,no,no_store,
2026-09-17,XLPU,no,no_store,
2026-09-17,XUSM,no,no_store,
2026-09-18,ABND,no,no_store,
2026-09-18,ACBE,no,no_store,
2026-09-18,ACBH,no,no_store,
2026-09-18,AFDM,no,no_store,
2026-09-18,AFEM,no,no_store,
2026-09-18,AFNXU,no,no_store,
2026-09-18,AICH,no,no_store,
2026-09-18,AIFR,no,no_store,
2026-09-18,AIMG,no,no_store,
2026-09-18,APNAU,no,no_store,
2026-09-18,ASBH,no,no_store,
2026-09-18,AT,no,no_store,
2026-09-18,ATTT,no,no_store,
2026-09-18,BCACU,no,no_store,
2026-09-18,BRTM,no,no_store,
2026-09-18,BSMA,no,no_store,
2026-09-18,BUIL,no,no_store,
2026-09-18,BURU,no,no_store,
2026-09-18,CATL,no,no_store,
2026-09-18,CCML,no,no_store,
2026-09-18,CGFS,no,no_store,
2026-09-18,CLRS,no,no_store,
2026-09-18,CRAM,no,no_store,
2026-09-18,CSEP,no,no_store,
2026-09-18,CTSE,no,no_store,
2026-09-18,DICE,no,no_store,
2026-09-18,DMXU,no,no_store,
2026-09-18,DRK,no,no_store,
2026-09-18,EMSE,no,no_store,
2026-09-18,EOCN,no,no_store,
2026-09-18,GEMQ,no,no_store,
2026-09-18,HLSQ,no,no_store,
2026-09-18,HSEP,no,no_store,
2026-09-18,HUMM,no,no_store,
2026-09-18,HYAC-U,no,no_store,
2026-09-18,IDIAU,no,no_store,
2026-09-18,IDSE,no,no_store,
2026-09-18,IQGR,no,no_store,
2026-09-18,JINT,no,no_store,
2026-09-18,KATT,no,no_store,
2026-09-18,KCA-U,no,no_store,
2026-09-18,KCHP,no,no_store,
2026-09-18,KRSA,no,no_store,
2026-09-18,LEDRU,no,first_bar_after,2026-09-21
2026-09-18,LOVIU,no,first_bar_after,2026-09-23
2026-09-18,LPSV,no,no_store,
2026-09-18,MFSD,no,no_store,
2026-09-18,MFSX,no,no_store,
2026-09-18,MLCC,no,no_store,
2026-09-18,MNGZ,no,no_store,
2026-09-18,MTAK,no,no_store,
2026-09-18,NAN,no,no_store,
2026-09-18,NRAM,no,no_store,
2026-09-18,NUIB,no,no_store,
2026-09-18,NXAT,no,no_store,
2026-09-18,OCLT,no,no_store,
2026-09-18,PCPC,no,no_store,
2026-09-18,PHAXU,no,no_store,
2026-09-18,PNAQ-U,no,no_store,
2026-09-18,QQSE,no,no_store,
2026-09-18,QSE,no,no_store,
2026-09-18,REZI-WI,no,no_store,
2026-09-18,RML,no,no_store,
2026-09-18,RNAQ,no,no_store,
2026-09-18,SALI,no,no_store,
2026-09-18,SCSE,no,no_store,
2026-09-18,SEPC,no,no_store,
2026-09-18,SKAIU,no,no_store,
2026-09-18,TDNA,no,no_store,
2026-09-18,TIZE,no,no_store,
2026-09-18,TKVA,no,no_store,
2026-09-18,TLAC,no,no_store,
2026-09-18,TMID,no,no_store,
2026-09-18,TRXS,no,no_store,
2026-09-18,TSEE,no,no_store,
2026-09-18,VEEM,no,no_store,
2026-09-18,VEGX,no,no_store,
2026-09-18,WCCB,no,no_store,
2026-09-18,XLCD,no,no_store,
2026-09-18,XLCU,no,no_store,
2026-09-18,XLPD,no,no_store,
2026-09-18,XLPU,no,no_store,
2026-09-18,XUSM,no,no_store,
2026-09-21,ABND,no,no_store,
2026-09-21,ACBE,no,no_store,
2026-09-21,ACBH,no,no_store,
2026-09-21,AFDM,no,no_store,
2026-09-21,AFEM,no,no_store,
2026-09-21,AFNXU,no,no_store,
2026-09-21,AICH,no,no_store,
2026-09-21,AIFR,no,no_store,
2026-09-21,AIMG,no,no_store,
2026-09-21,APNAU,no,no_store,
2026-09-21,ASBH,no,no_store,
2026-09-21,ASSX,no,no_store,
2026-09-21,AT,no,no_store,
2026-09-21,ATTT,no,no_store,
2026-09-21,BCACU,no,no_store,
2026-09-21,BRTM,no,no_store,
2026-09-21,BSMA,no,no_store,
2026-09-21,BUIL,no,no_store,
2026-09-21,BURU,no,no_store,
2026-09-21,CATL,no,no_store,
2026-09-21,CCML,no,no_store,
2026-09-21,CGFS,no,no_store,
2026-09-21,CLRS,no,no_store,
2026-09-21,CRAM,no,no_store,
2026-09-21,CSEP,no,no_store,
2026-09-21,CTSE,no,no_store,
2026-09-21,DICE,no,no_store,
2026-09-21,DMXU,no,no_store,
2026-09-21,DRK,no,no_store,
2026-09-21,EMSE,no,no_store,
2026-09-21,EOCN,no,no_store,
2026-09-21,ETRA,no,first_bar_after,2026-09-24
2026-09-21,GEMQ,no,no_store,
2026-09-21,HLSQ,no,no_store,
2026-09-21,HOST,no,no_store,
2026-09-21,HSEP,no,no_store,
2026-09-21,HUMM,no,no_store,
2026-09-21,HYAC-U,yes,no_store,
2026-09-21,IDIAU,no,no_store,
2026-09-21,IDSE,no,no_store,
2026-09-21,IQGR,no,no_store,
2026-09-21,JINT,no,no_store,
2026-09-21,KATT,no,no_store,
2026-09-21,KCA-U,no,no_store,
2026-09-21,KCHP,no,no_store,
2026-09-21,KRSA,no,no_store,
2026-09-21,LOVIU,no,first_bar_after,2026-09-23
2026-09-21,LPSV,no,no_store,
2026-09-21,MFSD,no,no_store,
2026-09-21,MFSX,no,no_store,
2026-09-21,MLCC,no,no_store,
2026-09-21,MNGZ,no,no_store,
2026-09-21,MTAK,no,no_store,
2026-09-21,NAN,no,no_store,
2026-09-21,NRAM,no,no_store,
2026-09-21,NUIB,no,no_store,
2026-09-21,NXAT,no,no_store,
2026-09-21,OCLT,no,no_store,
2026-09-21,PCPC,no,no_store,
2026-09-21,PHAXU,no,no_store,
2026-09-21,PNAQ-U,no,no_store,
2026-09-21,QQSE,no,no_store,
2026-09-21,QSE,no,no_store,
2026-09-21,REZI-WI,no,no_store,
2026-09-21,RML,no,no_store,
2026-09-21,RNAQ,no,no_store,
2026-09-21,SALI,no,no_store,
2026-09-21,SCSE,no,no_store,
2026-09-21,SEPC,no,no_store,
2026-09-21,SKAIU,no,no_store,
2026-09-21,TDNA,no,no_store,
2026-09-21,TIZE,no,no_store,
2026-09-21,TKVA,no,no_store,
2026-09-21,TLAC,no,no_store,
2026-09-21,TMID,no,no_store,
2026-09-21,TRXS,no,no_store,
2026-09-21,TSEE,no,no_store,
2026-09-21,VEEM,no,no_store,
2026-09-21,VEGX,no,no_store,
2026-09-21,WCCB,no,no_store,
2026-09-21,XIII,no,no_store,
2026-09-21,XLCD,no,no_store,
2026-09-21,XLCU,no,no_store,
2026-09-21,XLPD,no,no_store,
2026-09-21,XLPU,no,no_store,
2026-09-21,XUSM,no,no_store,
2026-09-22,ABND,no,no_store,
2026-09-22,ACBE,no,no_store,
2026-09-22,ACBH,no,no_store,
2026-09-22,AFDM,no,no_store,
2026-09-22,AFEM,no,no_store,
2026-09-22,AFNXU,no,no_store,
2026-09-22,AICH,no,no_store,
2026-09-22,AIFR,no,no_store,
2026-09-22,AIMG,no,no_store,
2026-09-22,APNAU,no,no_store,
2026-09-22,ASBH,no,no_store,
2026-09-22,ASSX,no,no_store,
2026-09-22,AT,no,no_store,
2026-09-22,ATTT,no,no_store,
2026-09-22,BCACU,no,no_store,
2026-09-22,BRTM,no,no_store,
2026-09-22,BSMA,no,no_store,
2026-09-22,BUIL,no,no_store,
2026-09-22,BURU,no,no_store,
2026-09-22,CATL,no,no_store,
2026-09-22,CCML,no,no_store,
2026-09-22,CGFS,no,no_store,
2026-09-22,CLRS,no,no_store,
2026-09-22,CRAM,no,no_store,
2026-09-22,CSEP,no,no_store,
2026-09-22,CTSE,no,no_store,
2026-09-22,DICE,no,no_store,
2026-09-22,DMXU,no,no_store,
2026-09-22,DQSE,no,no_store,
2026-09-22,DRK,no,no_store,
2026-09-22,EMSE,no,no_store,
2026-09-22,EOCN,no,no_store,
2026-09-22,ETRA,no,first_bar_after,2026-09-24
2026-09-22,GEMQ,no,no_store,
2026-09-22,HLSQ,no,no_store,
2026-09-22,HOST,no,no_store,
2026-09-22,HSEP,no,no_store,
2026-09-22,HUMM,no,no_store,
2026-09-22,HYAC-U,yes,no_store,
2026-09-22,IDIAU,no,no_store,
2026-09-22,IDSE,no,no_store,
2026-09-22,IQGR,no,no_store,
2026-09-22,JINT,no,no_store,
2026-09-22,KATT,no,no_store,
2026-09-22,KCA-U,no,no_store,
2026-09-22,KCHP,no,no_store,
2026-09-22,KRSA,no,no_store,
2026-09-22,LOVIU,no,first_bar_after,2026-09-23
2026-09-22,LPSV,no,no_store,
2026-09-22,MFSD,no,no_store,
2026-09-22,MFSX,no,no_store,
2026-09-22,MLCC,no,no_store,
2026-09-22,MNGZ,no,no_store,
2026-09-22,MTAK,no,no_store,
2026-09-22,NAN,no,no_store,
2026-09-22,NRAM,no,no_store,
2026-09-22,NUIB,no,no_store,
2026-09-22,NXAT,no,no_store,
2026-09-22,OCLT,no,no_store,
2026-09-22,PCPC,no,no_store,
2026-09-22,PHAXU,no,no_store,
2026-09-22,PNAQ-U,no,no_store,
2026-09-22,QQBF,no,no_store,
2026-09-22,QQSE,no,no_store,
2026-09-22,QSE,no,no_store,
2026-09-22,RML,no,no_store,
2026-09-22,RNAQ,no,no_store,
2026-09-22,SALI,no,no_store,
2026-09-22,SCSE,no,no_store,
2026-09-22,SECA,no,no_store,
2026-09-22,SEPC,no,no_store,
2026-09-22,SKAIU,no,no_store,
2026-09-22,TDNA,no,no_store,
2026-09-22,TIZE,no,no_store,
2026-09-22,TKVA,no,no_store,
2026-09-22,TLAC,no,no_store,
2026-09-22,TMID,no,no_store,
2026-09-22,TRXS,no,no_store,
2026-09-22,TSEE,no,no_store,
2026-09-22,VEEM,no,no_store,
2026-09-22,VEGX,no,no_store,
2026-09-22,WCCB,no,no_store,
2026-09-22,XIII,no,no_store,
2026-09-22,XLCD,no,no_store,
2026-09-22,XLCU,no,no_store,
2026-09-22,XLPD,no,no_store,
2026-09-22,XLPU,no,no_store,
2026-09-22,XUSM,no,no_store,
2026-09-23,ABND,no,no_store,
2026-09-23,ACBE,no,no_store,
2026-09-23,ACBH,no,no_store,
2026-09-23,AFDM,no,no_store,
2026-09-23,AFEM,no,no_store,
2026-09-23,AFNXU,no,no_store,
2026-09-23,AICH,no,no_store,
2026-09-23,AIFR,no,no_store,
2026-09-23,AIMG,no,no_store,
2026-09-23,APNAU,no,no_store,
2026-09-23,ASBH,no,no_store,
2026-09-23,ASSX,no,no_store,
2026-09-23,AT,no,no_store,
2026-09-23,ATTT,no,no_store,
2026-09-23,BCACU,no,no_store,
2026-09-23,BRTM,no,no_store,
2026-09-23,BSMA,no,no_store,
2026-09-23,BUIL,no,no_store,
2026-09-23,BURU,no,no_store,
2026-09-23,CATL,no,no_store,
2026-09-23,CCML,no,no_store,
2026-09-23,CGFS,no,no_store,
2026-09-23,CLRS,no,no_store,
2026-09-23,CRAM,no,no_store,
2026-09-23,CSEP,no,no_store,
2026-09-23,CTSE,no,no_store,
2026-09-23,DICE,no,no_store,
2026-09-23,DMXU,no,no_store,
2026-09-23,DQSE,no,no_store,
2026-09-23,DRK,no,no_store,
2026-09-23,EMSE,no,no_store,
2026-09-23,ENRG,no,no_store,
2026-09-23,EOCN,no,no_store,
2026-09-23,ESYN,no,no_store,
2026-09-23,ETRA,no,first_bar_after,2026-09-24
2026-09-23,GCPU,no,no_store,
2026-09-23,GEMQ,no,no_store,
2026-09-23,HLSQ,no,no_store,
2026-09-23,HOST,no,no_store,
2026-09-23,HSEP,no,no_store,
2026-09-23,HUMM,no,no_store,
2026-09-23,HYAC-U,yes,no_store,
2026-09-23,IDIAU,no,no_store,
2026-09-23,IDSE,no,no_store,
2026-09-23,IQGR,no,no_store,
2026-09-23,JINT,no,no_store,
2026-09-23,KATT,no,no_store,
2026-09-23,KCA-U,no,no_store,
2026-09-23,KCHP,no,no_store,
2026-09-23,KRSA,no,no_store,
2026-09-23,LPSV,no,no_store,
2026-09-23,MFSD,no,no_store,
2026-09-23,MFSX,no,no_store,
2026-09-23,MLCC,no,no_store,
2026-09-23,MNGB,no,no_store,
2026-09-23,MNGZ,no,no_store,
2026-09-23,MTAK,no,no_store,
2026-09-23,NAN,no,no_store,
2026-09-23,NRAM,no,no_store,
2026-09-23,NUIB,no,no_store,
2026-09-23,NWCL,no,no_store,
2026-09-23,NXAT,no,no_store,
2026-09-23,OCLT,no,no_store,
2026-09-23,PCPC,no,no_store,
2026-09-23,PHAXU,no,no_store,
2026-09-23,PNAQ-U,no,no_store,
2026-09-23,QQBF,no,no_store,
2026-09-23,QQQB,no,no_store,
2026-09-23,QQSE,no,no_store,
2026-09-23,QSE,no,no_store,
2026-09-23,RML,no,no_store,
2026-09-23,RNAQ,no,no_store,
2026-09-23,SALI,no,no_store,
2026-09-23,SCSE,no,no_store,
2026-09-23,SECA,no,no_store,
2026-09-23,SEPC,no,no_store,
2026-09-23,SKAIU,no,no_store,
2026-09-23,TDNA,no,no_store,
2026-09-23,TIZE,no,no_store,
2026-09-23,TKVA,no,no_store,
2026-09-23,TLAC,no,no_store,
2026-09-23,TMID,no,no_store,
2026-09-23,TRXS,no,no_store,
2026-09-23,TSEE,no,no_store,
2026-09-23,VEEM,no,no_store,
2026-09-23,VEGX,no,no_store,
2026-09-23,VOOB,no,no_store,
2026-09-23,WCCB,no,no_store,
2026-09-23,XIII,no,no_store,
2026-09-23,XLCD,no,no_store,
2026-09-23,XLCU,no,no_store,
2026-09-23,XLPD,no,no_store,
2026-09-23,XLPU,no,no_store,
2026-09-23,XUSM,no,no_store,
2026-09-24,ABND,no,no_store,
2026-09-24,ACBE,no,no_store,
2026-09-24,ACBH,no,no_store,
2026-09-24,AFDM,no,no_store,
2026-09-24,AFEM,no,no_store,
2026-09-24,AFNXU,no,no_store,
2026-09-24,AIBF,no,no_store,
2026-09-24,AICH,no,no_store,
2026-09-24,AIFR,no,no_store,
2026-09-24,AIMG,no,no_store,
2026-09-24,AMRO,no,no_store,
2026-09-24,APNAU,no,no_store,
2026-09-24,ASBH,no,no_store,
2026-09-24,ASSX,no,no_store,
2026-09-24,AT,no,no_store,
2026-09-24,ATTT,no,no_store,
2026-09-24,BCACU,no,no_store,
2026-09-24,BRTM,no,no_store,
2026-09-24,BSMA,no,no_store,
2026-09-24,BUIL,no,no_store,
2026-09-24,BURU,no,no_store,
2026-09-24,CATL,no,no_store,
2026-09-24,CCML,no,no_store,
2026-09-24,CGFS,no,no_store,
2026-09-24,CHIP,no,no_store,
2026-09-24,CLRS,no,no_store,
2026-09-24,CRAM,no,no_store,
2026-09-24,CSEP,no,no_store,
2026-09-24,CTSE,no,no_store,
2026-09-24,DICE,no,no_store,
2026-09-24,DMXU,no,no_store,
2026-09-24,DQSE,no,no_store,
2026-09-24,DRK,no,no_store,
2026-09-24,EMSE,no,no_store,
2026-09-24,ENRG,no,no_store,
2026-09-24,EOCN,no,no_store,
2026-09-24,ESYN,no,no_store,
2026-09-24,GCPU,no,no_store,
2026-09-24,GEMQ,no,no_store,
2026-09-24,HLSQ,no,no_store,
2026-09-24,HOST,no,no_store,
2026-09-24,HSEP,no,no_store,
2026-09-24,HUMM,no,no_store,
2026-09-24,HYAC-U,yes,no_store,
2026-09-24,IDIAU,no,no_store,
2026-09-24,IDSE,no,no_store,
2026-09-24,IQGR,no,no_store,
2026-09-24,JINT,no,no_store,
2026-09-24,KATT,no,no_store,
2026-09-24,KCA-U,no,no_store,
2026-09-24,KCHP,no,no_store,
2026-09-24,KRSA,no,no_store,
2026-09-24,LPSV,no,no_store,
2026-09-24,MFSD,no,no_store,
2026-09-24,MFSX,no,no_store,
2026-09-24,MLCC,no,no_store,
2026-09-24,MNGB,no,no_store,
2026-09-24,MNGZ,no,no_store,
2026-09-24,MTAK,no,no_store,
2026-09-24,MYCP,no,no_store,
2026-09-24,MYHF,no,no_store,
2026-09-24,MYML,no,no_store,
2026-09-24,NAN,no,no_store,
2026-09-24,NECK,no,no_store,
2026-09-24,NRAM,no,no_store,
2026-09-24,NUIB,no,no_store,
2026-09-24,NWCL,no,no_store,
2026-09-24,NXAT,no,no_store,
2026-09-24,OCLT,no,no_store,
2026-09-24,PCPC,no,no_store,
2026-09-24,PHAXU,no,no_store,
2026-09-24,PNAQ-U,no,no_store,
2026-09-24,QQBF,no,no_store,
2026-09-24,QQI,no,no_store,
2026-09-24,QQQB,no,no_store,
2026-09-24,QQSE,no,no_store,
2026-09-24,QSE,no,no_store,
2026-09-24,RML,no,no_store,
2026-09-24,RNAQ,no,no_store,
2026-09-24,SALI,no,no_store,
2026-09-24,SCSE,no,no_store,
2026-09-24,SECA,no,no_store,
2026-09-24,SEPC,no,no_store,
2026-09-24,SKAIU,no,no_store,
2026-09-24,TDNA,no,no_store,
2026-09-24,TIZE,no,no_store,
2026-09-24,TKVA,no,no_store,
2026-09-24,TLAC,no,no_store,
2026-09-24,TMID,no,no_store,
2026-09-24,TRXS,no,no_store,
2026-09-24,TSEE,no,no_store,
2026-09-24,TXCA,no,no_store,
2026-09-24,TXNY,no,no_store,
2026-09-24,VEEM,no,no_store,
2026-09-24,VEGX,no,no_store,
2026-09-24,VMHY,no,no_store,
2026-09-24,VMSD,no,no_store,
2026-09-24,VOOB,no,no_store,
2026-09-24,WCCB,no,no_store,
2026-09-24,XIII,no,no_store,
2026-09-24,XLCD,no,no_store,
2026-09-24,XLCU,no,no_store,
2026-09-24,XLPD,no,no_store,
2026-09-24,XLPU,no,no_store,
2026-09-24,XUSM,no,no_store,
2026-09-24,XVAD,no,no_store,
2026-09-24,XVAZ,no,no_store,
2026-09-24,XVGL,no,no_store,
2026-09-24,XVMS,no,no_store,
2026-09-24,XVMT,no,no_store,
2026-09-24,XVPT,no,no_store,
2026-09-25,ABND,no,no_store,
2026-09-25,ACBE,no,no_store,
2026-09-25,ACBH,no,no_store,
2026-09-25,AFDM,no,no_store,
2026-09-25,AFEM,no,no_store,
2026-09-25,AFNXU,no,no_store,
2026-09-25,AIBF,no,no_store,
2026-09-25,AICH,no,no_store,
2026-09-25,AIFR,no,no_store,
2026-09-25,AIMG,no,no_store,
2026-09-25,AMRO,no,no_store,
2026-09-25,APNAU,no,no_store,
2026-09-25,ASBH,no,no_store,
2026-09-25,ASSX,no,no_store,
2026-09-25,AT,no,no_store,
2026-09-25,ATTT,no,no_store,
2026-09-25,BCACU,no,no_store,
2026-09-25,BRTM,no,no_store,
2026-09-25,BSMA,no,no_store,
2026-09-25,BUIL,no,no_store,
2026-09-25,BURU,no,no_store,
2026-09-25,CATL,no,no_store,
2026-09-25,CCML,no,no_store,
2026-09-25,CGFS,no,no_store,
2026-09-25,CHIP,no,no_store,
2026-09-25,CLRS,no,no_store,
2026-09-25,CRAM,no,no_store,
2026-09-25,CSEP,no,no_store,
2026-09-25,CTSE,no,no_store,
2026-09-25,DCAP,no,no_store,
2026-09-25,DICE,no,no_store,
2026-09-25,DMXU,no,no_store,
2026-09-25,DQSE,no,no_store,
2026-09-25,DRK,no,no_store,
2026-09-25,EMSE,no,no_store,
2026-09-25,ENRG,no,no_store,
2026-09-25,EOCN,no,no_store,
2026-09-25,ESYN,no,no_store,
2026-09-25,FJDI,no,no_store,
2026-09-25,GCPU,no,no_store,
2026-09-25,GEMQ,no,no_store,
2026-09-25,HLSQ,no,no_store,
2026-09-25,HOST,no,no_store,
2026-09-25,HSEP,no,no_store,
2026-09-25,HUMM,no,no_store,
2026-09-25,HWMV,no,no_store,
2026-09-25,HYAC-U,yes,no_store,
2026-09-25,IDIAU,no,no_store,
2026-09-25,IDSE,no,no_store,
2026-09-25,IQGR,no,no_store,
2026-09-25,JINT,no,no_store,
2026-09-25,KATT,no,no_store,
2026-09-25,KCA-U,no,no_store,
2026-09-25,KCHP,no,no_store,
2026-09-25,KRSA,no,no_store,
2026-09-25,LPSV,no,no_store,
2026-09-25,MFSD,no,no_store,
2026-09-25,MFSX,no,no_store,
2026-09-25,MGIN,no,no_store,
2026-09-25,MLCC,no,no_store,
2026-09-25,MNGB,no,no_store,
2026-09-25,MNGZ,no,no_store,
2026-09-25,MTAK,no,no_store,
2026-09-25,MYCP,no,no_store,
2026-09-25,MYHF,no,no_store,
2026-09-25,MYML,no,no_store,
2026-09-25,NAN,no,no_store,
2026-09-25,NECK,no,no_store,
2026-09-25,NRAM,no,no_store,
2026-09-25,NUIB,no,no_store,
2026-09-25,NWCL,no,no_store,
2026-09-25,NXAT,no,no_store,
2026-09-25,OCLT,no,no_store,
2026-09-25,ONEN,no,no_store,
2026-09-25,PCPC,no,no_store,
2026-09-25,PHAXU,no,no_store,
2026-09-25,PNAQ-U,no,no_store,
2026-09-25,QQBF,no,no_store,
2026-09-25,QQI,no,no_store,
2026-09-25,QQQB,no,no_store,
2026-09-25,QQSE,no,no_store,
2026-09-25,QSE,no,no_store,
2026-09-25,RML,no,no_store,
2026-09-25,RNAQ,no,no_store,
2026-09-25,SALI,no,no_store,
2026-09-25,SCSE,no,no_store,
2026-09-25,SECA,no,no_store,
2026-09-25,SEPC,no,no_store,
2026-09-25,SKAIU,no,no_store,
2026-09-25,TDNA,no,no_store,
2026-09-25,TIZE,no,no_store,
2026-09-25,TKVA,no,no_store,
2026-09-25,TLAC,no,no_store,
2026-09-25,TLIE,no,no_store,
2026-09-25,TMID,no,no_store,
2026-09-25,TORK,no,no_store,
2026-09-25,TRXS,no,no_store,
2026-09-25,TSEE,no,no_store,
2026-09-25,TXCA,no,no_store,
2026-09-25,TXNY,no,no_store,
2026-09-25,VAIC,no,no_store,
2026-09-25,VEEM,no,no_store,
2026-09-25,VEGX,no,no_store,
2026-09-25,VMHY,no,no_store,
2026-09-25,VMSD,no,no_store,
2026-09-25,VOOB,no,no_store,
2026-09-25,WCCB,no,no_store,
2026-09-25,XIII,no,no_store,
2026-09-25,XLCD,no,no_store,
2026-09-25,XLCU,no,no_store,
2026-09-25,XLPD,no,no_store,
2026-09-25,XLPU,no,no_store,
2026-09-25,XUSM,no,no_store,
2026-09-25,XVAD,no,no_store,
2026-09-25,XVAZ,no,no_store,
2026-09-25,XVGL,no,no_store,
2026-09-25,XVMS,no,no_store,
2026-09-25,XVMT,no,no_store,
2026-09-25,XVPT,no,no_store,
