ticker,bar_date,leg,filing_type,filing_date,accession,url,note
VRRM,2026-05-27,close_over_prev_close,8-K,2026-05-26,0001193125-26-239351,https://www.sec.gov/Archives/edgar/data/1682745/000119312526239351/d123116d8k.htm,"Avis Budget terminated its contract with the company. It does not state a split, reverse split, consolidation, or distribution. The May 20 annual-meeting 8-K and the June 1 CEO-change 8-K do not either."
CAPR,2026-07-27,open_over_prev_close,8-K,2026-07-29,0001104659-26-087891,https://www.sec.gov/Archives/edgar/data/1133869/000110465926087891/capr-20260729x8k.htm,"Phase 3 HOPE-3 results published in The Lancet, with an LVEF model update. It does not state a split, reverse split, consolidation, or distribution. The July 30 8-K on the FDA advisory vote does not either."
MPLT,2026-07-27,close_over_prev_close,8-K,2026-07-27,0001193125-26-316820,https://www.sec.gov/Archives/edgar/data/1770069/000119312526316820/d139086d8k.htm,"Press release of the ZEPHYR trial results. It does not state a split, reverse split, consolidation, or distribution."
XHLD,2026-08-06,close_over_open,8-K,2026-08-10,0001493152-26-036864,https://www.sec.gov/Archives/edgar/data/2030954/000149315226036864/form8-k.htm,"Quarterly results for the quarter ended June 30, 2026. It does not state a new share change. The same-window 10-Q and 424B3 recite reverse splits effective 2024-10-09 and 2025-12-01 only."
XHLD,2026-08-06,close_over_prev_close,8-K,2026-08-10,0001493152-26-036864,https://www.sec.gov/Archives/edgar/data/2030954/000149315226036864/form8-k.htm,"Quarterly results for the quarter ended June 30, 2026. It does not state a new share change. The same-window 10-Q and 424B3 recite reverse splits effective 2024-10-09 and 2025-12-01 only."
SION,2026-08-10,close_over_prev_close,8-K,2026-08-10,0001193125-26-341230,https://www.sec.gov/Archives/edgar/data/2036042/000119312526341230/d135438d8k.htm,"Topline data from the PreciSION CF Phase 2a trial of SION-719 and a Phase 1 trial of SION-451; SION-719 will not advance as an add-on. It does not state a split, reverse split, consolidation, or distribution. The same-window 10-Q and earnings 8-K do not either."
SION,2026-08-10,open_over_prev_close,8-K,2026-08-10,0001193125-26-341230,https://www.sec.gov/Archives/edgar/data/2036042/000119312526341230/d135438d8k.htm,"Topline data from the PreciSION CF Phase 2a trial of SION-719 and a Phase 1 trial of SION-451; SION-719 will not advance as an add-on. It does not state a split, reverse split, consolidation, or distribution. The same-window 10-Q and earnings 8-K do not either."
EYPT,2026-08-17,close_over_prev_close,8-K,2026-08-17,0001193125-26-353308,https://www.sec.gov/Archives/edgar/data/1314102/000119312526353308/eypt-20260817.htm,"Topline data for the LUGANO Phase 3 trial of DURAVYU in wet AMD. It does not state a split, reverse split, consolidation, or distribution."
EYPT,2026-08-17,open_over_prev_close,8-K,2026-08-17,0001193125-26-353308,https://www.sec.gov/Archives/edgar/data/1314102/000119312526353308/eypt-20260817.htm,"Topline data for the LUGANO Phase 3 trial of DURAVYU in wet AMD. It does not state a split, reverse split, consolidation, or distribution."
SMJF,2026-08-27,close_over_open,6-K,2026-08-28,0001213900-26-094830,https://www.sec.gov/Archives/edgar/data/2070954/000121390026094830/ea0303790-6k_smj.htm,"No-news statement on unusual trading under NYSE American Company Guide Section 401(d). It does not state a split, reverse split, consolidation, or distribution."
SMJF,2026-08-27,close_over_prev_close,6-K,2026-08-28,0001213900-26-094830,https://www.sec.gov/Archives/edgar/data/2070954/000121390026094830/ea0303790-6k_smj.htm,"No-news statement on unusual trading under NYSE American Company Guide Section 401(d). It does not state a split, reverse split, consolidation, or distribution."
ADBT,2026-09-03,close_over_open,8-K,2026-09-02,0001493152-26-041157,https://www.sec.gov/Archives/edgar/data/2084227/000149315226041157/form8-k.htm,"CFO Katharyn Field resigned for personal reasons. It does not state a split, reverse split, consolidation, or distribution. Same-window 424B3 filings are resale supplements and do not state one either."
ADBT,2026-09-03,close_over_prev_close,8-K,2026-09-02,0001493152-26-041157,https://www.sec.gov/Archives/edgar/data/2084227/000149315226041157/form8-k.htm,"CFO Katharyn Field resigned for personal reasons. It does not state a split, reverse split, consolidation, or distribution. Same-window 424B3 filings are resale supplements and do not state one either."
