run_date,signal_date,ticker,side,strategy,exit_rule,ref_close,first_open,current_price,ret_vs_close,ret_vs_open,days_held,signal_colors
2026-10-06,2026-10-06,AAMI,LONG,L3_long_green_hold2_midcap,hold2,93.9000,,93.9000,+0.00%,,0,light green|white|white|white|white|deep green|orange|red|purple|green|green|white|white|deep green|pink
2026-10-06,2026-10-06,ACDC,LONG,L3_long_green_hold2_midcap,hold2,4.8600,,4.8600,+0.00%,,0,light green|green|orange|purple|white|white|orange|light green|purple|green|white|white|white|deep green|pink
2026-10-06,2026-10-06,ADX,LONG,L1_long_green_tp8_lowvol,tp8,26.1400,,26.1400,+0.00%,,0,light green|white|orange|purple|white|light green|orange|light green|purple|red|white|pink|white|deep green|pink
2026-10-06,2026-10-06,ADX,LONG,L2_long_green_tp3_lowvol,tp3,26.1400,,26.1400,+0.00%,,0,light green|white|orange|purple|white|light green|orange|light green|purple|red|white|pink|white|deep green|pink
2026-10-06,2026-10-06,AFRI,LONG,L1_long_green_tp8_lowvol,tp8,11.6300,,11.6300,+0.00%,,0,light green|red|orange|purple|red|deep green|orange|light green|light green|red|white|white|white|white|pink
2026-10-06,2026-10-06,AFRI,LONG,L2_long_green_tp3_lowvol,tp3,11.6300,,11.6300,+0.00%,,0,light green|red|orange|purple|red|deep green|orange|light green|light green|red|white|white|white|white|pink
2026-10-06,2026-10-06,AGL,LONG,L3_long_green_hold2_midcap,hold2,85.3600,,85.3600,+0.00%,,0,light green|green|orange|purple|white|white|orange|light green|purple|red|white|white|white|deep green|pink
2026-10-06,2026-10-06,AGL,LONG,L5_long_green_hold2_midhibeta,hold2,85.3600,,85.3600,+0.00%,,0,light green|green|orange|purple|white|white|orange|light green|purple|red|white|white|white|deep green|pink
2026-10-06,2026-10-06,AIRT,LONG,L1_long_green_tp8_lowvol,tp8,30.8000,,30.8000,+0.00%,,0,light green|green|orange|purple|white|light green|orange|red|purple|red|white|white|white|deep green|pink
2026-10-06,2026-10-06,AIRT,LONG,L2_long_green_tp3_lowvol,tp3,30.8000,,30.8000,+0.00%,,0,light green|green|orange|purple|white|light green|orange|red|purple|red|white|white|white|deep green|pink
2026-10-06,2026-10-06,ALRM,LONG,L3_long_green_hold2_midcap,hold2,55.7600,,55.7600,+0.00%,,0,deep green|green|white|white|white|deep green|orange|red|purple|green|green|white|white|deep green|pink
2026-10-06,2026-10-06,AMSC,LONG,L5_long_green_hold2_midhibeta,hold2,31.4950,,31.4950,+0.00%,,0,light green|white|orange|purple|red|light green|orange|light green|light green|red|white|white|white|white|pink
2026-10-06,2026-10-06,ASIX,LONG,L1_long_green_tp8_lowvol,tp8,16.7650,,16.7650,+0.00%,,0,light green|green|orange|purple|white|light green|orange|light green|purple|red|white|white|white|deep green|pink
2026-10-06,2026-10-06,ASIX,LONG,L2_long_green_tp3_lowvol,tp3,16.7650,,16.7650,+0.00%,,0,light green|green|orange|purple|white|light green|orange|light green|purple|red|white|white|white|deep green|pink
2026-10-06,2026-10-06,ASO,LONG,L3_long_green_hold2_midcap,hold2,52.5800,,52.5800,+0.00%,,0,deep green|green|white|white|white|light green|deep green|light green|purple|green|deep green|white|white|deep green|pink
2026-10-06,2026-10-06,ATEX,LONG,L3_long_green_hold2_midcap,hold2,82.7364,,82.7364,+0.00%,,0,deep green|green|white|white|white|light green|deep green|pink|pink|green|deep green|white|white|deep green|light green
2026-10-06,2026-10-06,ATMU,LONG,L3_long_green_hold2_midcap,hold2,46.2700,,46.2700,+0.00%,,0,deep green|green|orange|purple|white|deep green|orange|red|purple|red|white|white|white|deep green|pink
2026-10-06,2026-10-06,AWI,LONG,L1_long_green_tp8_lowvol,tp8,165.7050,,165.7050,+0.00%,,0,light green|white|orange|purple|white|light green|orange|light green|purple|red|white|white|white|deep green|pink
2026-10-06,2026-10-06,AWI,LONG,L2_long_green_tp3_lowvol,tp3,165.7050,,165.7050,+0.00%,,0,light green|white|orange|purple|white|light green|orange|light green|purple|red|white|white|white|deep green|pink
2026-10-06,2026-10-06,BELFB,LONG,L5_long_green_hold2_midhibeta,hold2,259.9500,,259.9500,+0.00%,,0,light green|red|orange|purple|white|light green|orange|red|purple|red|white|pink|white|deep green|pink
2026-10-06,2026-10-06,BGC,LONG,L3_long_green_hold2_midcap,hold2,12.0550,,12.0550,+0.00%,,0,deep green|green|white|purple|white|light green|deep green|red|purple|green|white|white|white|deep green|pink
2026-10-06,2026-10-06,BIPC,LONG,L3_long_green_hold2_midcap,hold2,37.7500,,37.7500,+0.00%,,0,light green|white|orange|purple|red|deep green|orange|light green|light green|red|white|white|white|white|pink
2026-10-06,2026-10-06,BLCO,LONG,L1_long_green_tp8_lowvol,tp8,17.2200,,17.2200,+0.00%,,0,light green|green|orange|purple|white|white|orange|light green|purple|red|white|white|white|deep green|pink
2026-10-06,2026-10-06,BLCO,LONG,L2_long_green_tp3_lowvol,tp3,17.2200,,17.2200,+0.00%,,0,light green|green|orange|purple|white|white|orange|light green|purple|red|white|white|white|deep green|pink
2026-10-06,2026-10-06,BOX,LONG,L3_long_green_hold2_midcap,hold2,35.1700,,35.1700,+0.00%,,0,deep green|green|white|white|white|light green|orange|red|purple|blue|white|white|white|deep green|pink
2026-10-06,2026-10-06,BRC,LONG,L3_long_green_hold2_midcap,hold2,85.0200,,85.0200,+0.00%,,0,light green|green|orange|purple|white|light green|orange|red|purple|red|white|white|white|deep green|pink
2026-10-06,2026-10-06,BSY,LONG,L3_long_green_hold2_midcap,hold2,35.4750,,35.4750,+0.00%,,0,deep green|green|white|purple|white|deep green|deep green|light green|purple|blue|white|pink|white|deep green|pink
2026-10-06,2026-10-06,CLF,LONG,L5_long_green_hold2_midhibeta,hold2,12.3250,,12.3250,+0.00%,,0,deep green|green|white|purple|white|light green|deep green|pink|purple|green|white|white|white|deep green|light green
2026-10-06,2026-10-06,CPA,LONG,L3_long_green_hold2_midcap,hold2,138.8800,,138.8800,+0.00%,,0,light green|white|white|white|white|deep green|orange|light green|purple|red|white|pink|white|deep green|pink
2026-10-06,2026-10-06,CROX,LONG,L3_long_green_hold2_midcap,hold2,119.5900,,119.5900,+0.00%,,0,light green|white|orange|purple|white|white|orange|light green|purple|red|white|white|white|deep green|pink
2026-10-06,2026-10-06,CSW,LONG,L3_long_green_hold2_midcap,hold2,299.5450,,299.5450,+0.00%,,0,light green|white|white|purple|white|deep green|orange|red|purple|green|white|white|white|deep green|light green
2026-10-06,2026-10-06,CTOS,LONG,L3_long_green_hold2_midcap,hold2,10.0900,,10.0900,+0.00%,,0,light green|white|white|white|white|deep green|orange|light green|purple|green|green|white|white|deep green|pink
2026-10-06,2026-10-06,CVSA,LONG,L3_long_green_hold2_midcap,hold2,125.7900,,125.7900,+0.00%,,0,deep green|green|white|white|white|light green|orange|light green|purple|green|green|white|white|deep green|pink
2026-10-06,2026-10-06,CZR,LONG,L1_long_green_tp8_lowvol,tp8,29.6800,,29.6800,+0.00%,,0,deep green|green|white|purple|white|deep green|deep green|red|purple|green|white|white|white|deep green|pink
2026-10-06,2026-10-06,CZR,LONG,L2_long_green_tp3_lowvol,tp3,29.6800,,29.6800,+0.00%,,0,deep green|green|white|purple|white|deep green|deep green|red|purple|green|white|white|white|deep green|pink
2026-10-06,2026-10-06,DLHC,LONG,L1_long_green_tp8_lowvol,tp8,4.1700,,4.1700,+0.00%,,0,light green|green|orange|purple|white|light green|light green|light green|purple|red|white|deep green|white|deep green|white
2026-10-06,2026-10-06,DLHC,LONG,L2_long_green_tp3_lowvol,tp3,4.1700,,4.1700,+0.00%,,0,light green|green|orange|purple|white|light green|light green|light green|purple|red|white|deep green|white|deep green|white
2026-10-06,2026-10-06,DORM,LONG,L3_long_green_hold2_midcap,hold2,126.2000,,126.2000,+0.00%,,0,light green|white|orange|purple|white|white|orange|light green|purple|red|white|white|white|deep green|pink
2026-10-06,2026-10-06,DVA,LONG,L1_long_green_tp8_lowvol,tp8,180.9850,,180.9850,+0.00%,,0,light green|green|orange|purple|white|white|orange|light green|purple|red|white|white|white|deep green|pink
2026-10-06,2026-10-06,DVA,LONG,L2_long_green_tp3_lowvol,tp3,180.9850,,180.9850,+0.00%,,0,light green|green|orange|purple|white|white|orange|light green|purple|red|white|white|white|deep green|pink
2026-10-06,2026-10-06,EPAC,LONG,L3_long_green_hold2_midcap,hold2,35.9600,,35.9600,+0.00%,,0,light green|green|white|white|white|light green|orange|red|purple|white|white|white|white|deep green|pink
2026-10-06,2026-10-06,EWBC,LONG,L1_long_green_tp8_lowvol,tp8,127.5400,,127.5400,+0.00%,,0,light green|white|orange|purple|white|light green|orange|light green|purple|red|white|pink|white|deep green|pink
2026-10-06,2026-10-06,EWBC,LONG,L2_long_green_tp3_lowvol,tp3,127.5400,,127.5400,+0.00%,,0,light green|white|orange|purple|white|light green|orange|light green|purple|red|white|pink|white|deep green|pink
2026-10-06,2026-10-06,EXTR,LONG,L3_long_green_hold2_midcap,hold2,24.2500,,24.2500,+0.00%,,0,deep green|green|white|white|white|deep green|deep green|light green|light green|green|deep green|deep green|white|deep green|light green
2026-10-06,2026-10-06,EXTR,LONG,L5_long_green_hold2_midhibeta,hold2,24.2500,,24.2500,+0.00%,,0,deep green|green|white|white|white|deep green|deep green|light green|light green|green|deep green|deep green|white|deep green|light green
2026-10-06,2026-10-06,FRPT,LONG,L3_long_green_hold2_midcap,hold2,62.9500,,62.9500,+0.00%,,0,light green|green|orange|purple|white|light green|orange|light green|purple|green|white|white|white|deep green|pink
2026-10-06,2026-10-06,GOOGL,LONG,L1_long_green_tp8_lowvol,tp8,346.9500,,346.9500,+0.00%,,0,light green|green|white|white|white|light green|orange|red|purple|green|white|white|white|deep green|pink
2026-10-06,2026-10-06,GOOGL,LONG,L2_long_green_tp3_lowvol,tp3,346.9500,,346.9500,+0.00%,,0,light green|green|white|white|white|light green|orange|red|purple|green|white|white|white|deep green|pink
2026-10-06,2026-10-06,GPGI,LONG,L3_long_green_hold2_midcap,hold2,13.3900,,13.3900,+0.00%,,0,light green|green|white|purple|white|light green|orange|light green|light green|green|white|white|white|deep green|pink
2026-10-06,2026-10-06,HCI,LONG,L3_long_green_hold2_midcap,hold2,185.1750,,185.1750,+0.00%,,0,deep green|green|white|white|white|light green|deep green|red|purple|green|deep green|light green|white|deep green|light green
2026-10-06,2026-10-06,HLIO,LONG,L3_long_green_hold2_midcap,hold2,71.8100,,71.8100,+0.00%,,0,deep green|green|orange|purple|red|deep green|orange|light green|purple|green|white|white|white|white|pink
2026-10-06,2026-10-06,HTFL,LONG,L3_long_green_hold2_midcap,hold2,51.8250,,51.8250,+0.00%,,0,deep green|green|white|blue|white|deep green|deep green|pink|purple|green|deep green|deep green|white|deep green|light green
2026-10-06,2026-10-06,IRDM,LONG,L3_long_green_hold2_midcap,hold2,48.8500,,48.8500,+0.00%,,0,deep green|green|white|white|red|deep green|orange|light green|purple|red|green|white|white|white|pink
2026-10-06,2026-10-06,ITIC,LONG,L1_long_green_tp8_lowvol,tp8,295.0300,,295.0300,+0.00%,,0,light green|green|orange|purple|white|white|orange|light green|purple|red|white|white|white|deep green|pink
2026-10-06,2026-10-06,ITIC,LONG,L2_long_green_tp3_lowvol,tp3,295.0300,,295.0300,+0.00%,,0,light green|green|orange|purple|white|white|orange|light green|purple|red|white|white|white|deep green|pink
2026-10-06,2026-10-06,KMI,LONG,L1_long_green_tp8_lowvol,tp8,32.1800,,32.1800,+0.00%,,0,light green|white|orange|purple|white|deep green|orange|light green|purple|red|white|pink|white|deep green|pink
2026-10-06,2026-10-06,KMI,LONG,L2_long_green_tp3_lowvol,tp3,32.1800,,32.1800,+0.00%,,0,light green|white|orange|purple|white|deep green|orange|light green|purple|red|white|pink|white|deep green|pink
2026-10-06,2026-10-06,LEVI,LONG,L3_long_green_hold2_midcap,hold2,20.5250,,20.5250,+0.00%,,0,light green|green|orange|purple|white|deep green|orange|light green|purple|red|white|white|white|deep green|pink
2026-10-06,2026-10-06,LNG,LONG,L1_long_green_tp8_lowvol,tp8,275.8100,,275.8100,+0.00%,,0,light green|green|orange|purple|white|light green|orange|light green|purple|red|white|white|white|deep green|pink
2026-10-06,2026-10-06,LNG,LONG,L2_long_green_tp3_lowvol,tp3,275.8100,,275.8100,+0.00%,,0,light green|green|orange|purple|white|light green|orange|light green|purple|red|white|white|white|deep green|pink
2026-10-06,2026-10-06,MAS,LONG,L1_long_green_tp8_lowvol,tp8,69.7400,,69.7400,+0.00%,,0,light green|red|orange|purple|white|deep green|orange|light green|purple|red|white|pink|white|deep green|pink
2026-10-06,2026-10-06,MAS,LONG,L2_long_green_tp3_lowvol,tp3,69.7400,,69.7400,+0.00%,,0,light green|red|orange|purple|white|deep green|orange|light green|purple|red|white|pink|white|deep green|pink
2026-10-06,2026-10-06,MCRI,LONG,L1_long_green_tp8_lowvol,tp8,118.7500,,118.7500,+0.00%,,0,light green|white|orange|purple|white|white|orange|light green|purple|red|white|white|white|deep green|pink
2026-10-06,2026-10-06,MCRI,LONG,L2_long_green_tp3_lowvol,tp3,118.7500,,118.7500,+0.00%,,0,light green|white|orange|purple|white|white|orange|light green|purple|red|white|white|white|deep green|pink
2026-10-06,2026-10-06,MEOH,LONG,L3_long_green_hold2_midcap,hold2,60.9200,,60.9200,+0.00%,,0,light green|green|orange|purple|white|white|orange|light green|purple|red|white|white|white|deep green|pink
2026-10-06,2026-10-06,MPV,LONG,L1_long_green_tp8_lowvol,tp8,16.3700,,16.3700,+0.00%,,0,light green|green|orange|purple|white|red|orange|light green|purple|red|white|white|white|deep green|pink
2026-10-06,2026-10-06,MPV,LONG,L2_long_green_tp3_lowvol,tp3,16.3700,,16.3700,+0.00%,,0,light green|green|orange|purple|white|red|orange|light green|purple|red|white|white|white|deep green|pink
2026-10-06,2026-10-06,NKSH,LONG,L1_long_green_tp8_lowvol,tp8,43.4700,,43.4700,+0.00%,,0,light green|white|orange|purple|white|deep green|orange|light green|purple|red|white|white|white|deep green|pink
2026-10-06,2026-10-06,NKSH,LONG,L2_long_green_tp3_lowvol,tp3,43.4700,,43.4700,+0.00%,,0,light green|white|orange|purple|white|deep green|orange|light green|purple|red|white|white|white|deep green|pink
2026-10-06,2026-10-06,NOMD,LONG,L3_long_green_hold2_midcap,hold2,11.1200,,11.1200,+0.00%,,0,light green|green|orange|purple|white|deep green|orange|light green|light green|red|white|white|white|deep green|pink
2026-10-06,2026-10-06,NVTS,LONG,L3_long_green_hold2_midcap,hold2,12.2550,,12.2550,+0.00%,,0,light green|red|white|white|white|light green|deep green|red|purple|blue|white|white|white|deep green|light green
2026-10-06,2026-10-06,NWPX,LONG,L3_long_green_hold2_midcap,hold2,105.4700,,105.4700,+0.00%,,0,deep green|white|white|white|white|deep green|deep green|red|purple|green|green|light green|white|deep green|light green
2026-10-06,2026-10-06,OPY,LONG,L3_long_green_hold2_midcap,hold2,123.2200,,123.2200,+0.00%,,0,light green|white|orange|purple|white|deep green|orange|light green|purple|red|white|pink|white|deep green|pink
2026-10-06,2026-10-06,PAY,LONG,L3_long_green_hold2_midcap,hold2,31.6700,,31.6700,+0.00%,,0,light green|green|orange|purple|white|red|orange|light green|purple|red|white|white|white|deep green|pink
2026-10-06,2026-10-06,PLGO,LONG,L3_long_green_hold2_midcap,hold2,23.9600,,23.9600,+0.00%,,0,deep green|green|white|white|white|white|deep green|red|purple|blue|white|white|white|deep green|pink
2026-10-06,2026-10-06,PNTG,LONG,L3_long_green_hold2_midcap,hold2,40.5600,,40.5600,+0.00%,,0,light green|green|orange|purple|white|light green|orange|light green|purple|red|white|white|white|deep green|pink
2026-10-06,2026-10-06,PPG,LONG,L1_long_green_tp8_lowvol,tp8,106.5450,,106.5450,+0.00%,,0,light green|white|orange|purple|white|white|orange|light green|purple|red|white|white|white|deep green|pink
2026-10-06,2026-10-06,PPG,LONG,L2_long_green_tp3_lowvol,tp3,106.5450,,106.5450,+0.00%,,0,light green|white|orange|purple|white|white|orange|light green|purple|red|white|white|white|deep green|pink
2026-10-06,2026-10-06,PPL,LONG,L1_long_green_tp8_lowvol,tp8,33.4650,,33.4650,+0.00%,,0,light green|white|orange|purple|white|light green|orange|light green|purple|red|white|white|white|deep green|pink
2026-10-06,2026-10-06,PPL,LONG,L2_long_green_tp3_lowvol,tp3,33.4650,,33.4650,+0.00%,,0,light green|white|orange|purple|white|light green|orange|light green|purple|red|white|white|white|deep green|pink
2026-10-06,2026-10-06,PSMT,LONG,L1_long_green_tp8_lowvol,tp8,171.9900,,171.9900,+0.00%,,0,light green|green|orange|purple|white|light green|orange|red|purple|red|white|white|white|deep green|pink
2026-10-06,2026-10-06,PSMT,LONG,L2_long_green_tp3_lowvol,tp3,171.9900,,171.9900,+0.00%,,0,light green|green|orange|purple|white|light green|orange|red|purple|red|white|white|white|deep green|pink
2026-10-06,2026-10-06,RRBI,LONG,L1_long_green_tp8_lowvol,tp8,103.6900,,103.6900,+0.00%,,0,deep green|green|orange|purple|red|light green|orange|light green|purple|red|white|white|white|white|pink
2026-10-06,2026-10-06,RRBI,LONG,L2_long_green_tp3_lowvol,tp3,103.6900,,103.6900,+0.00%,,0,deep green|green|orange|purple|red|light green|orange|light green|purple|red|white|white|white|white|pink
2026-10-06,2026-10-06,RS,LONG,L1_long_green_tp8_lowvol,tp8,406.5200,,406.5200,+0.00%,,0,deep green|green|white|purple|white|deep green|deep green|red|purple|green|white|white|white|deep green|light green
2026-10-06,2026-10-06,RS,LONG,L2_long_green_tp3_lowvol,tp3,406.5200,,406.5200,+0.00%,,0,deep green|green|white|purple|white|deep green|deep green|red|purple|green|white|white|white|deep green|light green
2026-10-06,2026-10-06,RYZ,LONG,L3_long_green_hold2_midcap,hold2,27.1900,,27.1900,+0.00%,,0,deep green|green|white|white|white|deep green|deep green|red|purple|green|deep green|deep green|white|deep green|light green
2026-10-06,2026-10-06,SMA,LONG,L3_long_green_hold2_midcap,hold2,33.1400,,33.1400,+0.00%,,0,light green|white|white|white|white|deep green|orange|light green|purple|red|white|pink|white|deep green|pink
2026-10-06,2026-10-06,SPH,LONG,L3_long_green_hold2_midcap,hold2,17.1000,,17.1000,+0.00%,,0,light green|green|orange|purple|white|white|orange|light green|purple|red|white|white|white|deep green|pink
2026-10-06,2026-10-06,ST,LONG,L3_long_green_hold2_midcap,hold2,44.1000,,44.1000,+0.00%,,0,deep green|green|orange|purple|red|deep green|orange|light green|purple|red|white|white|white|white|white
2026-10-06,2026-10-06,TAC,LONG,L3_long_green_hold2_midcap,hold2,13.1750,,13.1750,+0.00%,,0,light green|white|orange|purple|white|deep green|orange|light green|light green|red|white|white|white|deep green|pink
2026-10-06,2026-10-06,TRGP,LONG,L1_long_green_tp8_lowvol,tp8,286.5450,,286.5450,+0.00%,,0,light green|white|orange|purple|white|white|orange|light green|purple|red|white|pink|white|deep green|pink
2026-10-06,2026-10-06,TRGP,LONG,L2_long_green_tp3_lowvol,tp3,286.5450,,286.5450,+0.00%,,0,light green|white|orange|purple|white|white|orange|light green|purple|red|white|pink|white|deep green|pink
2026-10-06,2026-10-06,UHS,LONG,L3_long_green_hold2_midcap,hold2,175.2600,,175.2600,+0.00%,,0,light green|green|white|white|white|white|orange|light green|purple|red|white|white|white|deep green|pink
2026-10-06,2026-10-06,UTF,LONG,L3_long_green_hold2_midcap,hold2,25.5550,,25.5550,+0.00%,,0,deep green|green|orange|purple|white|light green|orange|light green|purple|green|white|white|white|deep green|pink
2026-10-06,2026-10-06,V,LONG,L1_long_green_tp8_lowvol,tp8,369.6100,,369.6100,+0.00%,,0,light green|green|white|purple|white|light green|deep green|light green|purple|red|white|white|white|deep green|pink
2026-10-06,2026-10-06,V,LONG,L2_long_green_tp3_lowvol,tp3,369.6100,,369.6100,+0.00%,,0,light green|green|white|purple|white|light green|deep green|light green|purple|red|white|white|white|deep green|pink
2026-10-06,2026-10-06,VIRT,LONG,L3_long_green_hold2_midcap,hold2,61.9800,,61.9800,+0.00%,,0,deep green|green|white|purple|white|light green|deep green|red|purple|green|white|deep green|white|deep green|light green
2026-10-06,2026-10-06,VNT,LONG,L3_long_green_hold2_midcap,hold2,32.6200,,32.6200,+0.00%,,0,light green|red|orange|purple|white|deep green|orange|light green|purple|red|white|pink|white|deep green|pink
2026-10-06,2026-10-06,VSTS,LONG,L3_long_green_hold2_midcap,hold2,14.0100,,14.0100,+0.00%,,0,deep green|green|white|white|white|light green|orange|red|purple|green|green|white|white|deep green|pink
2026-10-06,2026-10-06,WKC,LONG,L1_long_green_tp8_lowvol,tp8,36.6500,,36.6500,+0.00%,,0,deep green|green|white|purple|white|deep green|orange|light green|purple|white|white|white|white|deep green|pink
2026-10-06,2026-10-06,WKC,LONG,L2_long_green_tp3_lowvol,tp3,36.6500,,36.6500,+0.00%,,0,deep green|green|white|purple|white|deep green|orange|light green|purple|white|white|white|white|deep green|pink
2026-10-06,2026-10-06,WOR,LONG,L3_long_green_hold2_midcap,hold2,62.0500,,62.0500,+0.00%,,0,deep green|green|white|white|white|light green|orange|light green|purple|red|white|white|white|deep green|pink
2026-10-06,2026-10-06,ZGN,LONG,L3_long_green_hold2_midcap,hold2,12.7150,,12.7150,+0.00%,,0,deep green|green|white|white|white|light green|orange|light green|purple|red|white|white|white|deep green|pink
