ticker,d1,m1,m1_pct,eligible,side,w,beta60,prev_close_raw,ldv20,park20
A,0.001749920732,0.01017413092,0.446,False,,0,0.7122611861,168.1699982,19.86530212,0.01993865656
AA,-0.006386199081,0.08664570454,0.67,True,,0,1.52061056,42.83000183,18.98953806,0.01928055094
AAL,0.008160229414,0.1007232637,0.709,True,,0,1.903666215,12.80000019,20.64744666,0.02010758544
AAOI,-0.02554518449,0.2969858016,0.996,True,,0,4.805000786,105.9000015,20.64392359,0.04363067561
AAPL,0.008172570506,-0.09788895269,0.147,False,,0,0.1762682248,340.4200134,23.27829631,0.01131051102
ABBV,0.004942889892,-0.09940373063,0.143,False,,0,-0.1411447936,272.4200134,20.90423778,0.01265603839
ABNB,0.003769612836,0.0299982889,0.507,True,,0,1.221700998,163.2299957,20.44539773,0.01969198205
ABT,-0.002143215567,-0.07135499837,0.206,False,,0,0.03643588726,98.48999786,20.67948848,0.01318870219
ABVX,-0.03245285544,0.1104928776,0.736,True,short,-0.02,0.7118861998,89.05000305,18.79262973,0.02756070301
ACGL,0.005713717746,-0.1341429365,0.07,False,,0,-0.2408908499,96.08000183,19.77054492,0.01158279161
ACN,0.0001868748903,0.1362910986,0.789,True,,0,0.2344810696,208.3600006,21.08706775,0.02597648084
ACVA,0.01907587063,-0.1956045485,0.012,False,,0,1.574913876,10.43999958,18.89280514,0.002046334787
ADBE,-0.003012639622,0.06682883074,0.613,True,,0,0.1831760839,241.0500031,20.96674885,0.0210859813
ADC,0.007192680706,-0.1583013482,0.03,False,,0,-0.04465830757,65.81999969,18.58120738,0.01107745909
ADI,0.01029842653,0.06020338476,0.598,True,,0,1.33099237,405.9299927,20.9233251,0.01597087961
ADM,0.009258588354,-0.01077919843,0.371,False,,0,-0.162914208,82.44999695,19.47701238,0.01628653246
ADP,0.0006586666692,-0.05670813639,0.242,False,,0,-0.03752725804,270.730011,20.20118938,0.01246736418
ADSK,-0.005604944486,0.04532195474,0.555,True,,0,0.3619551485,233.6000061,20.00652187,0.01957560791
AEE,0.005335627314,-0.1537049465,0.038,False,,0,0.1359590913,101.8399963,19.20956535,0.008566567575
AEHR,-0.01479791186,0.301251798,0.997,True,,0,4.990033265,87.20999908,19.2548559,0.04928419181
AEIS,-0.005773475566,0.1774917844,0.875,True,,0,2.20993951,284.2399902,18.7972022,0.02568478192
AEM,-0.0002336797594,0.07730216708,0.638,True,,0,1.994838403,183.8699951,19.61491725,0.01626362074
AEP,0.007760270008,-0.147373014,0.044,False,,0,0.1447504484,122.3199997,20.02591202,0.0093578897
AER,0.00664633358,-0.04134141849,0.291,False,,0,0.7694774803,142.8099976,18.94102686,0.01232612024
AES,0.008576671641,-0.3666768246,0.003,False,,0,0.01931736738,14.93000031,18.68480135,0.001921496938
AFL,0.00561654872,-0.1451771499,0.046,False,,0,-0.2227413379,114.9400024,19.27100575,0.0100359207
AFRM,0.008132844631,0.1530927413,0.824,True,,0,2.409375589,77.15000153,19.46957895,0.02685382655
AG,-0.01568306157,0.1478478392,0.814,True,,0,2.804370207,16.97999954,19.00225251,0.02475878899
AGCO,0.003273005757,0.04563414846,0.556,True,,0,0.6686500007,108.1299973,18.57502479,0.0221603085
AGI,0.004813245069,0.1025302278,0.715,True,,0,1.929354126,32.22000122,18.6506749,0.01853655342
AGNC,0.004468649459,-0.06414861284,0.226,False,,0,0.819003184,8.680000305,19.87022593,0.01514388937
AGX,-0.007308403351,0.178895295,0.879,True,,0,1.787380543,398.6600037,18.85648326,0.02705260668
AHR,0.01060145297,-0.08774473655,0.169,False,,0,0.05750991434,50.43999863,19.03065949,0.01204973918
AIG,0.005965050707,-0.1293332731,0.081,False,,0,-0.004384799688,77.05000305,19.76316537,0.01221745484
AIZ,0.008639586017,-0.100905886,0.14,False,,0,0.08411340932,272.8599854,18.54920547,0.01327369224
AJG,0.0005996231623,-0.03631140244,0.304,False,,0,-0.05196045131,234.0500031,19.68811467,0.01605190149
AKAM,-0.01653747215,0.1383074262,0.792,True,,0,1.446731234,100.9000015,20.30890181,0.03475152326
ALAB,-0.03657512435,0.2680953678,0.985,True,short,-0.02,3.062794549,347.0499878,21.10757765,0.03970609322
ALB,-0.001044088246,0.08207445429,0.655,True,,0,1.263772759,102.0999985,19.40662753,0.01912333748
ALC,-0.0003324601865,-0.1246190247,0.094,False,,0,0.3026544984,63.13000107,18.58701536,0.00975588514
ALGN,-0.003461967308,0.01326458698,0.45,False,,0,1.026044288,141.0299988,18.7542689,0.01661870348
ALHC,0.001191562818,0.1645654675,0.849,True,,0,1.233052489,8.710000038,18.58382705,0.05518347542
ALK,-0.006902579527,0.1120695162,0.741,True,,0,1.840053808,39.52000046,18.64237433,0.02155275524
ALKS,0.005508650584,0.06366840275,0.61,True,,0,0.9754110361,40.11000061,18.52175555,0.02225581252
ALL,0.004728083046,-0.07518099685,0.197,False,,0,-0.4291886687,230.6300049,20.16094695,0.01467841412
ALLE,0.002851523341,-0.02497978518,0.336,False,,0,0.7027082684,149.9900055,18.9523357,0.01509638328
ALLY,0.001845216871,-0.05210896306,0.257,False,,0,0.8905785464,37.83000183,18.88997901,0.01427573682
ALNY,0.009152822855,0.08461329738,0.662,True,,0,0.3331853336,224.5299988,19.58669173,0.02429819006
AMAT,0.02205108438,0.1592604376,0.836,True,long,0.02,1.817110123,509.5700073,21.82125126,0.02007035612
AMCR,0.002991286235,-0.04852927107,0.271,False,,0,0.8102330026,41.88000107,18.76077545,0.01254653322
AMD,0.03790629422,0.1698268543,0.858,True,long,0.02,2.017646155,620.6799927,23.30887016,0.0226264031
AME,0.007020293569,-0.05173406493,0.259,False,,0,0.8636100501,247.5200043,19.69743884,0.01198805569
AMG,0.009376158333,0.01928084173,0.473,False,,0,0.6080693346,386.9899902,18.52524717,0.01854379614
AMGN,0.011940843,-0.02836512695,0.323,False,,0,0.5642296638,407.4400024,20.92876909,0.01475006424
AMH,0.00687608729,-0.1649039177,0.018,False,,0,0.2500397306,30.48999977,18.49454152,0.009826197375
AMKR,0.00240115868,0.1860692328,0.89,True,,0,2.482242048,51,19.06637642,0.02553568649
AMP,0.003609314719,-0.07579305466,0.196,False,,0,0.5440608333,499.0799866,19.66722414,0.01841357669
AMRZ,0.001586667578,0.03044531129,0.508,True,,0,0.9710848595,36.5,18.77552129,0.01447806295
AMT,0.007365175255,-0.07121558891,0.207,False,,0,0.1096868021,166.7299957,19.99727188,0.01312914683
AMZN,0.01940662295,-0.05215406345,0.256,False,,0,0.5867698066,254.0599976,22.94589021,0.01208334835
AN,-0.005795194914,0.04515968045,0.554,True,,0,0.02995773305,157.0700073,18.58499817,0.03136169779
ANET,0.001286522337,0.11512776,0.748,True,,0,1.181074521,210.9700012,20.7466541,0.01919684661
ANF,0.01347476387,0.08014416211,0.647,True,long,0.02,0.9834164936,141.4100037,18.92375377,0.02187847969
AON,0.006529838848,-0.06038673028,0.231,False,,0,0.1873970017,277.1199951,20.24399657,0.0144224645
APA,0.01044248508,0.09561938718,0.697,True,,0,-1.042569824,45.47000122,19.41055772,0.02066113978
APD,0.004592184695,-0.1388352705,0.061,False,,0,0.2825684914,278.3800049,19.65997441,0.01165063033
APG,0.001629302495,0.03248925794,0.517,True,,0,1.021977761,39.97999954,18.65330511,0.01612174448
APH,0.004868364405,0.08686853554,0.671,True,,0,1.071127048,85.31999969,20.72820696,0.01842554922
APLD,-0.06178857927,0.2657064013,0.983,True,short,-0.02,3.902538322,23.85000038,20.08751186,0.03399099492
APO,0.003239888579,0.02750596752,0.5,False,,0,1.103355775,115.3000031,19.74786835,0.01832540466
APP,-0.008662617666,0.1485433287,0.815,True,,0,1.654513209,280.1199951,21.2367315,0.02902653528
APTV,0.01021656984,0.004907344157,0.427,False,,0,0.331557541,44.20999908,18.90879567,0.01688940598
AR,0.003873967152,-0.004706155599,0.39,False,,0,-0.5072816009,36.06000137,18.86960185,0.02100554164
ARE,0.004463304827,0.0534684455,0.585,True,,0,0.6966432943,45.59999847,18.49278528,0.02232734195
ARES,-0.00070381239,0.06968168589,0.622,True,,0,1.55492053,116.2600021,19.43833482,0.01982913838
ARGX,-0.02043367815,0.08274334646,0.659,True,,0,-0.1584230038,818.6300049,19.6886127,0.01556836685
ARM,-0.002386257549,0.2117135757,0.915,True,,0,3.171727124,275.2900085,21.27808266,0.03278070164
ARMK,0.008326122798,-0.09756690859,0.149,False,,0,0.3915973566,55.54000092,18.64784835,0.01352253096
ARW,0.007951750268,0.07620815109,0.636,True,,0,0.9101007452,226.75,18.65944134,0.02084974658
ARWR,-0.00816081344,0.1403334517,0.797,True,,0,1.755222924,60.74000168,18.88560802,0.03575144088
AS,-0.003675414165,0.05877126818,0.596,True,,0,0.702949511,27.45000076,19.02639985,0.01835397427
ASML,0.0203638915,0.07753235221,0.639,True,long,0.02,1.11279253,1769.790039,21.63505805,0.01461045666
ASND,-0.001327037971,0.0168555497,0.469,False,,0,0.8044632048,222.6900024,19.24100929,0.02592640767
ASST,-0.02753950113,0.2364183175,0.954,True,short,-0.02,2.843339428,28.22999954,19.34363994,0.03650072304
ASTS,0.00254160946,0.2494033353,0.968,True,,0,4.31905014,56.93000031,20.31671112,0.03788861979
ASX,0.02619881524,0.1598165033,0.839,True,long,0.02,2.264145611,45.25999832,19.48280855,0.02031014308
ATI,0.02007615494,0.1134278261,0.745,True,long,0.02,0.9655590328,188.1300049,19.49678874,0.02430039127
ATO,-0.001114216598,-0.1634064015,0.021,False,,0,-0.08923534712,160.6600037,19.04979729,0.007837029309
AU,0.01108412675,0.09887119464,0.707,True,,0,2.1305018,90.77999878,19.25001229,0.01535313854
AUR,-0.00933778827,0.1622704189,0.842,True,,0,2.863815052,5.730000019,19.09234248,0.03648207789
AVAV,-0.0398422236,0.1961554375,0.898,True,short,-0.02,2.262672054,137.6000061,19.3773683,0.03055585241
AVGO,-0.007254966399,0.04923709971,0.573,True,,0,1.052748599,360.1400146,22.87659539,0.01569250692
AVT,0.008502690011,0.09281126925,0.69,True,,0,0.9226635396,99.55999756,18.79444443,0.02352114331
AVTR,0.008889889653,0.03565745853,0.525,True,,0,0.1157855546,15.39000034,18.75171356,0.01966398406
AVY,0.00314262885,-0.04434699787,0.283,False,,0,0.5984757603,167.6199951,18.75331234,0.01277418663
AWK,0.001855721728,-0.1255911812,0.088,False,,0,0.01269503993,128.1799927,19.33370748,0.01124055492
AXON,0.005459371314,0.1403585425,0.798,True,,0,2.374569489,417.3099976,20.04735275,0.0268693097
AXP,0.001106565235,-0.06586627355,0.223,False,,0,0.828369413,308.1000061,20.81471967,0.01190135404
AXSM,0.01297493193,0.07769071868,0.64,True,long,0.02,0.9742417409,170.0800018,18.90417218,0.02636024283
AXTI,-0.05102583148,0.2840933701,0.99,True,short,-0.02,4.078156587,71.66000366,20.23356986,0.04852352147
AYI,-0.009430980027,0.05426750598,0.587,True,,0,1.467863194,300.4299927,18.71790792,0.01937161499
AZN,0.007839501577,-0.1012955737,0.138,False,,0,0.02011585644,158.7799988,19.93363162,0.01094710371
AZO,0.00197785666,-0.04230548264,0.288,False,,0,0.391240977,2910.540039,20.80955143,0.01862815395
B,0.008499537614,0.05576968345,0.59,True,,0,1.752262227,39.99000168,19.65917951,0.01459181524
BA,0.007948688911,0.04819024008,0.567,True,,0,1.236114642,187.75,21.29882717,0.01960044361
BABA,0.002705255963,0.02708499316,0.499,False,,0,0.4226511459,105.6999969,20.65210564,0.0136595946
BAC,0.0109737793,-0.09056890163,0.164,False,,0,0.3800375831,53.61000061,21.54834689,0.01422996679
BAH,0.006465772393,0.04862764996,0.57,True,,0,0.3153975237,72.87000275,18.70406392,0.02026924204
BALL,0.005984733371,-0.08754364496,0.17,False,,0,0.2806228806,58.36999893,18.69504515,0.01290724295
BAM,-0.002965230269,0.01247075519,0.449,False,,0,1.258374426,45.16999817,18.78809113,0.01425115367
BAP,0.009917528793,-0.03115193616,0.315,False,,0,0.6177441739,380.3800049,18.57891933,0.01423843763
BAX,-0.003775282589,0.03570766187,0.526,True,,0,1.277852514,23.89999962,18.98170214,0.01763392625
BB,-0.0003584519039,0.1989152668,0.9,True,,0,1.771739806,8.630000114,18.96037162,0.04007973502
BBIO,0.01124105734,0.04962041308,0.574,True,,0,0.6198994637,65.04000092,19.16538945,0.02401368598
BBWI,0.004127903188,0.1049270078,0.725,True,,0,1.156551444,17.70999908,18.62524486,0.02485044514
BBY,0.006060653784,0.04736456902,0.564,True,,0,0.8722392726,88.40000153,19.54946654,0.02011013411
BCS,0.006857931817,0.03356211844,0.52,True,,0,1.213304168,22.95000076,18.68802374,0.01119383612
BDX,0.01015685295,-0.0746907757,0.199,False,,0,0.3975174628,182.75,19.6469476,0.01341600232
BE,-0.02763201687,0.2550701654,0.974,True,short,-0.02,3.341018043,272.8200073,22.24854509,0.03935733784
BEN,0.005487606847,-0.002877767904,0.397,False,,0,1.091683577,32.40000153,18.75934428,0.01403915494
BG,0.0135864546,0.007972792682,0.436,False,,0,-0.337766419,107.8199997,19.1995288,0.01970483073
BHP,0.01338844406,0.02598045889,0.492,False,,0,1.175202246,84.83000183,19.26492378,0.01222694946
BIDU,0.000605947097,0.005914289571,0.429,False,,0,1.113618663,83.91999817,19.12310578,0.01172311066
BIIB,0.01263747402,-0.0008518252048,0.405,False,,0,0.7051567699,218.4299927,19.36889791,0.01535193008
BIO,0.003505512399,0.02489228581,0.487,False,,0,0.5202221814,360.3999939,18.48662386,0.02082228596
BJ,0.00487154802,-0.01622637008,0.354,False,,0,-0.07389735007,99.04000092,19.03325227,0.01699701283
BKNG,0.003414291304,0.01775652295,0.471,False,,0,0.7983147001,159.9700012,21.08771189,0.02084501714
BKR,0.01168014809,0.02155884049,0.479,False,,0,0.6482268066,56.29999924,19.95004861,0.01753411458
BLDR,0.001819714808,0.1640607746,0.847,True,,0,1.96512396,53.81000137,19.18877167,0.02383635189
BLK,0.00554606756,-0.03161348549,0.314,False,,0,0.8843028652,1065.349976,20.16113797,0.01345277821
BMNR,-0.02344818377,0.2276752693,0.943,True,,0,3.186252754,24.04000092,20.74604932,0.03467295374
BMO,0.009612987466,-0.1039530338,0.134,False,,0,0.7416602368,160.6999969,18.54570092,0.010194514
BMRN,0.005302194688,-0.04451843996,0.281,False,,0,0.6557259798,54.88999939,18.70409459,0.01488479336
BMY,0.009450731179,-0.0697206509,0.213,False,,0,0.4553389971,59.58000183,20.52876188,0.01293795665
BN,-0.001642321847,-0.03216930878,0.311,False,,0,1.072354271,36.77000046,19.10550811,0.01125016414
BNS,0.01014727216,-0.08424776426,0.177,False,,0,0.837080789,87.58999634,19.07425408,0.009812948177
BNY,0.01606400647,-0.1177195449,0.108,False,,0,0.3880423818,143.6100006,20.23117786,0.01250416881
BP,0.008663969514,-0.03054300726,0.317,False,,0,-1.137505446,46.36000061,19.86688472,0.01378582323
BR,-0.003574992919,-0.01758672725,0.349,False,,0,0.4202969573,165.2100067,18.87183759,0.01334974023
BRK-A,0.009520715346,-0.1958519167,0.011,False,,0,-0.115935737,766882,18.93131535,0.006583836449
BRK-B,0.01228107114,-0.2053409021,0.01,False,,0,-0.09932226649,511.0499878,21.58738855,0.007103360261
BRKR,0.007740369298,0.1362097732,0.788,True,,0,0.1732183112,57.91999817,18.84211754,0.03392477437
BRO,0.002333575314,0.0001790242401,0.406,False,,0,-0.0785253807,63.75,18.88478624,0.01629371277
BROS,0.001810715576,0.08255417058,0.657,True,,0,0.8051826369,39.77999878,18.98191781,0.02194080946
BRX,0.006063538369,-0.1613324188,0.023,False,,0,0.2084247614,27.07999992,18.46647935,0.009866642327
BSP,-0.03267129555,0.262663448,0.98,True,short,-0.02,-0.001015276267,38.00999832,18.56533766,0.05051745299
BSX,-0.005347319847,0.00762644016,0.435,False,,0,0.8722089875,42.04000092,20.60154246,0.01492881435
BTDR,-0.03509626819,0.2403151406,0.96,True,short,-0.02,4.36207166,9.720000267,18.53273575,0.04187657106
BTG,-0.00171618304,0.0691878222,0.62,True,,0,2.572954618,5.119999886,18.4718132,0.02113339958
BTI,0.007408332896,-0.08167609981,0.186,False,,0,-0.2510724412,55.43000031,19.39217481,0.008888289598
BTSG,0.01624668853,0.1014980532,0.71,True,long,0.02,1.241884186,63.65999985,18.88591937,0.02019042448
BUD,0.009981347206,-0.07611058381,0.195,False,,0,0.2579375442,77.41000366,18.8905128,0.00913645187
BULL,0.00171860544,0.212365553,0.921,True,,0,2.873677791,5.949999809,18.59598137,0.03303146713
BURL,-0.0007268637437,0.02623011566,0.496,False,,0,0.646595172,276.8399963,19.78644865,0.02052487644
BWA,0.008300086733,0.04483471526,0.552,True,,0,0.97699133,61.72000122,18.93337677,0.01740683287
BWIN,0.00798463449,-0.2433851911,0.009,False,,0,0.5251213022,31.85000038,18.99997319,0.006324892732
BWXT,-0.004327561465,0.08466878282,0.663,True,,0,1.026581534,142.2200012,19.05440838,0.02193566643
BX,0.0001593891696,0.06874208522,0.618,True,,0,1.636591844,112.6800003,20.13791847,0.01730824826
BZ,4.03265617e-05,0.02292803972,0.482,False,,0,0.3547671415,15.18000031,18.61626745,0.01820250665
C,0.00872161223,-0.009558171072,0.374,False,,0,0.954132095,128.0800018,21.00954981,0.01625557154
CACI,-0.001208847165,0.004116523524,0.424,False,,0,0.279928832,599.4000244,18.9289704,0.01844941663
CAG,0.0006492777938,-0.01059726912,0.372,False,,0,0.5003916379,13.56999969,19.19403431,0.01940978521
CAH,0.01314478553,-0.06037024711,0.232,False,,0,0.2404166165,238.9600067,19.88392605,0.01512154837
CAI,-0.06399394379,0.1817530622,0.885,True,short,-0.02,1.626298812,27.5,18.84528352,0.0422078746
CAKE,0.001464615396,0.04844841564,0.568,True,,0,0.4315943722,106.9100037,18.73485452,0.02153777955
CARR,-0.0008334251417,0.01646796591,0.467,False,,0,1.107875809,55.83000183,19.78841685,0.0178772498
CART,0.001801790638,0.05251488605,0.584,True,,0,1.048040791,46.29999924,19.01774251,0.02164879986
CASY,0.003079196839,-0.03435144839,0.306,False,,0,-0.002897656283,642.2800293,19.83028221,0.0187422145
CAT,0.01798769728,0.07493134652,0.632,True,long,0.02,1.332234178,796.1799927,21.40571644,0.01670574077
CAVA,-0.01100322206,0.1336502347,0.782,True,,0,1.535085678,54.31000137,19.14138127,0.02532414487
CB,0.008790741945,-0.1610272641,0.024,False,,0,-0.2990464342,343.7799988,20.12995153,0.00902967491
CBOE,-0.003128180611,0.09856167286,0.706,True,,0,-0.935050535,294.0799866,19.62189629,0.02522103734
CBRE,0.008457301535,0.008474524235,0.438,False,,0,1.211243818,131.0800018,19.49518113,0.01744641119
CBRS,-0.0006954701326,0.2427698682,0.962,True,,0,3.609984748,167.9199982,21.07196535,0.03364917874
CCEP,0.005918247035,-0.08619118099,0.173,False,,0,0.19866,103.6399994,19.06128104,0.01184994113
CCI,0.003307033345,-0.01500759247,0.359,False,,0,0.2857572432,68.88999939,19.39796101,0.01612919536
CCJ,-0.0009105437938,0.1336117397,0.781,True,,0,2.364903205,87.12000275,19.51897139,0.02048845268
CCK,0.004442636108,-0.08039714137,0.188,False,,0,0.4401425128,108.8799973,18.53693973,0.01319575593
CCL,-0.004380245073,0.02879413991,0.505,True,,0,1.380083071,26.12999916,20.28291259,0.02003010855
CDE,-0.01408806583,0.1420524196,0.801,True,,0,3.100259932,16.87000084,20.34778015,0.02639720736
CDNS,-0.003190396394,0.04913452445,0.572,True,,0,1.161941805,348.8399963,20.48510523,0.02022283495
CDW,-0.001689213614,0.09542679535,0.696,True,,0,1.00013352,139.8800049,19.1461073,0.02317616412
CEG,-0.03302455818,0.1538192433,0.826,True,short,-0.02,1.056819321,285.0700073,20.82179648,0.02771203645
CELH,-0.001035977539,0.1274320694,0.771,True,,0,1.913211448,27.39999962,19.05406641,0.02250410428
CF,0.01016412942,0.04221145178,0.544,True,,0,-1.128236692,113.5800018,19.54633913,0.02095073341
CFG,0.008076435195,-0.06204443335,0.229,False,,0,0.723431105,64.08999634,19.47124319,0.01511613802
CG,0.00178666792,0.08689093591,0.672,True,,0,1.538540679,38.38999939,18.80657803,0.02019904673
CGNX,-0.001294847428,0.1287308645,0.775,True,,0,1.535099788,60.90999985,18.48784718,0.02328432206
CHD,0.004026809026,-0.1538100681,0.036,False,,0,0.3275475427,97.73000336,18.98154744,0.008983920486
CHKP,0.006943706148,0.04358319732,0.55,True,,0,-0.2328023708,134.7400055,18.8648042,0.02101118394
CHRW,0.01181053337,0.09952746501,0.708,True,,0,-0.5612359214,141.3399963,19.49809531,0.02262462204
CHTR,-0.006003263031,0.1396854671,0.794,True,,0,0.9358826147,109.6699982,19.73314995,0.02681712064
CHWY,-0.002314888443,0.09693735626,0.703,True,,0,0.9195325325,18.90999985,19.08426459,0.02545810394
CHYM,-0.003258303118,0.1110428435,0.739,True,,0,1.33654806,28.95999908,19.11188709,0.02544080586
CI,0.005829090015,-0.05438527849,0.25,False,,0,0.1604101869,281.0299988,19.938598,0.01672231384
CIEN,0.006495931748,0.2566126338,0.976,True,,0,2.162759663,425.9299927,20.79796102,0.0394094012
CIFR,-0.05370256215,0.2588414693,0.978,True,short,-0.02,2.444186273,13.5,20.16754483,0.04357937483
CINF,0.005284310425,-0.1434044741,0.049,False,,0,0.0003150746343,165.25,18.60534532,0.009616102174
CL,0.006944166653,-0.137808503,0.062,False,,0,0.1517340153,88.09999847,19.9887771,0.01096253614
CLF,-0.0112566732,0.1340806343,0.783,True,,0,1.286946145,12.18999958,19.05834855,0.03076152509
CLH,0.009616437428,-0.114456924,0.112,False,,0,-0.3561912098,317.3399963,18.63249265,0.0116632281
CLS,-0.004777948967,0.2003692905,0.901,True,,0,2.638365827,356.5299988,20.45323809,0.03110923744
CLSK,-0.03002904517,0.2331827806,0.951,True,short,-0.02,2.760708383,10.63000011,19.26903038,0.03963006313
CLX,0.006619644768,0.01346592945,0.451,False,,0,1.241275016,83.44000244,19.41384835,0.01652581146
CM,0.009687040271,-0.06745820869,0.218,False,,0,0.848754643,108.1800003,18.98447663,0.01053190502
CMCSA,-0.00509985349,-0.01496407038,0.36,False,,0,0.6176588166,21.20999908,20.4189853,0.01599633356
CME,0.0003522037427,-0.07235069274,0.203,False,,0,-0.5168306225,276.4400024,20.015761,0.01381110779
CMG,-0.006222788775,0.1396908463,0.795,True,,0,0.3505654288,32.68000031,20.22568289,0.0255840535
CMI,0.00195895825,0.02662041714,0.498,False,,0,0.8491233756,520.4000244,20.20519961,0.01542372056
CMS,0.002782013762,-0.1509429151,0.041,False,,0,0.03201538675,65.33999634,19.40069619,0.009260603806
CNC,0.008025311376,0.05232223123,0.583,True,,0,0.8102940223,64.54000092,19.54386355,0.01969250721
CNH,0.004743223663,0.09243551095,0.689,True,,0,1.120390782,12.13000011,19.17040947,0.02344136822
CNI,0.009485738174,-0.1235600676,0.097,False,,0,0.3529122594,116.8399963,18.72802185,0.01087279837
CNM,-0.002680824957,0.03921285146,0.537,True,,0,1.25703314,40.36999893,18.50236856,0.01707195385
CNP,0.007331766921,-0.1287332265,0.082,False,,0,0.04955593892,38.41999817,19.41072206,0.009674511605
CNQ,0.01048086486,-0.01096163988,0.37,False,,0,-0.6721208371,49.04999924,19.46209498,0.014070774
COF,-0.003884724563,-0.01216818485,0.367,False,,0,1.149828272,199.3999939,20.42984012,0.01394500253
COHR,-0.03281834044,0.2561242034,0.975,True,short,-0.02,3.02088526,302.3500061,21.49010615,0.03862655733
COIN,-0.01777797556,0.2065592206,0.911,True,,0,3.041011031,172,21.3391542,0.03522216372
COKE,0.006530766088,0.01570043901,0.462,False,,0,0.3302689679,191.8600006,18.5012145,0.01769701362
COMP,0.0106828266,0.1547187686,0.827,True,,0,1.933879822,9.520000458,18.94200424,0.03026183227
COO,-0.0012712559,-0.02628632961,0.332,False,,0,0.6979625683,54.29999924,19.43154313,0.01711677137
COP,0.01049810035,-0.005584986791,0.388,False,,0,-0.7557875803,134.1900024,20.61823879,0.01520255248
COR,0.002302044599,-0.06977188701,0.212,False,,0,-0.1481770617,321.3500061,19.77602742,0.01557083866
CORT,-0.003029736239,0.09509160436,0.694,True,,0,1.069497668,118.5400009,19.10940424,0.03059688307
CORZ,-0.03818862897,0.2083475503,0.913,True,short,-0.02,3.150004382,15.35999966,19.09928732,0.03207631873
COST,0.002956875602,-0.1638847102,0.02,False,,0,-0.0163126181,947.9199829,21.50003679,0.01046003502
CP,0.0125199413,-0.1174309668,0.109,False,,0,0.5261382445,84.34999847,19.13003211,0.01053238115
CPAY,0.005384846874,-0.04682298137,0.275,False,,0,0.386418123,402.0799866,19.12165808,0.01194587419
CPB,-0.0002482357776,-0.004609642393,0.392,False,,0,0.1698276344,19.37000084,18.85685579,0.01796021211
CPNG,0.009375959811,0.06281500163,0.606,True,,0,1.064918135,15.40999985,19.26965567,0.01960619602
CPRT,0.008994864238,0.02774797866,0.503,True,,0,0.5510514421,27.47999954,19.54939697,0.01958673399
CPT,0.005330427673,-0.137131229,0.064,False,,0,0.2185125356,96.76000214,18.58415318,0.01097506729
CRBG,-0.0006145940227,-0.03163531507,0.313,False,,0,0.6692644002,34.45000076,18.97283518,0.01534320119
CRCL,-0.03408942391,0.2189762028,0.934,True,short,-0.02,3.251993958,80.83999634,20.89037876,0.03633822643
CRDO,0.02858928929,0.27255401,0.987,True,long,0.02,2.348359816,211.8600006,21.22738628,0.03783228221
CRH,-0.01767863765,0.050250019,0.576,True,,0,1.318356007,81.87999725,20.00372185,0.01602062002
CRL,0.01244068792,0.07057948465,0.624,True,,0,0.8053690967,298,19.56802914,0.02697930725
CRM,-0.001345702907,0.05207989788,0.582,True,,0,0.4608804589,227.8000031,21.66721691,0.01955649316
CROX,0.007464398996,0.04799410616,0.566,True,,0,1.057673383,116.8399963,18.75833014,0.02116355519
CRS,-0.0004725658315,0.1016574885,0.712,True,,0,0.9780608886,387.1000061,19.54094707,0.02078396652
CRWD,0.01233616838,0.1285425771,0.774,True,,0,0.8956383059,263.0100098,21.70616753,0.02992118959
CRWV,-0.02480835722,0.2130732578,0.924,True,,0,3.679059608,81.58000183,21.66826283,0.03033342674
CSCO,0.01491480042,0.001984449601,0.414,False,,0,0.5607586176,114.8899994,21.48001983,0.01542544554
CSGP,0.0165144404,0.1027092545,0.717,True,long,0.02,0.8507496371,29.80999947,19.01623398,0.02214633839
CSL,0.0003665904391,0.08737608145,0.674,True,,0,1.946828731,321.25,18.98436233,0.01935528249
CSX,0.009320213563,-0.1210536218,0.103,False,,0,0.04303830696,47.34000015,20.02375066,0.01079865841
CTAS,-0.001541421791,-0.1278615916,0.086,False,,0,0.002195265549,201.1199951,19.80870761,0.01251190238
CTSH,-0.008654019677,0.1209229634,0.76,True,,0,0.07670205039,60.00999832,19.86305845,0.02473101961
CTVA,-0.01372461614,0.1493718738,0.821,True,,0,-0.1276092646,13.75,20.14514652,0.03812529914
CUBE,0.00418453416,-0.1446031763,0.047,False,,0,0.1066732458,37.50999832,18.55155498,0.01197121626
CVE,0.00512617831,0.03132604549,0.512,True,,0,-0.6598479724,31.48999977,19.34744908,0.01806208355
CVNA,-0.006104385669,0.133389029,0.78,True,,0,1.956233672,63.20000076,20.05650506,0.02699404004
CVS,0.006579792978,-0.06311367199,0.227,False,,0,0.1926407353,87.80000305,20.48922335,0.01483602181
CVX,0.01526619693,-0.08833202714,0.167,False,,0,-0.8071838055,211.5500031,21.40904068,0.01188432971
CW,-0.003709655729,0.06070626178,0.6,True,,0,0.6610939363,507.2900085,19.34332993,0.01731715266
CYTK,0.007068399303,0.03371828212,0.521,True,,0,0.5018325685,62.00999832,18.87482375,0.02100070598
CZR,0.02240069366,-0.3611234454,0.004,False,,0,0.1308844436,29.52000046,18.91648378,0.002341343081
D,0.003831023838,-0.1429455955,0.052,False,,0,0.212187793,61.75,19.55145079,0.01017126577
DAL,0.01479646876,0.2854683671,0.991,True,long,0.02,1.447572611,82.13999939,20.29926889,0.01711316247
DAR,0.01799685369,0.07484473538,0.631,True,long,0.02,-0.4580764237,62.25,18.78482578,0.02229072178
DASH,-0.00296910203,0.06324983346,0.607,True,,0,1.2277594,191.7100067,20.46827336,0.02233834887
DAVE,0.01189451386,0.2122510381,0.92,True,,0,2.174031671,353.3999939,18.50782752,0.03664379395
DBX,0.007954803801,0.05834170892,0.594,True,,0,0.2146458243,34.13999939,18.91978446,0.02391798222
DD,0.01064217184,-0.05313304676,0.253,False,,0,0.8466912994,132.4799957,18.65715208,0.01190203617
DDOG,0.009630442983,0.1172153594,0.75,True,,0,0.4289579603,273.7999878,20.45077725,0.02683129655
DDS,0.003961764918,0.08744437917,0.675,True,,0,0.8613799056,648.8200073,18.6578854,0.02611184893
DE,0.01300239761,-0.009107805232,0.378,False,,0,0.4373592184,652.5800171,20.57623329,0.01613699063
DECK,-0.0005474856352,0.01560817258,0.461,False,,0,1.006105743,82.55999756,19.43400297,0.01680872818
DELL,-0.007246256552,0.2010841088,0.902,True,,0,2.776946508,574.5499878,22.2096914,0.02844037281
DG,0.003795008358,-0.002832198541,0.398,False,,0,0.7052875496,124.2699966,19.48865432,0.01719028904
DGX,0.006085464361,-0.07171835677,0.205,False,,0,-0.02739028424,230.8099976,19.46639041,0.01421882299
DHI,-0.001439409286,0.02053516665,0.475,False,,0,1.343323682,135.8200073,19.93366722,0.01663281643
DHR,0.002702474996,-0.001214243315,0.404,False,,0,0.01244660415,217.4600067,20.71850018,0.01872321616
DHT,-4.720189762e-05,0.103667746,0.724,True,,0,-0.01032931251,24.93000031,18.4636745,0.02476730237
DINO,0.01219388733,0.1094114291,0.733,True,,0,-0.1461890949,120.7200012,19.56116194,0.02820068153
DIS,0.002570917237,-0.07908447414,0.191,False,,0,0.3687141698,107.0199966,20.67220496,0.01228302165
DK,0.00679265762,0.159109531,0.835,True,,0,0.2962549295,76.59999847,19.12919306,0.03232618591
DKNG,0.007446493438,0.130849668,0.777,True,,0,1.307488625,19.87000084,19.63761968,0.03379242093
DKS,0.006623237513,0.05667762152,0.592,True,,0,0.4846521549,134.6300049,19.81192101,0.02170667181
DLR,0.005254267409,-0.007803537258,0.381,False,,0,0.8760777873,176.0700073,19.66956934,0.01429523528
DLTR,0.005914083229,0.02586402267,0.491,False,,0,0.7534073386,118.6200027,19.58729136,0.01931968934
DOC,0.008457643207,-0.09685759488,0.15,False,,0,0.3695616141,18.52000046,18.61202727,0.01209074138
DOCN,-0.009768165297,0.2548121647,0.973,True,,0,2.237451039,123.9000015,19.63794609,0.0419283361
DOCU,0.002430696911,0.09525914733,0.695,True,,0,0.3027024644,71.43000031,19.18357076,0.0238918055
DOV,0.002549333697,-0.0547305062,0.248,False,,0,0.9158006784,188.9600067,19.27074635,0.01254407866
DOW,0.006580296603,0.0354434521,0.524,True,,0,-0.7793783919,28.59000015,19.39525054,0.01780513616
DPZ,0.01808899503,0.00294116065,0.418,False,,0,0.3960623673,308.6499939,19.27024798,0.01680195121
DRI,0.002353378076,-0.06605155635,0.222,False,,0,0.3819072349,200.5200043,19.47091929,0.01529109034
DT,0.009144752328,0.04693557544,0.563,True,,0,0.1754674944,61.11999893,19.80804167,0.01779961175
DTE,0.0009335938333,-0.1327395267,0.076,False,,0,0.1018235276,127.0999985,19.3694934,0.01067218461
DTM,0.006631859736,-0.07718835859,0.193,False,,0,-0.1651029106,123.7600021,18.56803417,0.01412379177
DUK,0.003878790872,-0.165057389,0.017,False,,0,-0.02348293581,116.8399963,20.02764816,0.00762415752
DUOL,-0.004433371691,0.1079146105,0.731,True,,0,0.1615997073,151.2200012,18.81728047,0.02613385482
DVA,0.01221908443,-0.02862169158,0.322,False,,0,-0.01498859156,177.0200043,18.6629104,0.01805929633
DVN,0.01042582144,0.03169603484,0.514,True,,0,-0.9274825617,48.91999817,20.21178297,0.01809063583
DXCM,0.00390788124,-0.04309124388,0.285,False,,0,0.2887830249,84.41000366,19.65546052,0.01579481567
DY,-0.02029232649,0.1449395482,0.809,True,,0,1.417534963,277.2099915,18.9882875,0.02219346729
EAT,0.004919376501,0.09144400218,0.688,True,,0,0.3069959293,190.1999969,19.58076679,0.02813787106
EBAY,0.006811311774,0.004183196409,0.426,False,,0,-0.07663900898,111.9800034,20.03235501,0.01827107121
ECHO,0.009646162631,0.09633276539,0.702,True,,0,1.690738063,93.36000061,19.67989394,0.02077112607
ECL,0.004712156746,-0.1284833792,0.084,False,,0,0.3221092077,281.6900024,19.61008988,0.0114481713
ED,0.006187700763,-0.1548774246,0.034,False,,0,-0.1982603879,105.9899979,19.28505329,0.009160767218
EFX,0.01403569808,0.03435723858,0.522,True,long,0.02,0.589725645,145.5399933,19.52133775,0.01998798308
EG,0.003535948403,-0.1082607879,0.127,False,,0,-0.1399419403,373.1000061,18.89505194,0.01161509694
EGO,-0.009486990961,0.1167661698,0.749,True,,0,2.375224163,36.86000061,18.75619323,0.02187059098
EGP,0.005179841328,-0.1589522227,0.028,False,,0,0.1747452376,195.1199951,18.57225944,0.01004600707
EHC,0.002139714719,-0.08323452724,0.181,False,,0,-0.09615331351,122.5400009,18.58260484,0.01512742667
EIX,0.003764125663,0.01347146749,0.452,False,,0,0.1943754074,54.29999924,19.45707307,0.0166742407
EL,0.003329521091,0.03760424675,0.534,True,,0,1.632974553,94.31999969,19.43387689,0.01830953678
ELAN,0.01108140455,0.008598231351,0.439,False,,0,0.4466712706,22.54000092,18.68004339,0.01886280238
ELF,0.001649537676,0.09410705962,0.693,True,,0,1.70235051,105.9599991,18.69730856,0.02339852196
ELS,0.004702725232,-0.1491858067,0.042,False,,0,0.06380942006,58.5,18.52190089,0.009825922766
ELV,0.003282491597,-0.0438421032,0.284,False,,0,0.3288154664,400.9400024,19.96613599,0.01425626768
EME,0.002394452349,0.07414921291,0.629,True,,0,1.484096798,778.2399902,19.48383348,0.01989360609
EMR,0.007597149517,0.009033432394,0.443,False,,0,1.143832807,159.0599976,19.79869159,0.01384422917
ENB,0.006213905287,-0.1524437944,0.04,False,,0,-0.2678412757,46.54000092,19.26903908,0.009076789732
ENPH,-0.000514962427,0.1849610672,0.886,True,,0,2.42358534,32.90999985,18.87582331,0.02704282721
ENS,0.005207104336,0.1034005355,0.723,True,,0,1.429834465,179.3099976,18.50277923,0.01670300317
ENTG,0.002564450178,0.1689920223,0.856,True,,0,2.999576697,162.1900024,19.5674603,0.0227335169
EOG,0.009538329738,-0.01513307569,0.358,False,,0,-0.837944302,148.5099945,19.97292783,0.01471436427
EPAM,-0.01901911226,0.1244477527,0.764,True,,0,0.8341241245,113.8600006,18.62869422,0.02622964672
EPD,0.005232292045,-0.1376172356,0.063,False,,0,-0.1774149212,36.75,18.59285256,0.01116906281
EQH,0.0007869242375,-0.02872680513,0.321,False,,0,0.70077099,53.47999954,18.93784862,0.01589774388
EQIX,0.01040844879,-0.03269894441,0.31,False,,0,0.70845849,1011.159973,20.07095222,0.01409277193
EQNR,0.006396406549,0.01614925605,0.465,False,,0,-1.507091702,42.93000031,18.9608683,0.01448788595
EQT,0.00485382977,-0.04501098426,0.28,False,,0,-0.06226895905,52.93999863,19.84645503,0.01717264896
EQX,-0.01074668428,0.1198800486,0.756,True,,0,2.671932902,11.11999989,18.85631711,0.02222064401
ES,0.0005282593205,-0.1421673161,0.053,False,,0,0.2363477686,65.69000244,19.01671762,0.01024147124
ESI,0.004263836412,0.1025704818,0.716,True,,0,1.632967587,36.70999908,18.79091008,0.02058306833
ESS,0.00571353581,-0.1643699921,0.019,False,,0,0.1297779992,268.5799866,18.82425616,0.009733726913
ESTC,0.005740584163,0.08320907786,0.661,True,,0,0.8015271071,95.26000214,18.90517325,0.02350724362
ET,0.006548805447,-0.1369209191,0.065,False,,0,-0.2382012797,20.62000084,19.05193258,0.01195133264
ETN,0.0006611638431,0.07953202595,0.644,True,,0,1.413550192,424.5100098,20.61641709,0.01810679999
ETR,0.005041287553,-0.1128821935,0.116,False,,0,0.3589232559,102.4899979,19.58798448,0.01163799543
ETSY,0.01446852675,0.08116423721,0.651,True,long,0.02,0.5449190992,75.13999939,19.25730105,0.02523997085
EVR,-0.0006301444494,0.0428276199,0.548,True,,0,1.286495397,266.75,18.77117181,0.01897130187
EVRG,0.007337078871,-0.1662091821,0.016,False,,0,0.1467670546,80.51999664,19.05082754,0.00831382901
EW,0.006147069681,-0.04554529809,0.277,False,,0,0.3756633052,84.23999786,19.60425548,0.01616680959
EWBC,0.005326976234,-0.1252547056,0.09,False,,0,0.395077568,126.25,18.56921031,0.01249720352
EXC,0.001979669501,-0.1417267411,0.056,False,,0,0.08490975576,41.72999954,19.63415892,0.009764104464
EXE,0.002910559423,-0.02335194033,0.342,False,,0,-0.2951829792,88.86000061,19.57038577,0.01631003272
EXEL,0.01105258739,0.03318977524,0.519,True,,0,0.9003223775,59.02000046,18.67358095,0.01853619689
EXPD,0.01049033817,-0.05621830129,0.244,False,,0,0.5466712242,193.7100067,19.19046461,0.01289489101
EXPE,0.01163822944,0.08779534382,0.677,True,,0,0.946801382,270.1300049,20.24374773,0.02589223175
EXR,0.002751156575,-0.1164490976,0.11,False,,0,0.3004647029,133.1199951,19.21858817,0.01175005731
F,-0.01148666364,-0.009302212032,0.376,False,,0,0.8761146262,12.25,20.2165571,0.01530281836
FANG,0.01221428429,0.005085470672,0.428,False,,0,-0.8806943849,191.6799927,20.29913756,0.01498383028
FAST,0.006696756444,-0.09069270027,0.163,False,,0,0.4231723526,50.49000168,19.66729056,0.01152141473
FCEL,-0.03675441758,0.293727005,0.993,True,short,-0.02,3.136005157,17.25,18.52422245,0.04316485088
FCNCA,0.004747498046,-0.07516709949,0.198,False,,0,0.3270478836,2065.889893,18.75488375,0.01468504944
FCX,0.007594023126,0.1016324593,0.711,True,,0,1.788294639,71.13999939,20.47846651,0.01976504517
FDS,0.00722511316,0.07846349719,0.643,True,,0,0.4525459969,286.519989,19.25018228,0.02514928964
FDX,0.01262412938,-0.05016036822,0.267,False,,0,0.5580860785,291.730011,19.98116419,0.01314263828
FDXF,-0.005021783039,0.08776378907,0.676,True,,0,0.5404972702,115.6500015,19.22303754,0.02212614198
FE,0.002111398042,-0.1467302559,0.045,False,,0,0.1207360737,44.84999847,19.08317717,0.009235670693
FER,0.000227828017,0.002236418815,0.417,False,,0,0.7135007197,50.29000092,18.47217668,0.008564420839
FERG,-0.00343392923,-0.006679815056,0.385,False,,0,0.9825647247,216.7299957,19.60213094,0.01465746075
FFIV,0.007646136225,0.0160610484,0.464,False,,0,0.5745529667,461.6600037,19.33669402,0.01854452935
FHN,0.003843340612,-0.1310997777,0.078,False,,0,0.3114655006,23.30999947,18.7005695,0.01199283558
FICO,0.01724916988,0.1872479429,0.893,True,long,0.02,-0.3563659802,707.4299927,20.47440404,0.03440740801
FIG,-0.01175215238,0.1742257561,0.869,True,,0,0.7495599144,22.62999916,19.3600339,0.02955336432
FIGR,-0.03576475773,0.2189608433,0.933,True,short,-0.02,2.914632549,27.60000038,18.83904193,0.03875280273
FIS,-0.0001914432223,0.03290143036,0.518,True,,0,0.3662592777,34.34000015,19.26810556,0.01809812637
FISV,-0.001832853866,0.06045598719,0.599,True,,0,0.6766199027,45.93999863,19.6035436,0.01966743545
FITB,0.008019821146,-0.07812743703,0.192,False,,0,0.6999789393,50.70000076,19.72713775,0.01362960172
FIVE,0.01061963435,0.06886285082,0.619,True,,0,1.1320319,209.7299957,19.33259294,0.02470276959
FIX,0.004853799154,0.1724024633,0.865,True,,0,1.195818925,1706.390015,20.12238078,0.02525969256
FLEX,0.006900325322,0.1852078772,0.887,True,,0,2.317040252,114.7399979,19.67422718,0.02661686767
FLR,0.008846492274,0.1062704108,0.728,True,,0,1.818298523,51.00999832,18.60326512,0.02257479781
FLS,0.003845722806,0.07563751676,0.634,True,,0,1.288695808,69.65000153,18.58019293,0.01921293139
FLUT,-0.003034603639,0.1353696488,0.786,True,,0,0.8438894241,81.58000183,19.36989466,0.0313667594
FN,0.01130175396,0.2075920131,0.912,True,,0,2.463049868,487.3299866,19.69249808,0.02905517784
FND,-9.33859285e-05,0.1029924314,0.72,True,,0,1.790293317,46.5,18.60186668,0.02288602513
FNF,-0.0006081782384,-0.01919889854,0.347,False,,0,0.4459315389,39.77000046,18.63282955,0.01805477266
FNV,0.009505093812,0.05148841871,0.58,True,,0,1.27717744,240.5,19.08128198,0.02654842565
FORM,0.006364858084,0.2292398728,0.945,True,,0,2.447563799,137.1300049,19.41455731,0.02994449296
FOXA,0.003401204758,-0.04076866814,0.292,False,,0,0.4843807727,63.56999969,19.52606302,0.01552118736
FPS,0.01363766639,0.2459521959,0.966,True,long,0.02,2.870895945,39.79999924,19.88260088,0.03863493261
FRO,-0.009338442321,0.1407517219,0.799,True,,0,-0.064265781,56.25999832,19.23255844,0.02225591773
FROG,0.004666177938,0.179755136,0.881,True,,0,1.33697389,97.25,18.76668658,0.03131028826
FRT,0.008499461504,-0.1788592554,0.013,False,,0,0.1219735085,105.4599991,18.51525768,0.009773289134
FRVO,-0.06439846066,0.2776923855,0.989,True,short,-0.02,2.47761549,13.80000019,18.52238568,0.04802663739
FSLR,0.004932526715,0.1407750373,0.8,True,,0,2.143566085,178.8500061,19.89862236,0.02769982703
FSLY,-0.02887873485,0.2288145584,0.944,True,short,-0.02,1.227830911,25.29000092,19.13427656,0.06223521617
FTAI,-0.0274625966,0.1816217153,0.884,True,short,-0.02,1.803597628,171.0599976,19.35802765,0.02487099451
FTI,0.01411373876,0.0258091166,0.49,False,,0,-0.04991905678,69.62999725,19.19197548,0.01853906069
FTNT,0.009918692303,0.06336605734,0.609,True,,0,0.1819917009,189.1000061,20.40351218,0.02123731107
FTV,0.002896627397,-0.05942757275,0.236,False,,0,0.705492954,56.41999817,18.64800863,0.01187150191
FUTU,-0.003177198891,0.1421151867,0.803,True,,0,1.710507376,108.7600021,18.58527193,0.02144206239
FWONK,0.008488765821,-0.0480406927,0.272,False,,0,0.2151248556,95.06999969,19.26664383,0.01622034358
GAP,0.001550367574,0.04261382444,0.546,True,,0,0.5032834478,23.36000061,18.75893521,0.02160983179
GD,0.00898814235,-0.1219181442,0.102,False,,0,0.07652831388,329.8999939,19.96774358,0.01141869025
GDDY,0.01131277736,0.09827538919,0.705,True,,0,0.6646405855,103.1900024,19.37948352,0.03277070984
GE,0.006080305013,-0.001473797148,0.403,False,,0,0.7476739525,305.6199951,21.10869392,0.01514512559
GEHC,0.0002075672614,-0.05351187716,0.252,False,,0,0.3363851423,64.22000122,19.34987036,0.01358068449
GEN,-0.01462294746,0.06084796863,0.601,True,,0,0.7825829969,22.75,19.59186442,0.03520116172
GEV,0.00769630358,0.1423383635,0.804,True,,0,1.086012212,999.3499756,21.4958052,0.02203769971
GFI,-0.01134760306,0.1247724429,0.765,True,,0,2.319430679,35.86000061,18.77399861,0.01706497745
GFL,0.002111923407,0.007293876129,0.434,False,,0,0.6802513906,42.33000183,18.78799856,0.01790269526
GFS,-0.006919275117,0.1909868553,0.894,True,,0,2.080506822,49.36000061,19.09497344,0.02416982506
GGG,0.00346244958,-0.1011767462,0.139,False,,0,0.3743080793,78.37000275,18.60860832,0.01041346014
GH,0.001978776443,0.1493006979,0.82,True,,0,0.5364361966,165.5599976,19.65053389,0.03065120767
GILD,0.005002860627,-0.05607501777,0.245,False,,0,0.561580905,147.1000061,20.56682454,0.01385459407
GIS,-0.006139156115,-0.01348806337,0.364,False,,0,0.2442322983,32.59000015,19.7756475,0.01768053075
GKOS,0.004207729022,0.1770122797,0.874,True,,0,0.3352207017,161.2899933,18.90117765,0.03351894377
GLPI,0.0008519948477,-0.1392608172,0.059,False,,0,0.1624658652,38.25999832,18.7375225,0.01001281453
GLW,0.004814747539,0.1794376698,0.88,True,,0,2.173301762,152.8300018,20.93992957,0.0275639257
GLXY,-0.02175913981,0.2316591431,0.948,True,,0,3.841187937,20.08499908,18.58813276,0.03705878148
GM,-0.008335196893,0.01605686429,0.463,False,,0,0.8472198494,82.25,20.27016426,0.01889942035
GMAB,0.008489104043,0.0209356346,0.477,False,,0,0.9320918906,36.04999924,18.75216055,0.02546283934
GME,0.02056441328,0.05473057859,0.588,True,long,0.02,-0.2727236766,25.28000069,19.31571387,0.0250103983
GMED,0.004478029387,0.003382883174,0.42,False,,0,0.7349753086,73.33000183,18.65225516,0.01406389316
GNRC,0.01195543905,0.1719362492,0.864,True,,0,1.897859394,224.3999939,19.58412327,0.02936573963
GOOG,0.02798983721,0.001735977521,0.412,False,,0,0.711852546,344.8599854,22.50520585,0.01531961281
GOOGL,0.02239893241,0.008844376925,0.441,False,,0,0.759493776,348.2900085,22.9436682,0.01547209708
GPC,0.001757382938,-0.02356679999,0.341,False,,0,0.6965118336,128.1699982,18.59823057,0.01349439841
GPN,0.002477855401,0.02752613744,0.501,True,,0,0.7644655609,82.76999664,19.12188617,0.01758555692
GRAL,-0.01598519395,0.2953002573,0.994,True,,0,2.296538468,132.6100006,19.02726044,0.06085064011
GRML,-0.1400883103,0.3384955111,1,True,short,-0.02,5,5.880000114,19.42553691,0.1485238639
GRMN,0.001410443818,-0.009543366281,0.375,False,,0,0.1833191307,268.4400024,19.29866561,0.01671783317
GS,0.01947521546,0.03964511139,0.54,True,long,0.02,1.39875125,882.5900269,21.45553991,0.01561337722
GSK,0.005712626242,-0.09656454051,0.152,False,,0,0.3111766376,46.54000092,19.13773529,0.009452719154
GTLB,0.003417267312,0.1264536114,0.768,True,,0,1.160555121,53.56000137,19.06810877,0.02351064656
GWRE,-0.01002157896,0.1110619291,0.74,True,,0,0.53061626,164.7799988,19.13608802,0.02604715111
GWW,0.007155475514,-0.1191566457,0.107,False,,0,-0.09293648474,1268.670044,19.65930123,0.01132844829
H,0.008860748855,-0.02740036467,0.328,False,,0,0.3793443301,159.4299927,18.65531311,0.01693753135
HAL,0.01467682074,-0.02160122398,0.344,False,,0,-0.3212693387,32.56999969,19.66945402,0.01650885504
HALO,0.007212986564,0.02276654039,0.481,False,,0,0.9586336392,109.8399963,19.5107614,0.01797816587
HAS,0.00666536162,-0.05901695999,0.237,False,,0,0.5806797856,92.5,18.88523156,0.01597440903
HBAN,-0.001479016055,-0.07015045625,0.211,False,,0,0.8851144271,15.36999989,20.04867132,0.01532743976
HBM,0.006674796495,0.1486723626,0.816,True,,0,2.238323903,25.38999939,18.58271528,0.02423789114
HCA,0.002812648571,-0.04047547315,0.295,False,,0,0.0709139432,445.0100098,20.20637195,0.01706211402
HD,-0.005501945701,-0.03533479191,0.305,False,,0,0.9542940751,295.4700012,21.20081176,0.01313713639
HDB,0.003290420261,0.002164298935,0.416,False,,0,0.612059674,22.01000023,19.33351395,0.01441644303
HEI,0.0002380739776,-0.02761462252,0.325,False,,0,0.7670447919,295.9100037,18.78884112,0.01478437167
HIG,0.006721734898,-0.1279823757,0.085,False,,0,-0.19551627,129.4799957,19.32632364,0.01174196108
HII,0.0135086558,-0.001978552744,0.4,False,,0,0.6709020003,265.019989,18.83456601,0.01610694724
HIMS,-0.01386519046,0.2190949606,0.935,True,,0,3.388019665,28.05999947,19.46841445,0.03457498369
HL,-0.01206139846,0.1529719037,0.823,True,,0,2.883118552,16.72999954,20.37193763,0.02505448177
HLI,-0.001504471203,0.04151945881,0.541,True,,0,0.6902824793,125.5299988,18.54971211,0.01976791003
HLN,0.002196750128,-0.09120153545,0.162,False,,0,0.09736426332,9.260000229,19.10011132,0.01022646293
HLT,0.006001351614,-0.1250662474,0.091,False,,0,0.05999429087,323.2900085,20.02623576,0.01154123405
HNGE,0.01327877415,0.1054933602,0.726,True,long,0.02,1.495906888,98,19.02102362,0.0248156693
HON,0.004417200293,-0.08180485791,0.185,False,,0,0.4035131672,206.6000061,20.24379811,0.01190612111
HONA,0.01246594658,0.09105748777,0.686,True,long,0.02,1.885005628,154.0099945,20.23193727,0.02102851474
HOOD,-0.01128049931,0.1734812272,0.868,True,,0,2.902674975,107.0100021,21.65012807,0.03043424514
HPE,0.006634919924,0.2306386304,0.947,True,,0,1.511243912,71,21.04885593,0.03283550093
HPQ,-0.005828340746,0.07963567251,0.645,True,,0,0.6545926567,32.43999863,20.01734157,0.02697782708
HRI,-0.02059663232,0.1567566477,0.831,True,,0,1.638060837,123.8600006,18.61231617,0.03430405844
HRL,0.001751506722,-0.07176978621,0.204,False,,0,0.004027822493,19.42000008,18.49986978,0.01308103929
HSBC,0.01066975192,-0.04049116228,0.293,False,,0,0.8347836887,92.61000061,18.98157542,0.00860758826
HSIC,0.02916732537,-0.02069864493,0.346,False,,0,0.6317194962,84.62999725,18.5471252,0.01566191871
HST,0.00555842115,-0.09822776945,0.146,False,,0,0.3452010208,22.54000092,19.08084941,0.012161002
HSY,0.005085462508,-0.1111840347,0.118,False,,0,0.1358031696,162.5399933,19.35067586,0.0117991753
HUBS,0.005411989019,0.1802975882,0.882,True,,0,0.7289593957,231.8399963,19.79438309,0.03337852785
HUM,0.007228297862,0.1033463876,0.722,True,,0,0.635143997,387.1199951,20.0282289,0.0218865261
HUT,-0.06424259946,0.2508443367,0.97,True,short,-0.02,2.237824099,79.58999634,19.97540304,0.04390864076
HWM,0.001961587332,-0.003570375716,0.394,False,,0,0.5142579521,222.5599976,20.24679157,0.01515502398
IAG,0.002985685955,0.1016736261,0.713,True,,0,2.481701052,18.39999962,18.49325361,0.02055684987
IBKR,0.003034857143,0.06148047713,0.603,True,,0,1.688074341,86.47000122,19.67061025,0.01712487862
IBM,-0.001759147382,0.02086845846,0.476,False,,0,0.7296922759,226.6100006,21.05335003,0.01603880278
IBN,0.002839123414,-0.09662924339,0.151,False,,0,0.6199240825,27.89999962,18.64229669,0.008534999086
IBRX,0.01382339493,0.2354934039,0.952,True,long,0.02,2.305959347,9.909999847,18.68279495,0.04513839736
ICE,0.002153241678,-0.09525312902,0.156,False,,0,-0.05144991055,155.3500061,19.80023263,0.0138138535
ICLR,0.005088954992,0.07006016006,0.623,True,,0,-0.3301364947,164.5,19.01373599,0.02733065905
IDXX,-0.005566956767,-0.05040823188,0.265,False,,0,0.3004411462,513.1400146,19.37776571,0.01428517209
IEX,0.01007666637,-0.06910151748,0.215,False,,0,0.4855142885,231.75,18.80683099,0.0120854966
IFF,0.009599904189,-0.06610324176,0.22,False,,0,0.4629090018,84.65000153,18.85356844,0.01139270471
ILMN,-0.005430581076,0.1605997302,0.841,True,,0,0.9381582609,264.5700073,20.86310618,0.03685525221
INCY,0.009969171084,-0.01481317986,0.362,False,,0,0.5679167696,112.75,19.16711789,0.01602247601
INFQ,-0.03353385437,0.212751771,0.923,True,short,-0.02,4.003554202,11.15999985,18.47361102,0.03647174082
INFY,0.0003439291226,0.06755885727,0.615,True,,0,0.5194299233,10.69999981,19.13746664,0.01687386029
INIO,-0.03659622934,0.2572742837,0.977,True,short,-0.02,3.778945997,19.20000076,18.600067,0.04219360518
INOD,-0.0607818074,0.2444964413,0.965,True,short,-0.02,2.345430888,61.20000076,18.539181,0.0485481953
INSM,-0.0007868550786,0.1124400914,0.742,True,,0,0.2646100701,100.4800034,19.55290236,0.02734210954
INTC,0.01858391523,0.2062197302,0.91,True,long,0.02,2.374560007,107.0800018,23.24953789,0.0291513029
INTU,0.003433584002,0.09594835784,0.698,True,,0,0.1208163758,303.8800049,20.84360361,0.02260362439
INVH,0.006074051666,-0.1410095509,0.058,False,,0,0.24332236,26.47999954,18.88813351,0.01024112193
IONQ,-0.02669715539,0.20181516,0.903,True,short,-0.02,3.693175452,39.45000076,20.71953912,0.03833121681
IONS,0.0159092035,0.1023652891,0.714,True,long,0.02,1.258182557,43.29999924,19.08468143,0.02898336142
IOT,0.002645355265,0.1229411165,0.763,True,,0,0.4550366845,41.22000122,19.2415125,0.02911495798
IOVA,-0.0212324079,0.2443217851,0.964,True,,0,1.264194697,13.31000042,19.27578773,0.04552378986
IP,-0.0007130699876,0.0711371795,0.625,True,,0,1.382766898,31.87999916,19.09131768,0.01774856878
IQMM,0.002065923304,-0.4314931876,0.001,False,,0,-0.004725809424,100.0899963,18.63977254,0.0001286900738
IQV,0.00399035938,-0.02121636975,0.345,False,,0,0.0877676301,258.8800049,19.88605485,0.017089447
IR,0.0009369369898,0.002078331965,0.415,False,,0,0.8708578012,78,19.79260824,0.01647200546
IREN,-0.002523418384,0.2097556692,0.914,True,,0,4.174337351,35.70999908,21.17933032,0.03427458256
IRM,0.007521415886,0.01509212751,0.458,False,,0,0.892399923,112.9700012,19.03722849,0.01545450844
ISRG,-0.0001328473706,-0.005892935116,0.386,False,,0,0.8525674334,415.4100037,20.60958156,0.01702642116
IT,-0.002499818228,0.1207434151,0.758,True,,0,0.7241023575,195.4100037,19.03582841,0.02577459449
ITT,0.005067407848,0.02496183934,0.488,False,,0,1.133651727,198.6999969,19.03552274,0.01854638885
ITUB,0.002576364781,0.0768197085,0.637,True,,0,0.8110386692,9.829999924,19.50936298,0.01805300339
ITW,0.002772754654,-0.09769387662,0.148,False,,0,0.3669992365,264.7099915,19.74606707,0.01212740971
IVZ,0.001284586819,0.04414884208,0.551,True,,0,1.363529835,30.09000015,18.77860614,0.01596220105
IWM,0.003752538741,-0.1565328042,0.033,False,,0,0.9930134608,277.5700073,22.70545072,0.007321322934
J,-0.001955873156,-0.02196749803,0.343,False,,0,0.7085024272,138.5899963,18.58197195,0.01642462935
JAZZ,0.01529994928,0.03108612161,0.51,True,long,0.02,0.8305199773,222.4499969,19.05349864,0.01685854947
JBHT,0.01393990532,0.0090099206,0.442,False,,0,0.815172422,228.4199982,19.48050076,0.01691260491
JBL,0.003035817604,0.1266387978,0.77,True,,0,1.70175847,299.1600037,19.9775853,0.02862922054
JCI,0.01170620263,0.008686005353,0.44,False,,0,0.6920630122,154,20.01179302,0.01373177169
JD,0.004290146753,-0.110042722,0.124,False,,0,-0.03613897965,26.90999985,18.89407398,0.009172412185
JEF,-0.005485571728,0.0236543858,0.485,False,,0,1.059538892,44.40000153,18.69887592,0.02267116117
JHX,0.009670197287,0.08586235955,0.667,True,,0,1.770330778,25.14999962,19.70560866,0.02329130138
JKHY,0.001441024902,-0.02756326408,0.326,False,,0,-0.02450020148,149.0500031,18.88876868,0.01891512299
JLL,0.004932711545,0.01389663178,0.454,False,,0,1.369012884,303.1400146,18.76628219,0.01771406273
JNJ,0.01766461611,-0.1234332969,0.099,False,,0,-0.1543990884,256.480011,21.30607972,0.01122197848
JOBY,-0.009756859306,0.1705693677,0.859,True,,0,2.563732895,5.75,18.78004327,0.02311228859
JPM,0.02359344479,-0.1210296022,0.105,False,,0,0.4384796227,331.4200134,21.81104932,0.01230226665
JXN,0.006376252194,0.02171917661,0.48,False,,0,0.7571380736,133.0599976,18.61706095,0.02323358364
KDP,0.006852846314,-0.0423238713,0.287,False,,0,0.4214300287,31.26000023,19.67303266,0.01551978581
KEY,-0.0001929950242,-0.09430903626,0.157,False,,0,0.7475640319,20.10000038,19.63007833,0.01349546702
KEYS,0.01699849722,0.09037599067,0.685,True,long,0.02,1.265624227,374.6700134,19.84207221,0.016470409
KGC,0.003803670698,0.09751806145,0.704,True,,0,1.90784527,23.34000015,19.13165442,0.0209880515
KGS,0.007897018012,0.1135082815,0.746,True,,0,1.058327961,53.56999969,18.53205415,0.02673958251
KHC,0.003390782377,-0.04001479322,0.297,False,,0,0.2695982477,22.47999954,20.05967526,0.0155204666
KIM,0.004502821144,-0.1699887689,0.014,False,,0,0.06768445482,22.09000015,18.63846228,0.009077718425
KKR,0.001313853045,0.06603214221,0.612,True,,0,1.622944113,89.55999756,19.8244189,0.01732927342
KLAC,0.01579417227,0.1576824041,0.832,True,long,0.02,1.903999471,196.7200012,21.24749615,0.0221193535
KMB,0.0006617245697,-0.08800517017,0.168,False,,0,0.5890503914,97.73999786,19.88796427,0.01089549307
KMI,0.00796061691,-0.07295921068,0.202,False,,0,-0.3341646897,32.25,19.8335636,0.01424077471
KMX,-0.01017444106,0.04593215958,0.56,True,,0,0.7191332625,53.79000092,19.15106597,0.02811304433
KNX,0.005484841929,0.03715719001,0.532,True,,0,0.8920163021,65.05000305,19.3313772,0.01925081044
KO,0.008337618373,-0.1362600319,0.066,False,,0,0.2119415852,87.76999664,21.06384487,0.008300518235
KOD,-0.016064299,0.2136196333,0.925,True,,0,-0.0902273806,94.26000214,19.55045958,0.0768323052
KR,-0.005385512191,-0.05877029757,0.238,False,,0,-0.09598210178,61.40999985,20.05635442,0.01728965947
KRMN,-0.02941425833,0.2197150195,0.936,True,short,-0.02,2.033055238,31.69000053,18.7482681,0.03910606795
KTOS,-0.01920363753,0.1758928786,0.871,True,,0,2.122506821,41.93000031,19.14576977,0.02701172425
KVUE,0.003847099165,-0.1226422613,0.101,False,,0,0.4422554302,17.72999954,19.82192851,0.009370271487
L,0.004767149835,-0.1598742642,0.026,False,,0,-0.1062411073,107.5999985,18.59983637,0.009279390906
LAD,-0.009790415901,0.05850528723,0.595,True,,0,-0.2210607283,288.8699951,18.4985707,0.02769334882
LDOS,0.01133722406,0.04601338669,0.561,True,,0,0.7313651254,119.2200012,18.92098264,0.01934698742
LECO,0.002374950114,0.02637637137,0.497,False,,0,1.248728232,258.7799988,18.46885614,0.01549504928
LEN,-0.01264437535,0.07480793779,0.63,True,,0,1.261421413,77.59999847,20.04297076,0.02491152935
LEU,-0.007247460954,0.2118474558,0.917,True,,0,3.804369255,142.0899963,18.56294481,0.03214624384
LH,0.005931577844,-0.0501933989,0.266,False,,0,0.466995222,314.2000122,19.3573903,0.01449456957
LHX,-0.0009147507064,-0.08283882157,0.183,False,,0,-0.1859429298,236.9199982,19.77694888,0.01243100789
LII,0.003663258973,0.05934254172,0.597,True,,0,1.59381471,361.5400085,18.99686902,0.01822403387
LIN,0.00263405277,-0.1592084676,0.027,False,,0,0.1169796701,481.7000122,20.74517601,0.00999416774
LITE,0.01625680257,0.2513004355,0.971,True,long,0.02,2.234707344,1048.599976,22.24063878,0.03720077933
LLY,0.02207896106,0.01059651669,0.447,False,,0,-0.1482276635,1169.599976,21.70254224,0.01758203118
LMT,0.003740763061,-0.1048478377,0.132,False,,0,-0.1780625029,507.8900146,20.21812528,0.01313109066
LNG,0.009812126384,-0.03722467272,0.302,False,,0,-0.6529399924,277.8800049,20.06887449,0.01579683047
LNT,0.005279985829,-0.1413660237,0.057,False,,0,0.1594341176,65.5,19.05648382,0.009818762181
LOW,-0.001098367578,-0.02494370414,0.337,False,,0,0.8816269659,188.8500061,20.28133081,0.01435891904
LPLA,-0.0009930735658,0.01919741848,0.472,False,,0,0.4112324688,328,19.46893134,0.02433552154
LQDA,-0.03306653382,0.2503626512,0.969,True,short,-0.02,0.5118955685,28.02000046,18.94910859,0.1284937772
LRCX,0.02081870703,0.1726822068,0.866,True,long,0.02,2.191315071,320.5899963,21.77366117,0.02335741186
LSCC,0.007823408795,0.1712202801,0.862,True,,0,2.333536771,124.9800034,19.28979999,0.02515812054
LTH,0.005429132239,0.0280844202,0.504,True,,0,0.03117633049,40.27999878,18.75119866,0.02347117853
LULU,0.007810096736,0.03166757844,0.513,True,,0,0.9291126098,92.68000031,20.03452072,0.02013541845
LUNR,-0.02579249699,0.2395418719,0.958,True,short,-0.02,3.533889057,13.69999981,18.62634414,0.03904432687
LUV,-0.001828227649,0.1071992649,0.73,True,,0,1.641147256,41.36000061,19.45016795,0.01761756692
LVS,-0.00293610465,-0.0415385256,0.29,False,,0,0.2983042731,36.09999847,19.25299902,0.01434706004
LW,-0.004548639013,0.08305510512,0.66,True,,0,0.8918735438,49.45999908,18.61366945,0.02410901801
LYB,0.004231807868,0.04205055241,0.543,True,,0,-0.866711653,60.34000015,19.26897884,0.01778430408
LYFT,0.003697822717,0.07793521941,0.642,True,,0,1.495742938,16.12999916,18.76359425,0.01807273171
LYV,0.005710846877,-0.0557935785,0.247,False,,0,0.4973872093,171.3399963,19.64187114,0.01423087627
M,0.002416803459,0.06767562371,0.616,True,,0,1.459195175,22.79000092,18.8481497,0.02400800361
MA,0.006891329269,-0.1431475979,0.05,False,,0,0.09730195806,574.7600098,21.19460978,0.01051142183
MAA,0.003341658169,-0.1343786512,0.069,False,,0,0.1003888945,116.1900024,18.879858,0.01140039201
MANE,-0.01724050896,0.2708247927,0.986,True,,0,1.258332411,126.6299973,18.49386474,0.0438442225
MANH,-0.004413133586,0.003154744642,0.419,False,,0,-0.5223560014,206.7799988,18.63087335,0.0171974536
MAR,0.008022584961,-0.09015599962,0.165,False,,0,-0.1640187473,361.0799866,20.06413592,0.0121595582
MARA,-0.03250111814,0.236107943,0.953,True,short,-0.02,2.515600928,9.909999847,20.06966698,0.04076522135
MAS,-0.001434950847,0.02464580759,0.486,False,,0,1.643979643,69.5,18.93202918,0.01523246934
MAT,-0.01610421318,0.119630719,0.755,True,,0,0.6767075307,16.57999992,18.67202411,0.04948417463
MCD,-0.001191540794,-0.09615455197,0.153,False,,0,0.2413823693,236.8999939,21.18664743,0.01328605676
MCHP,0.001717038624,0.1128132024,0.743,True,,0,2.27084542,75.51999664,20.27850936,0.0198213193
MCK,0.006190105266,-0.04565223573,0.276,False,,0,0.06806171159,930.25,20.44507024,0.01509301258
MCO,0.001220748641,-0.08469224848,0.175,False,,0,0.5112839777,458.6900024,19.77219183,0.01317983047
MDB,0.004210848284,0.1491212379,0.818,True,,0,1.665827769,371.3500061,20.82185046,0.03794193166
MDGL,0.01109038847,0.04645289513,0.562,True,,0,0.4094826343,476.9100037,18.67339438,0.02021729662
MDLN,0.001988343759,0.09317534523,0.692,True,,0,1.557547853,35.74000168,19.60242248,0.02186987495
MDLZ,0.004700755213,-0.1250563477,0.092,False,,0,-0.1144795526,60.66999817,19.99631533,0.01095035043
MDT,-0.0185043394,-0.01538859787,0.357,False,,0,0.1672474544,87.75,21.52257445,0.01418777739
MEDP,0.003834872984,-0.01289883966,0.365,False,,0,-0.2083779356,602.7000122,18.89693976,0.01915444478
MELI,-0.001293218478,-0.0148183546,0.361,False,,0,0.7537675625,1856.660034,20.94666167,0.01744078733
MET,0.007173613482,-0.1069059968,0.129,False,,0,0.2123420342,98.47000122,19.58531794,0.01272875153
META,0.008243141042,-0.003299779914,0.396,False,,0,0.588458108,720.8900146,23.48171265,0.0228214203
MGM,-0.008101555039,0.006543854542,0.431,False,,0,0.8386492116,30.01000023,19.02383316,0.01861590795
MGY,0.005188084656,0.02763560733,0.502,True,,0,-1.060108149,24.47999954,18.67977829,0.01928684636
MHK,0.007149508042,0.08546013144,0.665,True,,0,1.850310074,119.4400024,18.77870775,0.0205969639
MKC,-0.00223995923,-0.02711988675,0.33,False,,0,0.3325661766,45.93999863,19.12474134,0.01943429639
MKL,0.001615337611,-0.1333223949,0.072,False,,0,-0.02689887894,1767.819946,18.74685331,0.009284342491
MKSI,-2.878856969e-05,0.1687746959,0.855,True,,0,2.206809353,260.3800049,19.5828173,0.02245101677
MKTX,0.002769304983,-0.339031956,0.006,False,,0,0.7373710098,164.3099976,18.76366731,0.001360035287
MLI,0.004480902951,-0.003348804921,0.395,False,,0,0.7989689604,60.49000168,18.57886619,0.01447329975
MLM,-0.01253769384,0.01548436869,0.459,False,,0,0.9700272528,481.5700073,19.8608554,0.01625973524
MMED,-0.01509099831,0.1594341561,0.837,True,,0,0.3755578901,19.79999924,18.57273343,0.02602347192
MMM,0.003849980715,-0.06198770139,0.23,False,,0,0.9252191868,163.5800018,20.03596803,0.01291872993
MNST,0.009120425389,-0.06572210878,0.224,False,,0,0.1021461807,43.65000153,19.87427981,0.01274883187
MO,0.0107180943,-0.09981752001,0.141,False,,0,-0.6300993229,71.41999817,20.13044768,0.01169962394
MOD,-0.01883223786,0.2026990013,0.905,True,,0,2.199246451,181.8899994,19.37851684,0.03367192197
MOG-A,0.01182291139,0.08967212824,0.682,True,,0,1.101170499,362.9200134,18.5718668,0.02014141615
MOH,0.007785144017,0.04847253788,0.569,True,,0,0.4303019007,195.7599945,18.66091578,0.02152440814
MOS,-0.01338356099,0.08544720268,0.664,True,,0,0.6794857844,19.72999954,19.11426217,0.02678804199
MP,-0.02033535648,0.1471598892,0.811,True,,0,3.379936971,46.13999939,19.33494619,0.02475555805
MPC,0.007218204326,0.1032643149,0.721,True,,0,-0.2594398418,463.3399963,20.93971526,0.02585815472
MPWR,0.007449534438,0.1433550603,0.806,True,,0,1.123495365,1369.800049,20.6775972,0.02414096079
MRK,0.01416585358,-0.02915274814,0.319,False,,0,0.6869375444,142.3800049,21.08768563,0.01403900498
MRNA,-0.02334944116,0.2659010002,0.984,True,,0,3.981494407,197,21.84826211,0.04732706297
MRSH,0.008101052521,-0.09238938208,0.158,False,,0,-0.08770652601,176.6699982,20.06202638,0.01267627871
MRVL,0.0251881467,0.260646149,0.979,True,long,0.02,2.604011366,274.6600037,22.35020601,0.02987873211
MS,0.01131341969,0.00356666743,0.421,False,,0,1.120086456,187.4400024,20.86053544,0.01469319883
MSCI,0.00165891777,-0.09823239922,0.145,False,,0,-0.0643150867,561.6699829,19.58070356,0.01299930537
MSFT,0.01526033956,-0.03962107805,0.298,False,,0,1.139541542,522.6099854,23.14645977,0.0134597155
MSGS,0.01123713515,-0.03401152645,0.308,False,,0,0.289113911,407.1700134,18.65311596,0.01768106123
MSI,0.002071703406,-0.1239314305,0.096,False,,0,0.153742592,447.1199951,19.78340191,0.01102619059
MSTR,-0.03187394085,0.215320633,0.927,True,short,-0.02,3.049348024,151.4700012,21.97647395,0.03433166455
MTB,0.005854117552,-0.1033309968,0.135,False,,0,0.4869470893,217.5599976,19.31743445,0.01260577579
MTCH,0.003539532163,-0.02438912584,0.338,False,,0,0.5388812387,41.5,18.80120114,0.01735845692
MTD,0.01220390884,-0.01172585756,0.368,False,,0,0.5091563493,1529.459961,19.59281457,0.02015200938
MTN,0.004342081577,0.001186640349,0.411,False,,0,0.4139408842,146.0899963,18.84978723,0.02216731518
MTSI,0.02890543027,0.2170531509,0.93,True,long,0.02,2.010019902,322.2099915,19.78096086,0.02873844975
MTZ,-0.004363499226,0.1717440448,0.863,True,,0,1.935329637,216.6600037,19.608934,0.03038127175
MU,0.02380714509,0.1784040616,0.877,True,long,0.02,2.404695486,1035.839966,24.01306988,0.02461267797
MUSA,0.008805564064,-0.02970870261,0.318,False,,0,-0.8402270843,518.2199707,18.59220759,0.01449020678
MXL,-0.02757424485,0.3075949783,0.998,True,short,-0.02,3.23687304,93.69999695,19.45702735,0.04807922055
NBIS,-0.005394675341,0.2401065035,0.959,True,,0,4.248937944,219.7100067,22.03269654,0.03839290907
NBIX,0.00252024748,-0.02414143708,0.34,False,,0,0.6199728017,141.25,19.14850753,0.01659185141
NCLH,-0.003610054325,0.1028772887,0.718,True,,0,1.232692228,15.48999977,19.58908172,0.02352063279
NDAQ,0.001545976575,-0.08572573876,0.174,False,,0,0.2495451179,92.37000275,19.56833943,0.01426578323
NDSN,0.007842425964,-0.09187287624,0.16,False,,0,0.6105835498,326.8699951,18.60199895,0.0106892446
NEE,0.003425817952,-0.1357176216,0.067,False,,0,0.3264122829,77.37000275,20.74519898,0.01058347105
NEM,0.005403005235,0.0536881235,0.586,True,,0,1.759374555,115.5500031,20.41985902,0.01561776053
NET,-0.007029124402,0.1492512516,0.819,True,,0,1.316170853,341.8900146,20.75315641,0.03025240582
NEU,0.003071243899,-0.05707665096,0.241,False,,0,0.6249339407,903.6300049,18.53090256,0.0146385759
NFLX,0.004118921285,-0.01639282944,0.353,False,,0,0.6064436907,71.56999969,21.70832099,0.01407836646
NI,0.002753945719,-0.1329510933,0.075,False,,0,0.1438054153,40.52999878,19.23817214,0.009837805661
NKE,0.006885924029,0.01349373176,0.453,False,,0,0.2748184119,34.74000168,21.24744863,0.01805439158
NKTR,-0.02201502265,0.1598057822,0.838,True,,0,0.7500533207,40.79999924,18.51637093,0.04670522397
NLY,0.004333090228,-0.06444762923,0.225,False,,0,0.7732041877,18.27000046,19.47103615,0.01444180552
NNN,0.006862366679,-0.1253804134,0.089,False,,0,0.1537529957,40.27000046,18.47002661,0.01211490042
NOC,0.003468743895,-0.05274679996,0.254,False,,0,-0.1197119204,484.480011,20.01264082,0.01363137428
NOK,-0.008986548655,0.1659052572,0.851,True,,0,2.173036664,10.14000034,20.61233325,0.0239821055
NOW,0.0009530237342,0.1262161107,0.767,True,,0,0.5589472445,139.75,21.14301831,0.02306611336
NRG,-0.00895940365,0.1555998061,0.828,True,,0,0.3160268964,106.3199997,19.60960444,0.02488268674
NSC,0.01185553471,-0.1391544731,0.06,False,,0,0.02986881508,316.9899902,19.55117954,0.009836734983
NTAP,0.02597622902,0.1029462943,0.719,True,long,0.02,0.5338221877,231.0500031,20.1307935,0.02459550905
NTNX,-0.002801708388,-0.006898004177,0.384,False,,0,0.7536742828,73.11000061,19.01686265,0.01614309091
NTR,0.006805634664,-0.04953143559,0.269,False,,0,-0.248347396,69.87000275,19.0154085,0.01750271062
NTRA,0.01669665257,0.1313552346,0.778,True,long,0.02,1.682228099,390.7900085,20.46096363,0.02718719521
NTRS,0.007274249189,-0.0846474717,0.176,False,,0,0.5073246818,168.5,19.05617738,0.01309990414
NTSK,-0.01186075112,0.1935699753,0.897,True,,0,1.139262208,19.61000061,18.6926086,0.03608118243
NU,-0.01031452168,0.1068002068,0.729,True,,0,1.884581923,15.38000011,20.89279161,0.02025620318
NUE,0.006450895243,0.03934531347,0.539,True,,0,0.8760320984,246.1399994,19.58543447,0.01726186408
NVDA,0.01112714481,0.01648396753,0.468,False,,0,1.265869087,230.4799957,23.92921241,0.01204047223
NVMI,-0.01668487136,0.1385825076,0.793,True,,0,2.187794122,354.5899963,18.9746785,0.01980148599
NVO,0.001781015174,-0.04549559963,0.278,False,,0,0.4336159011,38.18000031,20.2201775,0.01303169922
NVR,0.001399467542,-0.02746171867,0.327,False,,0,0.6565849849,6002.549805,19.37333701,0.01421231809
NVS,0.004848951136,-0.1191990586,0.106,False,,0,0.3091272419,143.1100006,19.43372748,0.008417032778
NVT,0.01574297694,0.1645496746,0.848,True,long,0.02,1.497770695,164.1999969,19.56782009,0.02193121819
NVTS,-0.01298915177,0.2389006165,0.957,True,,0,4.297928559,10.93000031,18.99481751,0.03632749773
NWSA,0.004863213998,-0.05120731286,0.262,False,,0,0.2300921095,28.96999931,18.70412975,0.01504188027
NXPI,-0.007419637877,0.08927280865,0.681,True,,0,1.540614483,231.0700073,20.47540016,0.01828841754
NXT,-0.01318640606,0.1853206479,0.889,True,,0,2.549084875,85.26000214,19.00046588,0.02739866447
NYT,0.007120318066,0.004158837153,0.425,False,,0,0.03517869198,66.59999847,19.26744868,0.02581242522
O,0.002833246112,-0.1615514906,0.022,False,,0,0.200156946,54.16999817,20.09456339,0.009923594114
OC,-0.002887599499,0.07565476306,0.635,True,,0,1.535063756,117.1999969,18.8054044,0.02139318138
ODFL,0.006257375588,0.009748009665,0.445,False,,0,0.6370200103,181.6499939,19.6068043,0.01620532161
OKE,0.008457135357,-0.02697257423,0.331,False,,0,-0.5313650588,90.29000092,19.6866201,0.01592479206
OKLO,-0.02940629692,0.2259216507,0.939,True,short,-0.02,4.033807925,34.56999969,19.80691351,0.03306432713
OKTA,0.006144178347,0.1182578174,0.751,True,,0,0.5131524011,220.2100067,20.44523376,0.03100514274
OLLI,-0.009470459153,0.06246501029,0.605,True,,0,1.189810368,86.70999908,18.80426001,0.02172342651
OMC,0.001663180183,-0.04505729006,0.279,False,,0,0.5553707884,76.44999695,19.27652998,0.01354596245
ON,-0.002804902811,0.1706166249,0.86,True,,0,1.885556415,79.41000366,20.67908984,0.02972008991
ONB,0.00477069086,-0.1125351219,0.117,False,,0,0.3750678433,24.72999954,18.65674069,0.01292875049
ONC,0.003574007935,0.0322006053,0.516,True,,0,0.714803574,350.1300049,18.69329231,0.01427607141
ONDS,-0.02379715616,0.2026812326,0.904,True,,0,3.802627385,6.849999905,19.92464208,0.02920236967
ONON,0.0005625215429,0.06818699743,0.617,True,,0,0.653774576,34.04000092,19.75219471,0.02243819601
ONTO,0.003228545467,0.203258762,0.906,True,,0,3.168692683,292.6700134,19.29284845,0.02628697556
OPCH,-0.003578961065,-0.08367491095,0.18,False,,0,0.01868225706,31.04999924,19.07416323,0.0180028182
ORCL,-0.0004499549295,0.1629615168,0.844,True,,0,2.686885407,135.6900024,22.29300418,0.02707556263
ORLY,0.003343656056,-0.06647170851,0.219,False,,0,0.4649130642,86.01000214,20.13085624,0.01223749735
OSCR,0.001734509071,0.157926256,0.833,True,,0,1.131133125,33.09999847,18.97796428,0.03227006718
OTIS,-0.00011344448,-0.07645672816,0.194,False,,0,0.3493128718,66.11000061,19.65514097,0.01442146417
OVV,0.004015197657,0.042391311,0.545,True,,0,-0.70506245,63.36999893,19.09661567,0.01798767469
OWL,0.002756122952,0.1256180257,0.766,True,,0,2.141462699,9.270000458,18.98593013,0.02198150297
OXY,0.01245305784,0.0007491098867,0.41,False,,0,-0.815594089,60.27999878,20.14967347,0.01548243178
P,0.01291197563,0.203359025,0.907,True,long,0.02,1.774542624,150.5700073,20.66809686,0.03374244633
PAAS,-0.007314725163,0.0897817355,0.683,True,,0,1.820686342,45.31000137,18.77572934,0.0190485458
PANW,0.01064601143,0.1200575235,0.757,True,,0,0.4612835505,398.5,21.57718059,0.02862902682
PATH,-0.01367207919,0.1211737062,0.761,True,,0,1.527285212,13.25,20.16297515,0.02652324864
PAYC,0.003890241415,0.03064763922,0.509,True,,0,0.2048957948,229.8999939,18.89178323,0.01926314789
PAYX,-0.005637327215,-0.0472569773,0.274,False,,0,0.3824457585,104.4599991,19.79000088,0.01665278211
PBF,-0.01515648079,0.1926254676,0.895,True,,0,-0.04835612516,89.33999634,19.55323177,0.03954649376
PBR,-0.008544337874,0.04579328258,0.557,True,,0,-0.792700452,24.69000053,20.09345643,0.01583060864
PBR-A,0.008977275876,0.03687786052,0.531,True,,0,-0.642842647,22.13999939,19.02527897,0.01500009555
PCAR,0.009421670049,-0.05580981254,0.246,False,,0,0.6677991768,109.6600037,19.91136265,0.01549175549
PCG,0.006675971063,0.01556566014,0.46,False,,0,0.623192029,12.67000008,19.99512207,0.01800401881
PCOR,-0.0003479780742,0.1318423078,0.779,True,,0,1.086888726,54.77999878,18.80112229,0.02594411969
PCVX,-0.03684854887,0.1867645708,0.891,True,short,-0.02,1.493850612,65.01499939,19.18236021,0.04396235603
PDD,-0.002051164707,-0.06217919758,0.228,False,,0,0.1133362589,78.26000214,19.94553408,0.01318018017
PEG,0.006410309564,-0.1210355464,0.104,False,,0,0.2300274096,71.83999634,19.52130267,0.01119098451
PEN,0.002630394094,-0.3719906993,0.002,False,,0,0.1391761422,317.519989,18.67858422,0.002772903267
PENG,0.01489908389,0.2873954782,0.992,True,long,0.02,3.416886268,71.56999969,19.22889959,0.03975074041
PEP,-0.008218551486,-0.008775280363,0.379,False,,0,0.227519761,128.3399963,21.02785127,0.01163734451
PFE,0.005777125764,-0.1333170915,0.073,False,,0,0.3139605136,27.81999969,20.65275602,0.01058593917
PFG,0.006185008215,-0.1110424862,0.119,False,,0,0.2342996744,109.7699966,18.88258018,0.01331460946
PFGC,0.0007052746797,-0.05448124901,0.249,False,,0,0.2052136316,94.72000122,18.71510915,0.01442213013
PG,0.001512250487,-0.158867264,0.029,False,,0,0.2908248627,150.5899963,20.92612124,0.009798844014
PGR,0.004756172579,-0.1050142797,0.13,False,,0,-0.2782934784,218.7299957,20.28476071,0.01260570041
PH,0.008167562279,-0.05722649725,0.24,False,,0,0.6632611862,946.960022,20.06232521,0.01245328156
PHM,-0.0003776874826,0.01736225794,0.47,False,,0,1.237623228,113.5299988,19.17214993,0.01481873349
PHYS,-0.0005371628165,-0.03670162241,0.303,False,,0,0.9090993101,31.20000076,18.74135957,0.007669199476
PINS,-0.005452711759,0.08656389514,0.669,True,,0,1.218574973,20.53000069,19.44513193,0.02260333945
PKG,0.0003539871131,-0.06971952389,0.214,False,,0,0.7094028651,229.9400024,18.72482088,0.01135626241
PL,-0.01842880075,0.2268651518,0.942,True,,0,2.679942013,17.19000053,19.0403445,0.03095012074
PLD,0.005314974769,-0.1338993425,0.071,False,,0,0.2976068221,129.2899933,20.02190805,0.009679814544
PLNT,-0.0079920558,0.05104863347,0.578,True,,0,0.02603713776,44.02999878,18.64685195,0.03061654252
PLTR,0.005710323223,0.08633006803,0.668,True,,0,2.133454426,198.7799988,22.16893731,0.0195931199
PM,0.00989968106,-0.04436338802,0.282,False,,0,-0.3609448743,200.5,20.59302916,0.01436916127
PNC,0.007950216005,-0.1131683142,0.114,False,,0,0.5057166597,219.6799927,19.93603952,0.01340681995
PNFP,0.002153933844,-0.05954295162,0.235,False,,0,0.5735614049,94.66999817,18.55331009,0.0160261489
PNR,0.002598178334,0.0006847856118,0.409,False,,0,0.6718580406,52.29999924,18.74430805,0.01504729619
PNW,0.004290638579,-0.1437522984,0.048,False,,0,0.2389391451,97.98000336,18.67790918,0.01095392398
PODD,0.0007110066959,-0.01108216034,0.369,False,,0,0.4190316183,134.4700012,19.23871349,0.01791767875
POOL,-0.003015572205,0.04591849583,0.559,True,,0,1.161993463,158.1399994,18.80487549,0.01710480881
PPG,0.001309435231,0.006171174483,0.43,False,,0,1.322742154,105.4599991,19.03719913,0.01207223841
PPL,0.004630464422,-0.1417320212,0.055,False,,0,0.2888706292,34.09999847,19.24995814,0.009198779515
PR,0.0003588284707,0.05546319706,0.589,True,,0,-0.7425551842,22.84000015,19.27677473,0.01834649924
PRAX,0.02920550144,0.1442595474,0.808,True,long,0.02,1.035457172,263.5499878,18.81815187,0.0317201116
PRIM,0.005340995635,0.1710301114,0.861,True,,0,1.84179171,82.66000366,18.50455365,0.02835975901
PRU,0.008418335126,-0.1024400043,0.136,False,,0,0.5386079426,113.5299988,19.00696363,0.01196969977
PSA,0.00466302425,-0.1245546256,0.095,False,,0,0.1517268562,285.519989,19.41264011,0.01162791457
PSKY,-0.01891464174,0.178800654,0.878,True,,0,0.8740120732,9.279999733,19.58673372,0.04040967037
PSLV,-0.005378268405,0.07513265145,0.633,True,,0,1.557385831,19.39999962,18.70543909,0.01252190149
PSX,0.01421788519,0.06326345608,0.608,True,long,0.02,-0.2194680519,281.6000061,20.55474252,0.02173898055
PTC,0.01563580676,-0.08748549365,0.171,False,,0,1.035755966,193.7299957,20.32545909,0.01770849014
PTGX,0.008901390363,0.07235281141,0.626,True,,0,0.7688274796,139.9100037,18.56377736,0.02101161981
PURR,-0.06281409397,0.265237662,0.982,True,short,-0.02,3.402921726,11.30000019,19.41171716,0.04556910058
PWR,0.003081409,0.09281658114,0.691,True,,0,1.255466425,685.3300171,20.1947168,0.02033855498
PYPL,0.006954088839,-0.005599554479,0.387,False,,0,0.8882520102,55.02000046,20.26640424,0.01655514681
Q,0.006038538726,0.1356822935,0.787,True,,0,1.456571441,126.6800003,19.03298545,0.02102396517
QBTS,-0.01722392923,0.2118133964,0.916,True,,0,4.264876355,14.60000038,19.37590796,0.03498183493
QCOM,0.007119378777,0.1086447811,0.732,True,,0,1.63205381,176.0099945,21.66202842,0.02828055109
QLYS,0.001357556701,0.1674058607,0.852,True,,0,0.4292241886,193.8600006,18.74327113,0.03532546072
QSR,0.005022707357,-0.08406609678,0.178,False,,0,0.4441617405,70.66000366,19.30941573,0.01336378891
QXO,0.004444503096,0.2042219026,0.908,True,,0,3.404357559,11.11999989,19.42400965,0.02954673492
RACE,-0.01607329651,-0.03810514317,0.3,False,,0,0.9489916822,388.2799988,18.99455482,0.01031222526
RAL,0.007669570825,0.08067910157,0.648,True,,0,0.4921432481,71.86000061,18.46731713,0.01730628202
RBA,0.002426629753,0.03577286777,0.527,True,,0,0.485698374,84.02999878,18.83607809,0.01688788185
RBC,0.007617474081,-0.00180344818,0.401,False,,0,0.7768544275,490.9899902,18.91097716,0.01426648531
RBLX,-0.001862478943,0.1694385154,0.857,True,,0,1.451099862,45.52000046,20.17530886,0.03058310011
RBRK,-0.007487224377,0.1625839044,0.843,True,,0,1.419987431,120.8899994,19.67506815,0.03183366551
RCL,-0.003902296929,0.05605278025,0.591,True,,0,0.7096369014,281.4100037,20.56257328,0.0260623452
RDDT,-0.01028879851,0.1372301199,0.791,True,,0,2.554674121,156.4700012,20.38312791,0.02643591445
RDW,-0.02908670859,0.2329773256,0.95,True,short,-0.02,3.680754878,9.760000229,18.84463627,0.03874809554
REGN,0.005231230194,0.0006608992651,0.408,False,,0,0.7973636601,739.5700073,20.19032372,0.01690071731
REXR,0.006190084518,-0.08120610246,0.187,False,,0,0.03015747088,37.22999954,18.58334983,0.01371580287
RF,0.005763589211,-0.09850149709,0.144,False,,0,0.6107456189,27.06999969,19.46181762,0.0137290729
RGEN,-0.01762930394,0.1187026248,0.752,True,,0,1.149075934,163.8399963,19.26030429,0.03034383703
RGLD,0.003184258274,0.04514113709,0.553,True,,0,1.495356963,231.1799927,18.93501457,0.01578843017
RGTI,-0.03087061689,0.2162364007,0.928,True,short,-0.02,4.055476853,14.14000034,19.31108299,0.03288124046
RH,-0.01192955628,0.1599400954,0.84,True,,0,1.818402197,113.6699982,18.50681351,0.02818508401
RIG,0.007182645858,0.09606838135,0.7,True,,0,0.02459977102,5.539999962,19.24815782,0.02505066527
RIO,0.01376017239,-0.01289284166,0.366,False,,0,0.9216297562,93.33999634,18.9994383,0.0103736329
RIOT,-0.05312981953,0.238332288,0.956,True,short,-0.02,3.031079962,16.84000015,19.70625383,0.03839037857
RIVN,-0.02303965319,0.1194965215,0.754,True,,0,1.80114527,14.32999992,19.76417442,0.02578096087
RJF,0.0008969567487,-0.08319859121,0.182,False,,0,0.4706962488,158.6000061,19.17262595,0.01500960964
RKLB,-0.005506676798,0.2147721895,0.926,True,,0,3.145897543,68.40000153,21.12904178,0.0329340306
RKT,-0.003664823985,0.1768875236,0.872,True,,0,2.191968909,11.76000023,20.00717348,0.02930934758
RL,0.00504796357,-0.01646957462,0.352,False,,0,0.5854411366,367.3900146,19.18814381,0.01675423324
RMBS,-0.0006005653647,0.1934434814,0.896,True,,0,2.469987417,108.4700012,19.33102823,0.03183062452
RMD,-0.0009501272407,-0.07103019802,0.209,False,,0,0.192654908,226.7299957,19.38022268,0.01377106341
RNG,0.002650179139,0.1275202578,0.772,True,,0,0.7808641246,78.34999847,18.61060938,0.02658929391
RNR,0.007564544898,-0.07964951963,0.189,False,,0,-0.181018492,331.3399963,18.55979945,0.01273768349
ROIV,0.02642252443,0.04871725665,0.571,True,long,0.02,0.6964970835,34.20999908,19.4814301,0.02066402809
ROK,0.01054821889,-0.01015353308,0.373,False,,0,0.3508102105,434.1400146,19.54705773,0.0145565099
ROKU,0.01043528242,-0.1662463561,0.015,False,,0,0.3158574874,153.8099976,19.38741457,0.007730264721
ROL,0.01137056176,0.01638262479,0.466,False,,0,0.3049871692,32.25999832,19.43480343,0.0170889544
ROP,0.002426693805,-0.03727030519,0.301,False,,0,-0.1563719074,364.230011,19.62572021,0.01399523458
ROST,0.00910625755,-0.07106143364,0.208,False,,0,0.3942195489,225.1999969,19.96955554,0.01316913404
RPM,-0.008707509531,0.03199186792,0.515,True,,0,0.9530212065,99.43000031,18.57215456,0.01588063813
RPRX,0.01221993399,-0.07327992769,0.201,False,,0,0.4139472616,56.20999908,18.95706335,0.0120107235
RRC,0.005004617839,-0.02623310857,0.333,False,,0,-0.277434562,40.77000046,18.55279406,0.01770235428
RRX,0.008135628883,0.1101965657,0.735,True,,0,1.814598221,160.0099945,19.03537059,0.02033528002
RS,0.007301934458,-0.03070429218,0.316,False,,0,0.4332349142,396.9100037,18.52459789,0.01514327935
RSG,0.005311854062,-0.153665429,0.039,False,,0,-0.2388571746,216.8399963,19.59737721,0.009640141121
RTX,0.01111977414,-0.1130420943,0.115,False,,0,-0.06937511979,184.3200073,20.47996218,0.01209313132
RVMD,0.01569003223,0.1474468316,0.813,True,long,0.02,0.7274499423,188.1199951,19.92231879,0.02774586795
RVTY,0.0008979653938,0.08181266772,0.654,True,,0,0.3199642743,152.1600037,19.66089454,0.02748734334
RY,0.01042140918,-0.129812379,0.08,False,,0,0.6688466842,190.5599976,19.1860876,0.009035659499
S,-0.00356608673,0.09138454896,0.687,True,,0,0.7160509354,25.39999962,19.19808865,0.03095901487
SAIA,0.0008107990856,0.05702668869,0.593,True,,0,0.8760103636,341.2600098,18.60597638,0.02108828211
SAIL,-0.004215610686,0.1401711922,0.796,True,,0,0.8703439859,20.02000046,18.59380252,0.03688268195
SAN,0.006416095578,0.0364683454,0.529,True,,0,1.449981814,13.47999954,18.60701186,0.01113353467
SANM,0.008243030013,0.1584806717,0.834,True,,0,2.206322109,210.4799957,18.68524697,0.02883877816
SAP,-0.009075439981,0.009376555434,0.444,False,,0,0.6937088137,212.3999939,19.73344885,0.01336469964
SBAC,0.003615275863,-0.007670752935,0.382,False,,0,0.440437815,170.0099945,18.92022558,0.01751669964
SBUX,-0.003680596999,0.02616526071,0.494,False,,0,0.4259716785,93.20999908,20.52104933,0.01628208966
SCCO,0.008526349447,0.08841634529,0.678,True,,0,1.914088907,198.6600037,19.05023913,0.01862763955
SCHW,0.004481517857,-0.1102969719,0.12,False,,0,0.1111149624,96.87000275,20.56220873,0.01490872075
SE,0.0018544032,0.05063029743,0.577,True,,0,1.194992263,92.88999939,19.77655475,0.01802286199
SEI,0.01055422739,0.2265701278,0.941,True,,0,2.333710175,73.08000183,19.02275645,0.03247829351
SF,0.004881908861,-0.06606449416,0.221,False,,0,0.6502643949,70.11000061,18.46877259,0.01644728939
SFM,0.005996314238,0.05191255981,0.581,True,,0,0.5581563163,66.01000214,18.79160573,0.02161378213
SGI,0.0005672124383,0.08264991603,0.658,True,,0,1.664907174,62.34000015,19.06202438,0.01962950712
SHOP,-0.0003614149273,0.1150622238,0.747,True,,0,1.793512417,164.5599976,21.06121396,0.02826548959
SHW,0.0006071079186,-0.01734774565,0.35,False,,0,1.216305104,321.0299988,20.15902515,0.01448046983
SIMO,-0.01119182271,0.2466772188,0.967,True,,0,2.111581236,261.8900146,19.11045312,0.03589852937
SIRI,0.007878805185,-0.02538000801,0.335,False,,0,0.4719597329,26.32999992,18.63578128,0.01651506568
SITM,-0.01475636607,0.2204114012,0.937,True,,0,2.910051055,645.0599976,19.48863625,0.03323140033
SJM,0.007321490657,-0.04048593169,0.294,False,,0,0.1713500529,119.4100037,18.83392778,0.01327717249
SKHY,0.001287546335,0.168356887,0.854,True,,0,2.329101215,170.5,21.98469538,0.02339824606
SLB,0.01824775647,0.02520662546,0.489,False,,0,0.3500911121,48.97999954,20.36839614,0.01904779609
SM,0.003517657134,0.1129284966,0.744,True,,0,-1.403679952,37.08000183,18.79230162,0.02338831963
SMCI,-0.01988156271,0.2119184475,0.918,True,,0,3.010077218,42.77000046,21.14977965,0.03177785233
SMMT,-0.02891297029,0.2044783014,0.909,True,short,-0.02,1.650506385,17.17000008,18.66910531,0.04135920553
SMR,-0.03895134046,0.2367837599,0.955,True,short,-0.02,3.567649977,7.320000172,19.59589947,0.03821252602
SMTC,0.0128660095,0.2519811402,0.972,True,long,0.02,2.049350561,187.4900055,20.20445878,0.03626143069
SN,0.003334139998,0.07310200144,0.627,True,,0,0.7600153691,184.8699951,19.61306182,0.02267892068
SNA,0.006157205634,-0.1285694227,0.083,False,,0,0.4596528209,358.8800049,18.52753356,0.009862083102
SNAP,-0.007907017648,0.1556612476,0.829,True,,0,2.244919502,5.860000134,19.03110751,0.02786596895
SNDK,0.002463171042,0.2233413676,0.938,True,,0,2.84478961,1609.459961,23.42183248,0.03256421895
SNOW,0.01034017882,0.09014652689,0.684,True,,0,1.143377541,343.3999939,21.01820589,0.0238640079
SNPS,-0.008796928686,0.08865805617,0.68,True,,0,1.386387772,497.75,20.81722611,0.02478291418
SNX,0.008023264383,0.06592317461,0.611,True,,0,1.022402685,267.4599915,19.58172056,0.02504762772
SNY,0.001250914736,-0.1101289226,0.123,False,,0,0.2191941578,40.22999954,18.67000063,0.008853410634
SO,0.00209818606,-0.1570978424,0.032,False,,0,0.004420682351,86.15000153,20.14359194,0.008779644167
SOFI,0.004113206872,0.1216069745,0.762,True,,0,3.200586518,15.60999966,20.46746469,0.02010530107
SOLS,0.002630054805,0.08068110778,0.649,True,,0,0.7365175615,60.22999954,18.63603401,0.01998581108
SPCX,-0.004876482122,0.1430814076,0.805,True,,0,2.516173265,160.5700073,23.41098859,0.02627576021
SPG,0.008596092019,-0.1603108936,0.025,False,,0,0.1619546147,199.6100006,19.33181838,0.008763369267
SPGI,-0.002343532077,-0.08633992837,0.172,False,,0,0.1966221447,402.730011,20.45555746,0.01203066538
SPHR,-0.0268901721,0.175721448,0.87,True,short,-0.02,1.782072929,109.25,18.49219534,0.03331597359
SPOT,0.001304056092,0.01981045157,0.474,False,,0,-0.2392792602,526.4199829,20.44214304,0.02154291975
SPXC,-0.00283207395,0.08548554015,0.666,True,,0,1.052463995,168.5800018,18.62315824,0.02009261687
SPYM,0.003543225035,-0.2817300733,0.008,False,,0,0.6908200937,91.06999969,20.94618722,0.00473329443
SRE,0.002976043979,-0.1302952154,0.079,False,,0,-0.1360905356,80.08000183,19.45042117,0.01005585995
SRRK,-0.0167579826,0.1265864201,0.769,True,,0,0.8769381494,42.20000076,18.60442111,0.03467814835
SSNC,0.002566740169,-0.09169410855,0.161,False,,0,0.4551993445,80.65000153,18.56986649,0.01172663564
STE,0.001886923157,-0.1048947613,0.131,False,,0,0.2894396558,210.7599945,18.78981396,0.01140571735
STLD,0.005656362749,0.0458608541,0.558,True,,0,0.9409794951,234.1699982,19.25238246,0.01921158917
STM,0.005504324307,0.1349541272,0.785,True,,0,2.484388474,52.70999908,20.00745721,0.01640997316
STRC,0.006060721192,-0.3198960698,0.007,False,,0,0.6307518982,99.44999695,18.84962576,0.003650783862
STRL,-0.004543043162,0.2328548908,0.949,True,,0,1.548286792,518.4099731,19.46374644,0.03124398989
STT,0.01032198347,-0.04957346102,0.268,False,,0,0.6236196435,175.0899963,19.82868934,0.01343477128
STX,0.01065125936,0.217202263,0.931,True,,0,0.6636979919,774.8300171,22.10898681,0.03347803417
STZ,0.0004201190968,0.02145776422,0.478,False,,0,0.2037220639,123.6299973,19.59915477,0.01701765691
SU,0.008568328572,-0.001724647004,0.402,False,,0,-0.8365651237,70.91000366,19.36093682,0.01492445925
SUI,0.004012411919,-0.1345649701,0.068,False,,0,0.09103884986,111.8000031,18.72376263,0.01042189719
SUNB,0.0008476033039,0.1060332852,0.727,True,,0,1.342466732,74.84999847,19.66223846,0.02195037379
SW,0.006124049985,0.04182807809,0.542,True,,0,1.541143087,41.45000076,19.11691863,0.0158883693
SWK,0.002547403527,0.0869795076,0.673,True,,0,1.535125072,89.16999817,18.87536751,0.0166209598
SWKS,0.001490765579,0.1487011143,0.817,True,,0,1.286463784,80.75,20.46914667,0.03761075103
SYF,0.002364766816,0.001742051475,0.413,False,,0,1.181036389,73.72000122,19.17121566,0.01589674911
SYK,0.0004908421906,-0.03396494891,0.309,False,,0,0.4749514911,276.9700012,20.48610318,0.01513867191
SYNA,0.00203700306,0.03729739897,0.533,True,,0,1.908250604,119.0800018,18.58064852,0.0272917522
SYRE,-0.0115410479,0.1780741871,0.876,True,,0,1.171011481,79.90000153,18.74672542,0.03452823736
SYY,0.001779136684,-0.1235288025,0.098,False,,0,-0.01322715951,78.19999695,19.79137031,0.01175941595
T,0.005987247176,-0.08384415463,0.179,False,,0,-0.007356344484,24.87000084,20.68358435,0.01298077257
TAP,0.004143986344,-0.02545732826,0.334,False,,0,0.342800349,37.91999817,19.19463397,0.01590005793
TCOM,0.007933154942,-0.05847827702,0.239,False,,0,0.03698310776,37.95999908,18.86633662,0.0112973666
TD,0.01074398838,-0.09612555439,0.154,False,,0,0.717112391,114.0400009,19.32950287,0.009968925832
TDG,0.004652132033,-0.04946726566,0.27,False,,0,0.637349655,1089.300049,19.92688875,0.01378448867
TDY,0.0001766543797,-0.0737050776,0.2,False,,0,0.7250193323,604.8200073,18.96242552,0.01006372574
TEAM,-0.005043928978,0.1193459086,0.753,True,,0,1.529992668,203.5700073,20.13618736,0.02684879672
TECH,0.01597666902,-0.3544443993,0.005,False,,0,0.08641193691,72.44999695,19.29366584,0.001409782633
TECK,0.007722019135,0.07337458042,0.628,True,,0,1.752928079,64.81999969,19.00362161,0.01623192012
TEL,-0.003656694079,0.04751777194,0.565,True,,0,1.089931451,214.3099976,19.75119082,0.01653526417
TEM,-0.08324049241,0.2262307086,0.94,True,short,-0.02,3.06227517,69.27999878,20.2106184,0.05037351975
TENB,-0.0118425927,0.1867925942,0.892,True,,0,0.5440550325,39.00999832,18.93455326,0.03976350857
TER,0.003828003547,0.1978700225,0.899,True,,0,2.125482094,398.7200012,20.70274077,0.02610258247
TEVA,0.01542910904,0.01463344066,0.456,False,,0,0.3258503703,39.25,19.14577528,0.02007164737
TFC,0.003299484856,-0.1102670413,0.121,False,,0,0.5809429056,46.18000031,19.83362277,0.01405707586
TFX,-0.0002962196892,-0.00927372951,0.377,False,,0,0.3816273498,124.1900024,18.52799201,0.01756729741
TGT,0.01239249757,-0.004651303473,0.391,False,,0,0.7779771046,154.7599945,20.18910254,0.01409811975
TGTX,0.002655475173,0.09595421835,0.699,True,,0,0.1413173136,53.34000015,18.47617239,0.02565823714
THC,0.004931167656,-0.02776696726,0.324,False,,0,0.1540634387,260.5700073,19.03856118,0.01675804258
TJX,-0.001282631439,-0.1234161281,0.1,False,,0,0.0745995028,138.75,20.9244661,0.01332254019
TKO,0.0007674661581,-0.01700040427,0.351,False,,0,0.4163806319,181.6300049,19.17130879,0.01792806776
TKR,0.01018509233,0.01441927544,0.455,False,,0,0.7363440646,114.3399963,18.55640185,0.01514817768
TLN,-0.0311083355,0.1804550566,0.883,True,short,-0.02,1.174709355,359.2200012,19.66127235,0.02905021825
TMO,0.009937026847,-0.01447401894,0.363,False,,0,-0.09440566397,651.9799805,21.18144949,0.01772383069
TMUS,0.002776101153,-0.0599899286,0.234,False,,0,-0.09412221341,171.3099976,20.57997917,0.01672516309
TOL,-0.002311412195,0.02976284242,0.506,True,,0,1.421425323,134.8300018,18.90874909,0.01516136153
TOST,-0.003494422571,0.03829409985,0.536,True,,0,0.8550951278,30.53000069,19.38569556,0.02080039661
TPG,-0.001366981184,0.07777245527,0.641,True,,0,1.689317144,45.24000168,18.63109305,0.0208851469
TPL,0.00152338796,0.08118566906,0.652,True,,0,0.4689470508,357.7799988,18.76140201,0.02395940328
TPR,0.00599825818,-0.01612057529,0.355,False,,0,0.1033643775,115.8199997,19.6589491,0.01654869731
TRGP,0.009500797872,-0.00761663547,0.383,False,,0,-0.8333677936,288.4899902,19.67142467,0.01625429531
TRI,0.001938878765,0.08159998892,0.653,True,,0,0.637448414,101.5500031,18.78629649,0.02126406737
TRMB,-0.004073447701,0.0236349668,0.484,False,,0,0.8931005592,59.84999847,18.74399369,0.01590114717
TROW,0.003605638823,-0.08244487614,0.184,False,,0,0.7442395951,104.2300034,19.00721533,0.01219285978
TRP,0.008555397981,-0.1101690614,0.122,False,,0,-0.331605792,59.97999954,19.18360991,0.01185005659
TRU,0.002233199256,0.06154108747,0.604,True,,0,0.6645284546,64.58999634,19.11011044,0.02452396729
TRV,0.01277112755,-0.08872430447,0.166,False,,0,-0.1675982131,370.269989,19.98933104,0.01102829353
TSCO,0.004701684986,0.0148088029,0.457,False,,0,0.6842001956,33.47999954,19.61748619,0.01859849652
TSEM,-0.003933699035,0.2405171999,0.961,True,,0,3.130023023,228.75,20.00142243,0.0303189037
TSLA,0.006126520883,0.06107162636,0.602,True,,0,1.935538787,375,23.28897755,0.01694927941
TSM,0.0230920158,0.04970665006,0.575,True,long,0.02,1.465762459,457.9899902,22.2324557,0.01261178908
TSN,0.003278222703,-0.09220840067,0.159,False,,0,0.2293480559,52.34000015,19.02079305,0.01127167547
TT,0.007737830047,-0.01579934472,0.356,False,,0,0.6740163764,469.9400024,20.15832023,0.01459981906
TTAN,-0.004551532784,0.1473303709,0.812,True,,0,0.8620497335,72.93000031,19.09489273,0.03668217533
TTD,0.004235071301,0.06739219188,0.614,True,,0,0.190712779,12.34000015,19.65398841,0.02332602488
TTE,0.008885769358,-0.05059351732,0.264,False,,0,-0.6384529033,86.01999664,18.93687926,0.01050505682
TTMI,-0.02262747192,0.2305558007,0.946,True,,0,2.72726528,117.5,19.28514088,0.03468175015
TTWO,0.003250834733,0.008279604533,0.437,False,,0,0.3415133431,209.3699951,20.04470922,0.01746167799
TVTX,-0.0008019450598,0.08097786667,0.65,True,,0,0.4598357286,52.04000092,18.55974047,0.02587109272
TW,-0.004873215221,-0.05356105727,0.251,False,,0,-0.7093090535,109.6800003,18.7497608,0.01629307897
TWLO,0.002977262142,0.1532351504,0.825,True,,0,0.9764442555,275.769989,20.99311747,0.03547520318
TWST,-0.04431676348,0.2959098554,0.995,True,short,-0.02,2.68398921,152.0500031,20.08205886,0.06012731075
TXG,-0.05396648237,0.2756866935,0.988,True,short,-0.02,2.177431589,77.27999878,19.59286435,0.05645782928
TXN,0.009383303701,0.06947113636,0.621,True,,0,1.071698932,288.2000122,21.17922891,0.01652878133
TXRH,0.003107523712,-0.05168628173,0.26,False,,0,0.4639552759,162.7599945,19.24284363,0.01793559283
TXT,0.001931593623,-0.04047095243,0.296,False,,0,0.5645448632,73.22000122,18.83004237,0.01351932134
TYL,0.004433274003,0.0352620475,0.523,True,,0,0.2224131316,331.1499939,19.24641065,0.01848907255
U,-6.469549037e-05,0.1769780486,0.873,True,,0,1.570193153,45.88999939,19.94556843,0.03173142399
UAL,0.001553439799,0.1208257639,0.759,True,,0,1.987830974,107.4400024,20.0027058,0.02045357165
UBER,0.003107274803,-0.008399137398,0.38,False,,0,0.8485953285,70.23999786,20.9083294,0.01312077605
UBS,0.008815993705,-0.02415434428,0.339,False,,0,0.9789525898,47.06000137,18.5766991,0.01014333835
UDR,0.004518646404,-0.1419554233,0.054,False,,0,0.1437941588,33.56999969,18.77170677,0.01014780903
UHS,0.002626596338,-0.04789582466,0.273,False,,0,-0.178484429,175.7200012,18.70729747,0.01811203092
UL,-0.002608412412,-0.1096087786,0.125,False,,0,0.3693618491,61.93999863,19.00392941,0.007015997254
ULTA,-0.002405104837,0.003960859602,0.423,False,,0,1.013425383,564.210022,19.31669551,0.01604723674
UMC,0.01716516605,0.1371889663,0.79,True,long,0.02,1.366427588,22.81999969,19.49731883,0.01833122921
UNH,0.01374482827,-0.05650079057,0.243,False,,0,0.3139247929,370.9500122,21.35997359,0.01346327437
UNM,0.007881266401,-0.003730977252,0.393,False,,0,0.8914350453,92.63999939,19.13407829,0.01712101702
UNP,0.01235799596,-0.1266424202,0.087,False,,0,0.04224345585,278.2000122,20.35651422,0.01071803505
UPS,0.01453266244,-0.05271134592,0.255,False,,0,0.7295728295,94.12999725,20.02399817,0.01391256785
UPST,-0.008118602298,0.17299892,0.867,True,,0,2.938279217,24.19000053,18.50717209,0.02519287555
URI,0.001455592567,0.02342598926,0.483,False,,0,0.8054467088,1050.150024,20.04410023,0.01923311835
USAR,-0.02667378345,0.1852858178,0.888,True,short,-0.02,4.350810985,12.63000011,19.09023634,0.0272941188
USB,0.01092890477,-0.09956063151,0.142,False,,0,0.6361865223,57.02999878,20.0491469,0.01396823159
USFD,0.008428621711,-0.03402742087,0.307,False,,0,0.2566924578,97.12000275,19.3136047,0.01619939064
UTHR,-0.005126783955,0.03818474346,0.535,True,,0,-0.2403929692,532.7800293,20.12589733,0.02780783893
V,0.01015438435,-0.1430542465,0.051,False,,0,0.1403565866,375.1000061,21.5450379,0.01032848766
VALE,0.01266507923,0.0259974409,0.493,False,,0,0.5183016038,13.42000008,19.96541094,0.01573179654
VEEV,-0.002828320068,0.003872582811,0.422,False,,0,0.4206733344,284.8399963,19.82994069,0.01832146043
VFC,0.006826239474,0.08010814709,0.646,True,,0,1.891267895,14.52999973,18.61356763,0.02117408979
VG,0.0008677282361,0.1277053446,0.773,True,,0,-1.907276078,13.28999996,19.0716926,0.02899610822
VIAV,0.01903166008,0.2164800385,0.929,True,long,0.02,1.770807255,44.09000015,19.27656442,0.03558801752
VICI,0.002948672753,-0.1491680259,0.043,False,,0,0.196773348,22.79000092,19.35136324,0.009115041384
VICR,0.03325112889,0.265172937,0.981,True,long,0.02,2.338111631,262.3200073,19.37775879,0.04362705497
VIK,0.007398037488,0.02622555,0.495,False,,0,0.6835648675,81.63999939,19.72962043,0.01993261774
VKTX,-0.04202069883,0.1506660138,0.822,True,short,-0.02,1.936531258,27.72999954,19.58643779,0.04236291807
VLO,0.01274338469,0.1095158679,0.734,True,long,0.02,-0.2373946319,443.7999878,21.13939124,0.02762361471
VLTO,0.005457794133,-0.07947586617,0.19,False,,0,0.2819528089,96.48000336,18.98915703,0.01062748411
VLY,0.00879895907,-0.0685969486,0.217,False,,0,0.8254578781,12.75,18.46874212,0.01444135761
VMC,-0.01187468636,-0.005109023729,0.389,False,,0,0.9703827753,246.2599945,19.57039729,0.01564285585
VMRK,0.006415783027,-0.1155798813,0.111,False,,0,0.3481357409,59.97999954,19.74149551,0.01239366315
VOYA,0.008641374356,-0.03192879678,0.312,False,,0,0.433758841,96.63999939,18.65249045,0.01636452588
VRSK,-0.001631728255,0.006739315923,0.432,False,,0,-0.2564034261,175.4900055,19.20207568,0.0170825817
VRSN,0.0009109544381,-0.02734996041,0.329,False,,0,0.02411575797,297.7900085,19.38566709,0.01436195024
VRT,0.002797617631,0.1674205113,0.853,True,,0,2.455822074,243.7299957,20.91425464,0.02210829432
VRTX,0.00720874226,-0.07088805819,0.21,False,,0,0.4427902898,503.25,20.08034323,0.01333299643
VSAT,0.01122415467,0.2178253812,0.932,True,,0,2.522526713,67.41000366,18.64948125,0.03129129237
VSH,-0.0113882366,0.2124336116,0.922,True,,0,2.78604577,34.56000137,18.62280393,0.03025742249
VST,-0.04195229,0.1636932718,0.845,True,short,-0.02,0.547396236,156.1399994,20.72535598,0.02619007485
VSXY,0.01673977042,0.1420597086,0.802,True,long,0.02,0.5767896224,86.61000061,18.76679723,0.02808317287
VTR,0.01074197018,-0.09555340129,0.155,False,,0,-0.2979126374,81.76000214,19.68136431,0.01260203799
VTRS,0.01798498509,0.01182731291,0.448,False,,0,0.6080095108,17.44000053,18.91992274,0.01616183582
VZ,0.006023843196,-0.1093885706,0.126,False,,0,0.01662321305,46.34999847,20.76635917,0.01220037686
W,-0.008865061169,0.1437275578,0.807,True,,0,3.329262164,105.1299973,19.31571144,0.02904890808
WAB,0.01400867084,-0.04266989248,0.286,False,,0,0.5563643962,280.7999878,19.25973662,0.01246985438
WAT,0.01295920012,0.03631873322,0.528,True,long,0.02,0.971693976,429.1300049,19.6485056,0.01755687929
WCC,0.01103182899,0.09610869478,0.701,True,,0,1.963694453,355.9299927,19.01642169,0.01980950426
WCN,0.006956659347,-0.1133492155,0.113,False,,0,-0.1192359765,154.6900024,19.25117813,0.01145191877
WDAY,-0.009170433842,0.1106741964,0.738,True,,0,0.8330665449,187.8099976,19.92127535,0.02336011706
WDC,0.0029266205,0.2120273267,0.919,True,,0,0.9989457684,393.3099976,22.06251647,0.03138794239
WEC,0.002554240182,-0.1537454843,0.037,False,,0,0.05162157162,103.6100006,19.51108809,0.009192958475
WELL,0.009265508637,-0.1021270596,0.137,False,,0,-0.1774889657,223.0399933,20.2361515,0.01261470541
WEX,7.902873112e-05,0.0005139750723,0.407,False,,0,-0.2399747901,174.4100037,18.48680406,0.01989900544
WFC,0.01836862867,-0.05193731844,0.258,False,,0,0.5929458654,82.02999878,20.89727721,0.01529125878
WING,0.004446145128,0.1462690376,0.81,True,,0,0.2677420476,118.5,18.81400846,0.0345754054
WK,-0.01044702369,0.1290512151,0.776,True,,0,0.5072709756,73.69000244,18.56686126,0.02646272522
WM,0.006626915114,-0.1545190106,0.035,False,,0,-0.3194302144,210.1000061,19.97523641,0.0092386319
WMB,0.006570324261,-0.03871861301,0.299,False,,0,-0.131804238,72.33999634,20.09521946,0.01473641669
WMT,0.001100309806,-0.1045569851,0.133,False,,0,0.1799178425,110.5599976,21.60896597,0.01177679434
WOLF,-0.02069383111,0.3356811807,0.999,True,,0,4.515323931,31.02000046,18.58281225,0.05134037141
WPC,0.005843672992,-0.1580517373,0.031,False,,0,0.1645540793,63.13000107,18.58373471,0.01090975905
WPM,-0.008129578194,0.08847615377,0.679,True,,0,2.371902564,134.9600067,19.33378044,0.01817148434
WRB,0.005900655425,-0.1314653058,0.077,False,,0,-0.358523505,72.05000305,19.36811739,0.01201253584
WSM,0.003814811864,0.03128582598,0.511,True,,0,1.181131648,239,19.40059304,0.01752737244
WSO,-0.001910214915,0.04262995379,0.547,True,,0,1.211286595,282.230011,18.86348736,0.01737100344
WST,0.009373611216,-0.04173529519,0.289,False,,0,0.467680404,363.269989,19.26576503,0.01555395224
WTRG,0.0004484117253,-0.1330411999,0.074,False,,0,-0.01029427081,38.72000122,18.49068878,0.01114196854
WTW,0.00348157621,-0.05071536835,0.263,False,,0,0.5291290319,297.8599854,18.96721745,0.01402398765
WULF,-0.06037057825,0.2436767413,0.963,True,short,-0.02,2.951184531,13.64999962,19.93558454,0.03590031938
WWD,0.008386724191,0.04300983139,0.549,True,,0,0.7690952392,323.4500122,19.40415462,0.01766376281
WY,0.006914991856,-0.002291496013,0.399,False,,0,0.3939551781,19.17000008,18.99996084,0.01603985394
WYNN,0.005008796999,-0.01797492467,0.348,False,,0,0.3320769694,75.29000092,19.10633159,0.01958333994
XEL,0.000231766154,-0.1247299167,0.093,False,,0,0.275866645,73.36000061,19.89375724,0.01029954264
XENE,0.01537436951,0.1105972066,0.737,True,long,0.02,1.038527879,36.15999985,18.57761353,0.03104626556
XOM,0.01282743819,-0.06885525018,0.216,False,,0,-0.7793753837,168.5,21.50748278,0.01239427524
XP,0.005859807844,0.1564993144,0.83,True,,0,1.29593926,30.20999908,19.40830365,0.02709967331
XPO,0.00534288978,0.03927545236,0.538,True,,0,0.8745338895,181.9499969,19.14452654,0.01885141265
XYL,0.001803905429,-0.0288305564,0.32,False,,0,0.4979372338,101.9899979,19.41551095,0.01459844934
XYZ,0.002278811428,0.08245222333,0.656,True,,0,1.821557968,75.23000336,19.5711076,0.01610118735
YUM,0.003799368859,-0.06024002528,0.233,False,,0,-0.004563481536,143,19.61944979,0.01409951234
Z,0.007654466618,0.1639191833,0.846,True,,0,1.718668237,29.17000008,18.66232199,0.02622103223
ZBH,-0.001346223495,-0.05129193974,0.261,False,,0,0.2973028335,88.87999725,19.14467332,0.01580481242
ZBRA,0.003035020292,0.03687443122,0.53,True,,0,1.872362104,382.1400146,19.11233393,0.01719376336
ZETA,0.01216179167,0.1654365506,0.85,True,,0,1.064429076,33.02999878,19.03511698,0.02929579586
ZION,0.005768836491,-0.107430062,0.128,False,,0,0.4224473823,62.72999954,18.47093584,0.01426762699
ZM,0.001519177332,0.0511375655,0.579,True,,0,1.116148304,94.66999817,19.41467304,0.01758313276
ZS,-0.006465789513,0.1347629931,0.784,True,,0,0.7506354641,216.8099976,20.30831007,0.03166881955
ZTS,0.007488226003,0.006933741594,0.433,False,,0,-0.05539126149,73.08000183,19.59740864,0.01506878223
