segment_id,family,value,n,pct_universe,median_perf_week,median_perf_month,pct_above_50dma,median_rsi,median_beta,median_short_float,pct_profitable,median_dollar_adv
analyst:strong_buy,analyst,strong_buy,2864,48.48,-0.03,3.24,52.339385474860336,50.24,1.0,4.83,49.092178770949715,12751436.05
analyst:hold,analyst,hold,849,14.37,0.34,0.69,52.88574793875147,50.7,0.88,5.26,64.31095406360424,20588964.000000004
analyst:buy,analyst,buy,794,13.44,0.19,1.3250000000000002,56.67506297229219,50.835,0.92,4.92,70.40302267002518,36847800.1
analyst:sell,analyst,sell,84,1.42,0.7849999999999999,1.125,42.857142857142854,48.85,1.17,7.06,51.19047619047619,8209348.2
beta:low,beta,low,2336,39.55,0.065,1.0950000000000002,55.351027397260275,51.245000000000005,0.46,2.75,51.54109589041096,4321799.65
beta:high,beta,high,1577,26.7,-0.89,2.05,42.4857324032974,47.98,1.77,5.98,36.715282181357004,8443441.3
beta:mid,beta,mid,1568,26.54,0.0,1.71,53.316326530612244,49.995,1.02,4.36,59.183673469387756,17418711.049999997
div:some,div,some,1214,20.55,-0.18,1.415,59.225700164744644,51.11,0.85,3.75,89.86820428336078,66936797.75
div:high,div,high,1097,18.57,-0.175,0.28,49.04284412032817,48.91,0.71,2.2,59.25250683682771,7238056.800000001
div:none,div,none,1,0.02,-0.31,0.68,100.0,51.31,0.61,8.03,100.0,98600000.0
earn:past,earn,past,4421,74.84,0.08,2.01,52.838724270527024,50.305,0.96,4.91,55.89233205157205,16101382.500000002
earn:this_week,earn,this_week,98,1.66,0.26,6.154999999999999,60.204081632653065,51.755,0.945,4.285,66.3265306122449,43300282.650000006
earn:later,earn,later,72,1.22,1.68,5.99,65.27777777777779,52.65,0.89,6.75,62.5,36326846.6
earn:today,earn,today,41,0.69,0.42,3.75,51.21951219512195,50.4,0.875,2.87,65.85365853658537,12692268.600000001
earnsurp:big_beat,earnsurp,big_beat,1125,19.05,0.08499999999999999,5.63,61.06666666666667,52.120000000000005,1.05,5.895,55.64444444444444,15649200.0
earnsurp:beat,earnsurp,beat,1001,16.95,-0.06,2.23,59.240759240759246,51.39,0.95,4.595,75.32467532467533,54035017.5
earnsurp:inline,earnsurp,inline,896,15.17,0.615,1.57,56.91964285714286,51.635000000000005,0.85,4.59,73.66071428571429,49912854.599999994
earnsurp:big_miss,earnsurp,big_miss,807,13.66,0.0,0.51,41.2639405204461,47.91,1.07,6.14,28.376703841387858,5504626.8
earnsurp:miss,earnsurp,miss,373,6.31,0.05,0.65,43.43163538873995,48.95,0.97,5.955,50.134048257372655,15917568.000000002
ext:neutral,ext,neutral,5344,90.47,0.0,1.47,53.38697604790419,50.33,0.91,3.82,48.596556886227546,7937474.299999999
ext:washed,ext,washed,355,6.01,-5.48,-31.505000000000003,1.4084507042253522,29.66,1.085,4.43,21.971830985915496,1491047.3
ext:extended,ext,extended,129,2.18,7.73,27.93,96.89922480620154,77.51,0.75,2.71,50.3875968992248,5037614.4
ext:extreme,ext,extreme,79,1.34,16.06,74.775,100.0,76.1,0.95,4.8,12.658227848101266,7284747.3
geo:US,geo,US,4596,77.81,-0.1,0.935,52.34986945169713,50.03,0.92,4.525,47.040905134899916,8955987.950000001
geo:ADR-China,geo,ADR-China,239,4.05,-1.37,0.01,35.98326359832636,45.72,0.81,1.14,32.63598326359833,1091130.6
geo:ADR-Canada,geo,ADR-Canada,216,3.66,2.55,11.434999999999999,67.5925925925926,58.53,0.95,2.6550000000000002,45.370370370370374,9127032.4
geo:ADR-Israel,geo,ADR-Israel,106,1.79,-1.07,-0.8300000000000001,38.67924528301887,46.965,1.15,2.545,33.9622641509434,1875211.0
geo:ADR-Hong Kong,geo,ADR-Hong Kong,88,1.49,-1.085,-0.33,42.04545454545455,46.93,0.955,1.145,23.863636363636363,678522.05
geo:ADR-Singapore,geo,ADR-Singapore,88,1.49,0.15,0.19,40.909090909090914,47.915,0.71,1.1600000000000001,23.863636363636363,389974.05000000005
geo:ADR-United Kingdom,geo,ADR-United Kingdom,88,1.49,0.96,2.86,54.54545454545454,52.66,0.74,3.6950000000000003,47.72727272727273,19233513.700000003
geo:ADR-Bermuda,geo,ADR-Bermuda,35,0.59,1.53,4.12,68.57142857142857,54.56,0.61,4.61,80.0,26928720.0
geo:ADR-Brazil,geo,ADR-Brazil,35,0.59,3.6,-2.17,48.57142857142857,48.61,0.625,1.13,74.28571428571429,15718363.200000001
geo:ADR-Switzerland,geo,ADR-Switzerland,29,0.49,0.3,1.42,48.275862068965516,50.16,1.185,3.7600000000000002,44.827586206896555,40613531.89999999
geo:ADR-Ireland,geo,ADR-Ireland,27,0.46,1.08,1.45,51.85185185185185,47.86,0.94,3.22,66.66666666666666,165754518.0
geo:ADR-Australia,geo,ADR-Australia,26,0.44,0.56,5.66,38.46153846153847,49.285,1.47,0.95,23.076923076923077,1384540.5
geo:ADR-Japan,geo,ADR-Japan,26,0.44,-0.79,-0.6749999999999999,50.0,48.709999999999994,0.655,0.17,65.38461538461539,2957106.4
geo:ADR-Greece,geo,ADR-Greece,25,0.42,1.92,11.13,88.0,64.53,0.73,2.3,76.0,1884736.9
geo:ADR-Taiwan,geo,ADR-Taiwan,23,0.39,1.6,1.09,43.47826086956522,49.09,0.99,0.64,43.47826086956522,1770116.0
geo:ADR-Cayman Islands,geo,ADR-Cayman Islands,22,0.37,0.04,0.56,50.0,53.76,0.48,2.26,27.27272727272727,708226.8
geo:ADR-Netherlands,geo,ADR-Netherlands,19,0.32,1.22,5.49,57.89473684210527,50.73,0.685,2.91,63.1578947368421,91686056.0
geo:ADR-Mexico,geo,ADR-Mexico,18,0.3,0.375,-0.010000000000000009,44.44444444444444,49.935,0.61,0.5549999999999999,66.66666666666666,6361790.0
geo:ADR-France,geo,ADR-France,17,0.29,0.16,3.84,64.70588235294117,55.0,0.71,0.69,29.411764705882355,509329.1999999999
geo:ADR-Malaysia,geo,ADR-Malaysia,16,0.27,-3.65,-13.584999999999999,12.5,43.08,0.885,1.415,12.5,1088776.0
geo:ADR-Germany,geo,ADR-Germany,15,0.25,0.0,2.2,40.0,46.67,1.21,0.78,40.0,3529061.6999999997
geo:ADR-Luxembourg,geo,ADR-Luxembourg,15,0.25,2.36,5.36,60.0,53.91,0.69,2.45,73.33333333333333,9633380.4
geo:ADR-Argentina,geo,ADR-Argentina,14,0.24,2.55,-7.605,28.57142857142857,46.99,1.1099999999999999,1.0050000000000001,85.71428571428571,6073745.550000001
geo:ADR-South Korea,geo,ADR-South Korea,14,0.24,1.9100000000000001,4.95,71.42857142857143,56.275,1.025,0.27,71.42857142857143,12499689.0
geo:ADR-United Arab Emirates,geo,ADR-United Arab Emirates,10,0.17,-1.16,1.345,50.0,52.7,1.1,0.615,50.0,1264611.1999999997
geo:ADR-Chile,geo,ADR-Chile,9,0.15,4.82,5.705,88.88888888888889,58.599999999999994,0.605,0.15000000000000002,88.88888888888889,2571635.7
geo:ADR-India,geo,ADR-India,9,0.15,0.58,1.77,55.55555555555556,49.28,0.85,0.85,77.77777777777779,31562182.6
geo:ADR-Belgium,geo,ADR-Belgium,8,0.14,0.33,4.715,62.5,52.215,0.67,2.93,62.5,4383327.449999999
geo:ADR-Italy,geo,ADR-Italy,8,0.14,-0.25,8.495000000000001,62.5,50.725,0.75,3.01,50.0,13056055.2
geo:ADR-Sweden,geo,ADR-Sweden,8,0.14,2.255,7.550000000000001,62.5,52.71,1.3450000000000002,2.23,50.0,2192163.1
geo:ADR-Denmark,geo,ADR-Denmark,6,0.1,3.9,6.315,50.0,54.025000000000006,0.7150000000000001,0.97,66.66666666666666,37428437.85
geo:ADR-South Africa,geo,ADR-South Africa,6,0.1,17.299999999999997,43.695,83.33333333333334,72.015,0.645,0.755,66.66666666666666,41309550.1
geo:ADR-Cyprus,geo,ADR-Cyprus,5,0.08,-0.25,12.44,60.0,63.1,1.5,1.31,100.0,216679.40000000002
geo:ADR-Spain,geo,ADR-Spain,5,0.08,1.15,3.88,60.0,56.18,0.74,0.9650000000000001,80.0,5205774.0
geo:ADR-Colombia,geo,ADR-Colombia,4,0.07,3.0999999999999996,12.625,100.0,59.605000000000004,0.595,0.48,100.0,21119702.7
geo:ADR-Monaco,geo,ADR-Monaco,4,0.07,2.5349999999999997,1.8800000000000001,50.0,56.215,0.7749999999999999,3.825,75.0,6913725.15
geo:ADR-Peru,geo,ADR-Peru,4,0.07,2.505,-1.79,50.0,50.5,0.73,1.425,100.0,28248667.0
geo:ADR-Indonesia,geo,ADR-Indonesia,3,0.05,-3.05,3.62,66.66666666666666,47.65,-0.64,3.66,33.33333333333333,1416366.0
geo:ADR-Turkey,geo,ADR-Turkey,3,0.05,1.09,-1.6,33.33333333333333,48.84,0.94,0.35,33.33333333333333,592198.3
geo:ADR-Uruguay,geo,ADR-Uruguay,3,0.05,9.88,1.27,66.66666666666666,58.57,0.9,2.42,100.0,39734511.0
geo:ADR-Bahamas,geo,ADR-Bahamas,2,0.03,-1.2049999999999998,-3.145,50.0,47.334999999999994,1.82,2.745,50.0,11517805.600000001
geo:ADR-Finland,geo,ADR-Finland,2,0.03,-4.12,-0.23500000000000032,0.0,41.85,1.605,4.015,100.0,594942287.85
geo:ADR-Kazakhstan,geo,ADR-Kazakhstan,2,0.03,6.59,13.69,100.0,66.05,0.755,3.2350000000000003,100.0,37610583.3
geo:ADR-Norway,geo,ADR-Norway,2,0.03,-1.88,4.105,50.0,52.32,0.655,0.82,100.0,77552497.95
geo:ADR-Panama,geo,ADR-Panama,2,0.03,-2.17,-6.7749999999999995,0.0,36.685,0.88,2.8649999999999998,100.0,25680029.5
geo:ADR-Philippines,geo,ADR-Philippines,2,0.03,2.2,1.69,50.0,49.834999999999994,0.6,0.355,100.0,1851439.9
geo:ADR-Jordan,geo,ADR-Jordan,1,0.02,1.22,-7.71,0.0,45.03,0.11,1.91,100.0,2483359.9999999995
geo:ADR-Thailand,geo,ADR-Thailand,1,0.02,-7.19,-51.43,0.0,28.47,-0.02,0.15,100.0,791239.5
geo:ADR-Vietnam,geo,ADR-Vietnam,1,0.02,1.62,6.1,100.0,49.49,0.92,5.23,0.0,1407435.8
index:none,index,none,3440,58.24,0.0,0.71,48.895348837209305,49.32,0.84,1.82,33.28488372093023,1628007.5
index:rut,index,rut,1949,32.99,-0.26,1.975,54.89994869163674,50.285,0.99,7.69,57.56798358132376,15300911.0
index:sp500,index,sp500,503,8.52,0.66,2.07,60.437375745526836,52.94,0.92,3.22,93.83697813121272,421300440.0
index:ndx,index,ndx,102,1.73,0.29500000000000004,3.535,50.98039215686274,50.730000000000004,1.19,3.1,88.23529411764706,1086318341.6000001
index:djia,index,djia,30,0.51,0.355,1.135,53.333333333333336,51.08,0.985,1.5550000000000002,100.0,1953283715.6
industry:Biotechnology,industry,Biotechnology,597,10.11,1.01,6.78,58.62646566164153,52.99,0.98,7.795,8.877721943048575,3103393.4999999995
industry:Banks - Regional,industry,Banks - Regional,324,5.49,-1.64,0.01,59.25925925925925,48.59,0.645,3.1,93.20987654320987,7586071.5
industry:Shell Companies,industry,Shell Companies,320,5.42,0.1,0.37,81.5625,59.615,0.03,0.01,0.0,494451.94999999995
industry:Software - Application,industry,Software - Application,224,3.79,1.145,8.985,59.375,52.47,1.05,5.52,46.42857142857143,8665745.200000001
industry:Closed-End Fund - Debt,industry,Closed-End Fund - Debt,192,3.25,-0.925,-0.14500000000000002,14.0625,40.925,0.62,0.19,1.0416666666666665,1118212.1
industry:Software - Infrastructure,industry,Software - Infrastructure,176,2.98,-0.185,4.645,47.159090909090914,48.57,1.17,6.38,44.31818181818182,16134385.5
industry:Medical Devices,industry,Medical Devices,140,2.37,-1.085,6.445,50.0,49.769999999999996,1.04,5.03,25.0,4034190.0
industry:Asset Management,industry,Asset Management,136,2.3,1.2650000000000001,6.415,68.38235294117648,56.45,0.74,3.55,66.17647058823529,4764097.5
industry:Closed-End Fund - Equity,industry,Closed-End Fund - Equity,110,1.86,-0.965,1.46,56.36363636363636,49.55,0.87,0.13,0.0,1782333.25
industry:Capital Markets,industry,Capital Markets,96,1.63,3.27,3.02,56.25,52.825,1.42,3.94,40.625,11294783.5
industry:Aerospace & Defense,industry,Aerospace & Defense,92,1.56,-5.74,0.02,33.69565217391305,43.33,1.0350000000000001,5.22,50.0,52164354.2
industry:Drug Manufacturers - Specialty & Generic,industry,Drug Manufacturers - Specialty & Generic,84,1.42,1.92,3.38,53.57142857142857,50.955,0.885,5.18,28.57142857142857,5037621.05
industry:Oil & Gas E&P,industry,Oil & Gas E&P,77,1.3,0.9,7.91,79.22077922077922,58.01,0.35,4.58,63.63636363636363,8607794.799999999
industry:Specialty Industrial Machinery,industry,Specialty Industrial Machinery,77,1.3,-2.29,-0.25,37.66233766233766,45.22,1.13,3.42,66.23376623376623,45126544.4
industry:Information Technology Services,industry,Information Technology Services,74,1.25,0.61,4.3100000000000005,50.0,49.285,0.98,6.525,54.054054054054056,26496213.0
industry:Internet Content & Information,industry,Internet Content & Information,70,1.19,-1.07,-1.7400000000000002,38.57142857142858,45.760000000000005,1.21,5.85,47.14285714285714,5478520.75
industry:Semiconductors,industry,Semiconductors,70,1.19,-4.89,-0.14,17.142857142857142,43.925,1.795,4.89,52.85714285714286,149652737.10000002
industry:Packaged Foods,industry,Packaged Foods,60,1.02,2.665,3.31,50.0,51.035,0.52,5.885,50.0,9658595.55
industry:Specialty Chemicals,industry,Specialty Chemicals,60,1.02,-1.355,4.265000000000001,50.0,48.989999999999995,1.005,3.67,55.00000000000001,18332103.299999997
industry:Oil & Gas Midstream,industry,Oil & Gas Midstream,58,0.98,0.11000000000000001,4.055,75.86206896551724,57.84,0.485,3.0199999999999996,86.20689655172413,28203115.85
industry:Telecom Services,industry,Telecom Services,57,0.96,0.0,1.2,50.877192982456144,51.84,0.665,3.705,50.877192982456144,12755456.0
industry:Auto Parts,industry,Auto Parts,55,0.93,-1.18,-2.14,34.54545454545455,45.55,1.17,5.33,58.18181818181818,16846587.5
industry:Electrical Equipment & Parts,industry,Electrical Equipment & Parts,54,0.91,-4.154999999999999,-2.22,20.37037037037037,42.64,1.2149999999999999,5.615,35.18518518518518,4280398.5
industry:Medical Instruments & Supplies,industry,Medical Instruments & Supplies,54,0.91,1.1949999999999998,9.82,66.66666666666666,56.195,0.86,4.595000000000001,50.0,10918862.5
industry:Other Industrial Metals & Mining,industry,Other Industrial Metals & Mining,52,0.88,7.645,17.56,69.23076923076923,57.545,1.08,3.41,15.384615384615385,4909762.0
industry:Restaurants,industry,Restaurants,52,0.88,3.295,5.8,63.46153846153846,55.739999999999995,0.97,5.98,67.3076923076923,13367696.25
industry:Credit Services,industry,Credit Services,51,0.86,0.06,5.04,50.98039215686274,49.81,1.105,4.68,76.47058823529412,16410520.500000002
industry:Engineering & Construction,industry,Engineering & Construction,51,0.86,-3.81,0.19,29.411764705882355,43.52,1.25,4.4399999999999995,58.82352941176471,31916555.299999997
industry:Gold,industry,Gold,51,0.86,14.13,36.08,96.07843137254902,72.04,0.79,2.37,60.78431372549019,27126627.699999996
industry:Entertainment,industry,Entertainment,49,0.83,0.78,5.57,67.3469387755102,54.23,0.95,5.48,44.89795918367347,17615426.8
industry:Oil & Gas Equipment & Services,industry,Oil & Gas Equipment & Services,49,0.83,-5.01,2.6,51.02040816326531,48.74,0.86,5.62,77.55102040816327,14665464.0
industry:Medical Care Facilities,industry,Medical Care Facilities,48,0.81,-0.15000000000000002,1.74,58.333333333333336,51.605000000000004,0.76,4.8,60.416666666666664,19531509.15
industry:Diagnostics & Research,industry,Diagnostics & Research,46,0.78,4.01,12.825,76.08695652173914,59.445,1.34,5.23,39.130434782608695,58999530.8
industry:Real Estate Services,industry,Real Estate Services,46,0.78,2.545,2.48,41.30434782608695,50.72,0.905,2.185,47.82608695652174,844353.75
industry:Communication Equipment,industry,Communication Equipment,45,0.76,-4.66,1.51,22.22222222222222,44.85,1.27,5.575,46.666666666666664,14573196.0
industry:Electronic Components,industry,Electronic Components,45,0.76,-6.97,-3.02,17.77777777777778,41.32,1.28,3.68,62.22222222222222,27880068.2
industry:Insurance - Property & Casualty,industry,Insurance - Property & Casualty,44,0.74,1.12,0.79,65.9090909090909,53.635,0.45,3.165,90.9090909090909,31115075.700000003
industry:Specialty Retail,industry,Specialty Retail,44,0.74,-0.03,3.52,50.0,50.58,1.08,8.04,61.36363636363637,6880820.4
industry:Education & Training Services,industry,Education & Training Services,43,0.73,2.64,1.98,37.2093023255814,48.26,0.79,3.8499999999999996,48.837209302325576,1821364.3
industry:Health Information Services,industry,Health Information Services,43,0.73,1.0750000000000002,7.02,62.7906976744186,54.83,1.23,7.33,41.86046511627907,5339716.2
industry:Specialty Business Services,industry,Specialty Business Services,43,0.73,-0.13,1.47,51.162790697674424,48.77,0.92,5.28,60.46511627906976,17278320.0
industry:Computer Hardware,industry,Computer Hardware,42,0.71,-4.67,5.03,47.61904761904761,49.135000000000005,2.0999999999999996,6.76,30.952380952380953,13448060.5
industry:Utilities - Regulated Electric,industry,Utilities - Regulated Electric,42,0.71,-1.775,-5.32,11.904761904761903,41.13,0.5,4.3,92.85714285714286,168833134.0
industry:REIT - Mortgage,industry,REIT - Mortgage,39,0.66,0.34,1.77,46.15384615384615,52.29,1.17,4.18,66.66666666666666,8477993.5
industry:Advertising Agencies,industry,Advertising Agencies,38,0.64,-0.71,-1.555,44.73684210526316,47.14,1.18,5.035,39.473684210526315,3678874.0500000003
industry:Internet Retail,industry,Internet Retail,38,0.64,1.07,1.585,44.73684210526316,49.095,1.2349999999999999,2.49,50.0,8666815.35
industry:Marine Shipping,industry,Marine Shipping,37,0.63,1.92,9.06,81.08108108108108,63.65,0.83,2.76,70.27027027027027,4191184.5000000005
industry:Building Products & Equipment,industry,Building Products & Equipment,36,0.61,-1.715,-0.62,47.22222222222222,46.510000000000005,1.3,4.43,66.66666666666666,17090895.6
industry:Scientific & Technical Instruments,industry,Scientific & Technical Instruments,33,0.56,-4.18,-1.58,30.303030303030305,42.87,1.14,4.265000000000001,57.57575757575758,31276098.0
industry:Apparel Retail,industry,Apparel Retail,32,0.54,1.74,-0.68,50.0,49.45,1.1,8.415,59.375,7487509.199999999
industry:Integrated Freight & Logistics,industry,Integrated Freight & Logistics,32,0.54,-3.88,-6.65,25.0,42.739999999999995,1.2,3.44,43.75,2866775.0
industry:Leisure,industry,Leisure,32,0.54,1.135,-0.165,53.125,48.575,1.02,5.26,50.0,2904346.55
industry:Household & Personal Products,industry,Household & Personal Products,31,0.52,2.74,-0.36,58.06451612903226,50.17,0.61,5.61,48.38709677419355,14146814.2
"industry:Furnishings, Fixtures & Appliances",industry,"Furnishings, Fixtures & Appliances",30,0.51,0.05,3.3200000000000003,56.666666666666664,52.21,1.16,5.42,66.66666666666666,4123201.9999999995
industry:Auto Manufacturers,industry,Auto Manufacturers,29,0.49,1.55,-4.98,37.93103448275862,47.29,1.215,3.01,17.24137931034483,5291785.8
industry:Closed-End Fund - Foreign,industry,Closed-End Fund - Foreign,29,0.49,-1.02,2.34,62.06896551724138,51.24,0.84,0.125,0.0,742026.6
industry:Semiconductor Equipment & Materials,industry,Semiconductor Equipment & Materials,29,0.49,-6.88,-1.83,6.896551724137931,42.93,1.79,5.8,75.86206896551724,116560973.4
industry:Conglomerates,industry,Conglomerates,27,0.46,-2.285,-1.48,40.74074074074074,46.68,0.97,4.22,51.85185185185185,9613896.999999998
industry:Auto & Truck Dealerships,industry,Auto & Truck Dealerships,26,0.44,0.03,-4.975,34.61538461538461,44.64,1.085,8.030000000000001,53.84615384615385,17751514.099999998
industry:Farm & Heavy Construction Machinery,industry,Farm & Heavy Construction Machinery,26,0.44,0.06000000000000005,0.875,50.0,50.885,1.355,4.105,65.38461538461539,12847456.75
industry:REIT - Retail,industry,REIT - Retail,26,0.44,0.22,-5.925000000000001,7.6923076923076925,44.504999999999995,0.86,4.880000000000001,96.15384615384616,40240564.300000004
industry:Apparel Manufacturing,industry,Apparel Manufacturing,23,0.39,0.35,-3.21,26.08695652173913,46.52,1.28,8.86,69.56521739130434,16285103.999999998
industry:Industrial Distribution,industry,Industrial Distribution,23,0.39,-1.44,0.87,39.130434782608695,45.26,1.04,4.5649999999999995,69.56521739130434,68053068.0
industry:Security & Protection Services,industry,Security & Protection Services,23,0.39,0.77,3.39,65.21739130434783,52.15,0.92,3.62,47.82608695652174,2841764.6
industry:Insurance Brokers,industry,Insurance Brokers,22,0.37,6.115,17.55,81.81818181818183,63.465,0.645,3.665,63.63636363636363,20529393.2
industry:Packaging & Containers,industry,Packaging & Containers,22,0.37,2.1,-0.13,68.18181818181817,53.870000000000005,0.785,4.859999999999999,68.18181818181817,27198522.65
industry:Solar,industry,Solar,22,0.37,-2.675,-13.36,9.090909090909092,38.17,1.5,9.63,36.36363636363637,7668661.6
industry:Utilities - Renewable,industry,Utilities - Renewable,22,0.37,-3.99,-1.015,22.727272727272727,43.885,1.0350000000000001,5.175,27.27272727272727,6804410.550000001
industry:Consulting Services,industry,Consulting Services,21,0.36,4.56,9.94,66.66666666666666,52.7,0.655,3.32,52.38095238095239,1651203.4000000001
industry:Drug Manufacturers - General,industry,Drug Manufacturers - General,21,0.36,1.96,2.76,66.66666666666666,60.57,0.37,1.34,71.42857142857143,295961824.8
industry:REIT - Residential,industry,REIT - Residential,21,0.36,2.62,1.34,61.904761904761905,56.51,0.8,3.24,66.66666666666666,54263976.0
industry:Rental & Leasing Services,industry,Rental & Leasing Services,21,0.36,-2.39,-2.74,28.57142857142857,46.59,1.21,4.86,57.14285714285714,27510762.6
industry:Steel,industry,Steel,21,0.36,-4.46,-6.21,38.095238095238095,45.79,1.565,1.64,66.66666666666666,9540926.999999998
industry:Waste Management,industry,Waste Management,21,0.36,0.0,4.59,61.904761904761905,50.69,0.515,3.8,38.095238095238095,6967598.0
industry:Banks - Diversified,industry,Banks - Diversified,20,0.34,-2.46,-1.28,50.0,48.995000000000005,0.92,0.605,95.0,152394251.64999998
industry:Electronic Gaming & Multimedia,industry,Electronic Gaming & Multimedia,20,0.34,-0.405,-5.470000000000001,45.0,45.655,1.025,1.6099999999999999,40.0,886866.9
industry:Farm Products,industry,Farm Products,20,0.34,1.865,-4.325,55.00000000000001,52.334999999999994,0.61,3.545,50.0,2491933.15
industry:Oil & Gas Integrated,industry,Oil & Gas Integrated,20,0.34,-0.845,5.065,85.0,56.565,0.39,1.03,80.0,100055973.15
industry:Other Precious Metals & Mining,industry,Other Precious Metals & Mining,20,0.34,10.184999999999999,27.58,85.0,64.475,1.2650000000000001,2.93,45.0,5533934.0
industry:REIT - Office,industry,REIT - Office,20,0.34,2.76,-0.7999999999999999,65.0,52.725,1.16,5.76,45.0,12025484.5
industry:Beverages - Non-Alcoholic,industry,Beverages - Non-Alcoholic,19,0.32,2.96,3.21,57.89473684210527,54.69,0.55,2.64,73.68421052631578,16459931.100000001
industry:Consumer Electronics,industry,Consumer Electronics,19,0.32,-4.81,2.53,42.10526315789473,48.98,1.18,2.44,15.789473684210526,3849921.0000000005
industry:Oil & Gas Refining & Marketing,industry,Oil & Gas Refining & Marketing,19,0.32,-1.25,2.15,63.1578947368421,52.85,0.695,3.8449999999999998,68.42105263157895,32989879.499999996
industry:REIT - Specialty,industry,REIT - Specialty,19,0.32,2.15,-2.12,52.63157894736842,49.07,0.98,3.36,78.94736842105263,96837290.00000001
industry:Residential Construction,industry,Residential Construction,19,0.32,1.57,-0.24,42.10526315789473,51.16,1.38,6.54,84.21052631578947,64230964.0
industry:Airlines,industry,Airlines,18,0.3,-1.975,-5.76,5.555555555555555,40.790000000000006,1.38,5.9,61.111111111111114,41871863.400000006
industry:Insurance - Life,industry,Insurance - Life,18,0.3,-1.69,-1.795,50.0,46.685,0.795,2.34,100.0,50351673.8
industry:Metal Fabrication,industry,Metal Fabrication,18,0.3,-7.125,-5.8,22.22222222222222,43.07,1.125,3.495,50.0,12651039.600000001
industry:Travel Services,industry,Travel Services,18,0.3,0.014999999999999986,-2.005,50.0,48.24,1.16,4.4399999999999995,83.33333333333334,57885729.900000006
industry:Building Materials,industry,Building Materials,17,0.29,0.42,-9.18,17.647058823529413,41.16,1.06,3.76,82.35294117647058,26309290.700000003
industry:Chemicals,industry,Chemicals,17,0.29,-0.83,-4.53,17.647058823529413,43.52,0.75,4.9,29.411764705882355,9229491.200000001
industry:REIT - Diversified,industry,REIT - Diversified,17,0.29,2.8,-3.82,35.294117647058826,47.64,0.98,3.63,58.82352941176471,6659795.999999999
industry:REIT - Healthcare Facilities,industry,REIT - Healthcare Facilities,17,0.29,1.44,-6.63,52.94117647058824,49.01,0.76,4.64,70.58823529411765,43725087.99999999
industry:Resorts & Casinos,industry,Resorts & Casinos,17,0.29,0.06,-1.09,35.294117647058826,48.16,1.25,6.86,58.82352941176471,56391552.0
industry:Staffing & Employment Services,industry,Staffing & Employment Services,17,0.29,3.2,8.28,58.82352941176471,55.28,0.84,4.21,47.05882352941176,6620968.6
industry:Insurance - Specialty,industry,Insurance - Specialty,16,0.27,-0.21500000000000002,-4.455,43.75,46.735,0.63,4.525,87.5,25868085.049999997
industry:Pollution & Treatment Controls,industry,Pollution & Treatment Controls,16,0.27,-1.52,-1.0799999999999998,25.0,44.084999999999994,1.35,1.51,25.0,844590.05
industry:Utilities - Regulated Gas,industry,Utilities - Regulated Gas,16,0.27,-1.355,-4.0600000000000005,31.25,43.754999999999995,0.63,4.43,87.5,38138720.9
industry:Broadcasting,industry,Broadcasting,15,0.25,-1.99,6.36,66.66666666666666,49.83,1.01,6.38,26.666666666666668,2551192.0
industry:Financial Data & Stock Exchanges,industry,Financial Data & Stock Exchanges,15,0.25,4.75,6.0,80.0,62.6,0.99,3.0,80.0,390807570.5
industry:REIT - Hotel & Motel,industry,REIT - Hotel & Motel,15,0.25,2.86,-2.88,60.0,54.46,1.1,4.59,46.666666666666664,22589734.2
industry:REIT - Industrial,industry,REIT - Industrial,15,0.25,0.76,-2.89,46.666666666666664,50.95,1.05,3.81,73.33333333333333,65728348.9
industry:Recreational Vehicles,industry,Recreational Vehicles,15,0.25,-0.04,2.01,53.333333333333336,49.51,1.12,7.02,53.333333333333336,22420542.6
industry:Trucking,industry,Trucking,15,0.25,-3.1,-9.71,6.666666666666667,40.86,1.3,5.57,60.0,41431818.6
industry:Footwear & Accessories,industry,Footwear & Accessories,14,0.24,-0.865,1.01,42.857142857142854,45.8,1.275,6.055,78.57142857142857,13564891.850000001
industry:Gambling,industry,Gambling,14,0.24,1.7650000000000001,-2.8,28.57142857142857,49.83,1.045,4.945,42.857142857142854,2928548.5
industry:Grocery Stores,industry,Grocery Stores,14,0.24,4.215,7.27,57.14285714285714,56.015,0.625,11.6,57.14285714285714,11085539.299999999
industry:Real Estate - Development,industry,Real Estate - Development,14,0.24,0.44,2.465,42.857142857142854,50.17,1.3050000000000002,2.8,64.28571428571429,810825.2999999999
industry:Agricultural Inputs,industry,Agricultural Inputs,13,0.22,4.62,3.68,69.23076923076923,57.6,0.83,2.86,53.84615384615385,8230896.000000001
industry:Mortgage Finance,industry,Mortgage Finance,13,0.22,0.0,-8.37,38.46153846153847,42.32,1.45,5.945,38.46153846153847,1902392.8
industry:Personal Services,industry,Personal Services,13,0.22,2.02,-2.84,46.15384615384615,43.88,0.94,4.6850000000000005,76.92307692307693,5569572.7
industry:Uranium,industry,Uranium,13,0.22,7.79,20.06,76.92307692307693,59.57,1.29,7.82,23.076923076923077,14985416.5
industry:Utilities - Regulated Water,industry,Utilities - Regulated Water,13,0.22,2.69,4.37,92.3076923076923,61.57,0.61,2.91,92.3076923076923,9884508.700000001
industry:Beverages - Wineries & Distilleries,industry,Beverages - Wineries & Distilleries,12,0.2,3.81,4.48,50.0,50.21,0.495,2.125,33.33333333333333,2300654.45
industry:Food Distribution,industry,Food Distribution,12,0.2,-0.03500000000000003,1.42,50.0,52.724999999999994,0.685,2.565,75.0,19427331.5
industry:Insurance - Diversified,industry,Insurance - Diversified,12,0.2,1.1600000000000001,-1.71,50.0,49.795,0.51,1.17,100.0,51508165.699999996
industry:Railroads,industry,Railroads,12,0.2,2.02,-0.565,66.66666666666666,57.39,1.15,2.8899999999999997,83.33333333333334,112356141.3
industry:Healthcare Plans,industry,Healthcare Plans,11,0.19,0.72,-3.61,36.36363636363637,45.58,0.75,3.06,72.72727272727273,323192980.50000006
industry:Lodging,industry,Lodging,11,0.19,1.31,-1.1,54.54545454545454,52.3,0.68,3.63,81.81818181818183,67655412.00000001
industry:Luxury Goods,industry,Luxury Goods,11,0.19,-0.48,-9.54,18.181818181818183,40.7,1.12,6.265000000000001,54.54545454545454,1899779.0
industry:Medical Distribution,industry,Medical Distribution,11,0.19,-0.84,-7.11,36.36363636363637,42.35,0.52,2.84,36.36363636363637,1376806.5999999999
industry:Tobacco,industry,Tobacco,11,0.19,-1.97,-3.63,45.45454545454545,48.58,0.62,1.75,54.54545454545454,4766399.7
industry:Oil & Gas Drilling,industry,Oil & Gas Drilling,10,0.17,-1.22,9.21,90.0,57.425,0.935,9.93,40.0,52421896.400000006
industry:Tools & Accessories,industry,Tools & Accessories,10,0.17,-1.67,2.625,50.0,46.305,1.1949999999999998,3.285,90.0,96541596.35
industry:Discount Stores,industry,Discount Stores,9,0.15,4.25,3.46,77.77777777777779,57.05,0.6,5.18,88.88888888888889,362808542.2
industry:Utilities - Independent Power Producers,industry,Utilities - Independent Power Producers,9,0.15,-1.78,-6.13,11.11111111111111,43.27,1.18,3.08,44.44444444444444,268560240.0
industry:Airports & Air Services,industry,Airports & Air Services,8,0.14,-0.405,-3.865,12.5,40.15,0.815,4.27,50.0,6726877.6
industry:Copper,industry,Copper,8,0.14,14.385,25.915,87.5,67.08,1.2650000000000001,2.695,75.0,106911655.5
industry:Electronics & Computer Distribution,industry,Electronics & Computer Distribution,8,0.14,-3.2199999999999998,-1.635,37.5,44.06,1.0950000000000002,4.595,100.0,39779395.75
industry:Insurance - Reinsurance,industry,Insurance - Reinsurance,8,0.14,1.4249999999999998,-4.465,62.5,52.555,0.395,2.635,87.5,17246311.8
industry:Publishing,industry,Publishing,8,0.14,1.54,-3.3800000000000003,37.5,48.175,0.865,10.785,62.5,12918009.3
industry:Beverages - Brewers,industry,Beverages - Brewers,7,0.12,4.2,4.55,57.14285714285714,54.47,0.54,1.1,71.42857142857143,83150281.8
industry:Financial Conglomerates,industry,Financial Conglomerates,7,0.12,-1.0,0.56,28.57142857142857,47.64,0.89,5.56,85.71428571428571,10478796.600000001
industry:Utilities - Diversified,industry,Utilities - Diversified,7,0.12,-0.41,-4.58,28.57142857142857,45.04,0.57,1.8,100.0,28597583.599999998
industry:Lumber & Wood Production,industry,Lumber & Wood Production,6,0.1,1.885,5.529999999999999,83.33333333333334,52.125,1.165,3.68,50.0,24428803.5
industry:Silver,industry,Silver,6,0.1,6.885,28.555,100.0,62.765,1.06,6.75,83.33333333333334,28794708.800000004
industry:Business Equipment & Supplies,industry,Business Equipment & Supplies,5,0.08,-0.95,1.51,40.0,47.54,0.44,6.88,40.0,3331888.0000000005
industry:Confectioners,industry,Confectioners,5,0.08,2.89,6.26,80.0,60.16,0.41,2.58,60.0,9610764.799999999
industry:Home Improvement Retail,industry,Home Improvement Retail,5,0.08,-3.02,2.08,40.0,48.79,1.03,2.03,80.0,138350864.09999996
industry:Paper & Paper Products,industry,Paper & Paper Products,5,0.08,3.05,2.58,40.0,51.18,0.5,4.07,40.0,4433773.0
industry:Pharmaceutical Retailers,industry,Pharmaceutical Retailers,5,0.08,-2.56,15.49,40.0,47.77,0.6950000000000001,3.15,0.0,1173830.0
industry:Thermal Coal,industry,Thermal Coal,5,0.08,3.17,9.42,80.0,61.3,0.17,3.13,80.0,7996416.000000001
industry:Aluminum,industry,Aluminum,4,0.07,-4.19,-3.96,0.0,40.83,1.615,4.795,100.0,74392195.55
industry:Coking Coal,industry,Coking Coal,4,0.07,9.505,28.82,100.0,67.035,0.825,12.600000000000001,25.0,42883317.85
industry:Department Stores,industry,Department Stores,4,0.07,-0.55,-3.4850000000000003,50.0,47.49,1.285,12.535,75.0,84941671.95
industry:Textile Manufacturing,industry,Textile Manufacturing,4,0.07,-1.2849999999999997,7.18,75.0,56.525000000000006,1.18,1.735,0.0,5618840.05
industry:Real Estate - Diversified,industry,Real Estate - Diversified,2,0.03,3.55,7.885,50.0,59.755,1.225,3.275,100.0,22986839.8
industry:Infrastructure Operations,industry,Infrastructure Operations,1,0.02,11.24,65.9,100.0,72.27,0.65,0.26,0.0,202162.80000000002
instown:high,instown,high,2153,36.45,0.0,0.69,55.36460752438458,50.57,0.97,5.58,70.04180213655364,61926085.8
instown:mid,instown,mid,2080,35.21,0.0,1.73,56.39423076923077,51.31,0.83,3.41,40.0,3214611.8
instown:low,instown,low,1622,27.46,-0.14500000000000002,0.75,40.99876695437732,47.77,0.87,1.52,25.21578298397041,901389.7
lev:low,lev,low,2307,39.06,0.02,1.435,55.91677503250976,51.13,0.905,3.56,37.49458170784569,2810579.2
lev:mid,lev,mid,1397,23.65,-0.14,1.3450000000000002,53.686471009305656,50.17,0.91,4.23,68.6471009305655,23525248.400000002
lev:high,lev,high,1384,23.43,0.38,1.48,51.66184971098266,50.24,0.98,4.995,59.53757225433526,25152592.9
liq:low,liq,low,3215,54.43,-0.14,0.57,47.93157076205288,49.125,0.81,1.915,26.00311041990669,1115268.0
liq:mid,liq,mid,1632,27.63,0.0,1.775,55.024509803921575,50.28,0.96,7.33,64.03186274509804,33193983.6
liq:high,liq,high,1060,17.94,0.46,3.02,58.77358490566038,52.25,0.99,4.3100000000000005,81.98113207547169,256551516.95000005
mom:uptrend,mom,uptrend,2304,39.0,0.975,7.71,100.0,59.45,0.82,3.565,55.078125,13337733.850000001
mom:downtrend,mom,downtrend,2013,34.08,-1.79,-6.47,0.0,40.85,0.97,3.73,31.197218082463984,2335927.0000000005
mom:mixed,mom,mixed,1590,26.92,-0.04,1.3900000000000001,47.672955974842765,49.62,0.99,4.295,53.64779874213836,11459157.100000001
peg:cheap,peg,cheap,880,14.9,-0.09,1.53,50.68181818181819,49.519999999999996,1.07,5.005,84.20454545454545,56392376.4
peg:fair,peg,fair,617,10.45,0.46,1.855,60.129659643435986,52.72,0.905,4.275,92.22042139384116,90046995.0
peg:rich,peg,rich,487,8.24,0.77,1.37,61.39630390143738,52.55,0.79,4.45,90.55441478439425,106640907.10000001
profit:no,profit,no,1954,33.08,-0.64,2.45,43.244626407369495,48.15,1.16,5.22,0.0,2629473.45
profit:yes,profit,yes,1500,25.39,0.225,1.63,59.53333333333334,51.86,0.78,3.63,100.0,43643628.300000004
profit:thin,profit,thin,1250,21.16,0.04,1.08,53.68000000000001,49.89,0.97,4.985,100.0,32298828.449999996
q_mom:up,q_mom,up,2296,38.87,1.29,7.84,82.57839721254355,57.39,0.87,4.68,62.45644599303136,19855728.550000004
q_mom:down,q_mom,down,2057,34.82,-1.91,-5.03,18.376276130286826,42.46,1.16,4.385,32.668935342732134,2926410.4000000004
q_mom:flat,q_mom,flat,1431,24.23,0.0,0.35,50.45422781271838,49.69,0.73,1.79,44.72396925227114,3005039.9999999995
range:deep_low,range,deep_low,1980,33.52,-0.86,-2.065,25.656565656565654,43.675,1.01,3.58,23.737373737373737,1597258.4
range:top,range,top,1159,19.62,0.415,5.73,93.52890422778258,59.89,0.79,3.46,64.88352027610009,18267722.2
range:mid,range,mid,1103,18.67,-0.155,0.58,48.5040797824116,48.97,0.94,4.1,54.48776065276518,16417335.0
range:high,range,high,863,14.61,-0.295,1.1749999999999998,57.358053302433376,50.57,0.93,4.13,66.74391657010429,28543427.1
range:low,range,low,719,12.17,0.335,1.5,49.65229485396384,49.8,0.98,4.89,45.75799721835883,7891572.800000001
range:breakout,range,breakout,82,1.39,0.6,0.875,100.0,71.97,0.58,0.18,26.82926829268293,841178.6
roe:none,roe,none,2091,35.4,-0.135,3.62,46.15016738402678,48.93,1.14,5.45,0.8130081300813009,2615753.4
roe:good,roe,good,1687,28.56,0.235,1.8849999999999998,60.16597510373444,52.025,0.845,3.98,99.0515708358032,54608619.0
roe:thin,roe,thin,1118,18.93,0.08499999999999999,0.46499999999999997,55.4561717352415,50.58,0.81,3.76,85.3309481216458,12976471.0
rsi:mid,rsi,mid,4643,78.6,-0.21,0.935,49.73077751453802,49.44,0.93,3.84,47.94314021107043,7613011.2
rsi:overbought,rsi,overbought,738,12.49,5.56,22.15,100.0,70.02,0.8,3.47,48.9159891598916,9713374.95
rsi:oversold,rsi,oversold,494,8.36,-5.19,-20.59,0.20242914979757085,31.145,0.99,4.15,32.59109311740891,2114292.8499999996
rvol:quiet,rvol,quiet,5752,97.38,0.0,1.08,51.999304589707926,50.01,0.91,3.9,47.23574408901251,7482576.95
rvol:hot,rvol,hot,99,1.68,-0.31,0.02,44.44444444444444,46.47,0.9,1.73,19.19191919191919,707469.5
rvol:normal,rvol,normal,56,0.95,3.49,4.0200000000000005,48.214285714285715,49.115,0.76,2.32,25.0,1335912.4499999997
sales_g:slow,sales_g,slow,1791,30.32,0.0,0.75,54.10385259631491,50.25,0.88,4.14,78.00111669458403,31964393.5
sales_g:fast,sales_g,fast,1431,24.23,-0.24,3.38,52.90006988120196,50.045,1.06,5.05,58.07127882599581,21390315.6
sales_g:shrink,sales_g,shrink,1334,22.58,0.235,1.57,47.15142428785607,49.3,0.97,4.56,35.75712143928036,3260810.0
sector:Financial,sector,Financial,1433,24.26,-0.195,0.45,58.33914863921842,50.94,0.68,0.745,43.19609211444522,1912118.2
sector:Healthcare,sector,Healthcare,1060,17.94,0.93,6.305,58.01886792452831,52.64,0.965,6.36,21.79245283018868,4881501.75
sector:Technology,sector,Technology,787,13.32,-1.82,2.6550000000000002,41.67725540025413,47.405,1.25,5.66,48.41168996188056,19496450.6
sector:Industrials,sector,Industrials,704,11.92,-1.9049999999999998,-0.305,39.91477272727273,45.790000000000006,1.11,4.01,55.53977272727273,14402771.549999999
sector:Consumer Cyclical,sector,Consumer Cyclical,528,8.94,0.5800000000000001,-0.24,46.21212121212121,49.49,1.11,5.4,59.84848484848485,14485848.9
sector:Basic Materials,sector,Basic Materials,284,4.81,3.645,12.745,63.02816901408451,56.64,1.01,3.38,50.0,14966715.95
sector:Communication Services,sector,Communication Services,257,4.35,0.0,1.6,49.80544747081712,49.57,0.97,4.85,45.13618677042802,6357279.600000001
sector:Energy,sector,Energy,251,4.25,-0.38,5.26,72.50996015936255,56.03,0.5,4.43,70.5179282868526,20588964.000000004
sector:Real Estate,sector,Real Estate,251,4.25,1.475,-1.82,45.0199203187251,50.57,1.01,3.81,64.5418326693227,13754691.499999998
sector:Consumer Defensive,sector,Consumer Defensive,243,4.11,2.64,2.7,51.85185185185185,51.55,0.61,3.92,54.73251028806584,9610764.799999999
sector:Utilities,sector,Utilities,109,1.85,-1.4,-4.255000000000001,27.522935779816514,43.974999999999994,0.605,4.074999999999999,75.22935779816514,35567829.00000001
short:low,short,low,3398,57.52,-0.1,0.59,51.97174808711007,49.97,0.79,1.625,47.05709240729841,2159198.3
short:mid,short,mid,1830,30.98,0.04,2.5199999999999996,52.732240437158474,49.855000000000004,1.025,8.11,53.22404371584699,22935161.700000003
short:high,short,high,392,6.64,1.1,6.8100000000000005,52.295918367346935,51.055,1.29,18.4,32.6530612244898,21924675.0
short:extreme,short,extreme,159,2.69,0.62,8.23,44.65408805031446,49.92,1.41,29.44,16.352201257861633,30080115.0
size:micro,size,micro,2143,36.28,-0.29,0.4,42.417172188520766,47.65,0.88,1.78,17.73215118992067,618499.8
size:small,size,small,1620,27.43,0.0,1.41,55.925925925925924,50.93,0.88,4.78,42.46913580246914,6304765.500000001
size:mid,size,mid,1172,19.84,0.0,1.66,56.22866894197952,50.59,0.95,7.09,69.7952218430034,52280872.0
size:large,size,large,897,15.19,0.645,2.53,60.98104793756968,53.11,0.92,3.46,88.18283166109254,245673991.2
size:mega,size,mega,75,1.27,0.3,3.11,54.666666666666664,50.71,0.98,1.295,97.33333333333334,2269782144.0
sma20:above,sma20,above,2958,50.08,2.39,9.31,84.51656524678836,58.61,0.86,3.84,46.112237998647736,7832933.65
sma20:below,sma20,below,2942,49.81,-2.31,-3.9050000000000002,18.966689326988444,42.375,0.96,3.85,47.008837525492865,6039351.15
style:growth,style,growth,2511,42.51,-0.125,2.545,49.98008761449621,49.565,1.09,5.37,48.74551971326165,12684648.2
style:blend,style,blend,1775,30.05,0.24,2.395,52.845070422535215,50.7,0.88,3.7699999999999996,51.323943661971825,6947971.799999999
style:value,style,value,664,11.24,0.025,0.525,58.584337349397586,51.345,0.78,4.465,89.7590361445783,33345300.699999996
themes:theme:biotech,themes,theme:biotech,659,11.16,1.01,6.79,59.028831562974204,53.08,0.97,7.4,11.077389984825494,3209566.5000000005
themes:theme:biotech,themes,theme:biotech,606,10.26,0.995,6.885,59.73597359735974,53.175,0.965,7.585,10.891089108910892,3244881.1500000004
themes:theme:ai_capex,themes,theme:ai_capex,454,7.69,-0.45,2.825,44.713656387665196,48.555,1.17,4.484999999999999,38.986784140969164,7002099.8
themes:theme:ai_capex,themes,theme:ai_capex,314,5.32,-0.685,1.145,45.85987261146497,48.38,1.11,4.305,41.71974522292994,5990851.1
themes:theme:housing,themes,theme:housing,270,4.57,-0.855,0.135,52.96296296296297,48.769999999999996,0.73,3.25,71.11111111111111,5955593.299999999
themes:theme:housing,themes,theme:housing,227,3.84,-0.83,0.17,52.42290748898678,48.98,0.77,3.2300000000000004,70.48458149779736,6024242.6
themes:theme:defense,themes,theme:defense,181,3.06,-5.16,-1.065,32.04419889502763,43.565,1.05,5.15,55.24861878453039,50052670.300000004
themes:theme:solar_renewable,themes,theme:solar_renewable,152,2.57,-2.295,-0.615,37.5,44.894999999999996,1.0,5.32,53.289473684210535,27466561.65
themes:theme:oil_gas,themes,theme:oil_gas,140,2.37,0.24,5.91,72.85714285714285,56.415,0.46,4.045,66.42857142857143,14650156.35
themes:theme:defense,themes,theme:defense,132,2.23,-4.96,-0.4,35.60606060606061,44.35,1.05,4.99,55.3030303030303,50330280.35
themes:theme:crypto,themes,theme:crypto,122,2.07,5.52,5.734999999999999,54.09836065573771,54.585,1.6949999999999998,4.93,13.114754098360656,2284580.25
themes:theme:oil_gas,themes,theme:oil_gas,118,2.0,0.33999999999999997,6.265,76.27118644067797,57.260000000000005,0.42,4.135,66.10169491525424,12326696.950000001
themes:theme:copper_metals,themes,theme:copper_metals,111,1.88,4.24,14.190000000000001,55.85585585585585,56.125,1.1,2.99,40.54054054054054,9658809.6
themes:theme:solar_renewable,themes,theme:solar_renewable,106,1.79,-2.3049999999999997,-1.64,36.79245283018868,43.855000000000004,0.9,4.71,54.71698113207547,20017426.5
themes:theme:data_center_power,themes,theme:data_center_power,99,1.68,-3.125,-0.39,34.34343434343434,45.22,1.34,4.89,47.474747474747474,68144860.99999999
themes:theme:copper_metals,themes,theme:copper_metals,82,1.39,5.085,17.31,63.41463414634146,57.37,0.99,2.37,41.46341463414634,8620549.5
themes:theme:crypto,themes,theme:crypto,80,1.35,5.18,4.735,57.49999999999999,55.67,1.08,3.73,16.25,1915875.0
themes:theme:nuclear_smr,themes,theme:nuclear_smr,61,1.03,-1.71,0.58,45.90163934426229,48.3,1.0,6.09,36.0655737704918,47899462.4
themes:theme:regional_bank,themes,theme:regional_bank,61,1.03,-1.9,-0.13,55.73770491803278,48.5,0.62,3.79,88.52459016393442,10439590.0
themes:theme:optics_transceiver,themes,theme:optics_transceiver,53,0.9,-4.81,-2.15,20.754716981132077,43.0,1.34,7.01,52.83018867924528,33472458.0
themes:theme:semiconductor_equip,themes,theme:semiconductor_equip,45,0.76,-5.31,2.91,22.22222222222222,45.57,1.605,5.555,66.66666666666666,93765740.60000002
themes:theme:data_center_power,themes,theme:data_center_power,36,0.61,-3.745,-1.045,38.88888888888889,42.7,1.26,4.199999999999999,50.0,37473015.0
themes:theme:nuclear_smr,themes,theme:nuclear_smr,32,0.54,-0.095,2.115,53.125,49.57,1.045,6.14,28.125,12814226.1
themes:theme:regional_bank,themes,theme:regional_bank,29,0.49,-1.92,-0.41,48.275862068965516,49.58,0.69,4.35,89.65517241379311,10446653.6
themes:theme:regional_bank|theme:housing,themes,theme:regional_bank|theme:housing,29,0.49,-2.08,0.0,62.06896551724138,47.92,0.58,3.23,89.65517241379311,4980855.600000001
themes:theme:semiconductor_equip,themes,theme:semiconductor_equip,29,0.49,-5.64,4.56,20.689655172413794,46.95,1.6,5.23,68.96551724137932,107061000.0
themes:theme:optics_transceiver,themes,theme:optics_transceiver,26,0.44,-2.335,-1.245,19.230769230769234,43.205,1.37,9.325,42.30769230769231,24835615.5
themes:theme:data_center_power|theme:ai_capex,themes,theme:data_center_power|theme:ai_capex,24,0.41,-1.115,-4.16,37.5,46.45,1.04,3.4450000000000003,54.166666666666664,194487670.04999998
themes:theme:hbm_memory,themes,theme:hbm_memory,24,0.41,1.345,7.7,58.333333333333336,51.155,1.205,5.68,66.66666666666666,15860517.45
themes:theme:ai_capex|theme:biotech,themes,theme:ai_capex|theme:biotech,21,0.36,3.38,9.93,47.61904761904761,50.31,1.05,2.4699999999999998,4.761904761904762,1208452.2
themes:theme:ai_capex|theme:crypto,themes,theme:ai_capex|theme:crypto,21,0.36,16.54,15.03,71.42857142857143,61.0,1.74,3.81,4.761904761904762,1098486.4
themes:theme:glp1_obesity,themes,theme:glp1_obesity,20,0.34,4.55,4.15,60.0,56.535,0.93,10.225,25.0,27808544.4
themes:theme:ai_capex|theme:defense,themes,theme:ai_capex|theme:defense,16,0.27,-5.045,-0.41500000000000004,18.75,40.085,0.99,8.37,18.75,6459133.05
themes:theme:glp1_obesity|theme:biotech,themes,theme:glp1_obesity|theme:biotech,14,0.24,5.525,6.5,71.42857142857143,57.459999999999994,0.95,12.51,14.285714285714285,19122867.1
themes:theme:hbm_memory,themes,theme:hbm_memory,13,0.22,2.63,5.41,53.84615384615385,50.52,0.96,5.2,61.53846153846154,4611110.0
themes:theme:solar_renewable|theme:oil_gas,themes,theme:solar_renewable|theme:oil_gas,10,0.17,-0.94,2.785,70.0,50.755,0.55,1.4100000000000001,90.0,48269719.199999996
themes:theme:hbm_memory|theme:ai_capex,themes,theme:hbm_memory|theme:ai_capex,8,0.14,2.42,15.025,75.0,53.115,1.28,6.1,75.0,76641690.30000001
themes:theme:data_center_power|theme:ai_capex|theme:crypto,themes,theme:data_center_power|theme:ai_capex|theme:crypto,7,0.12,5.52,4.21,0.0,47.26,3.92,15.24,0.0,42289582.50000001
themes:theme:ai_capex|theme:semiconductor_equip,themes,theme:ai_capex|theme:semiconductor_equip,6,0.1,-4.234999999999999,3.015,33.33333333333333,44.815,2.1,5.1899999999999995,50.0,193666243.20000002
themes:theme:glp1_obesity,themes,theme:glp1_obesity,6,0.1,2.8499999999999996,-0.5,33.33333333333333,51.935,0.845,6.039999999999999,50.0,267606811.85
themes:theme:nuclear_smr|theme:defense,themes,theme:nuclear_smr|theme:defense,6,0.1,-6.710000000000001,-12.575,16.666666666666664,40.769999999999996,0.725,3.035,100.0,151577107.5
themes:theme:optics_transceiver|theme:defense,themes,theme:optics_transceiver|theme:defense,6,0.1,-4.734999999999999,-3.715,33.33333333333333,42.0,1.07,3.0149999999999997,83.33333333333334,55743532.4
themes:theme:ai_capex|theme:housing,themes,theme:ai_capex|theme:housing,5,0.08,0.01,0.58,20.0,45.81,1.17,7.16,60.0,166269724.79999998
themes:theme:data_center_power|theme:crypto,themes,theme:data_center_power|theme:crypto,5,0.08,13.13,0.69,40.0,52.85,3.34,7.1,20.0,48248573.8
themes:theme:defense|theme:biotech,themes,theme:defense|theme:biotech,5,0.08,1.44,0.28,20.0,46.19,1.2,3.21,60.0,4496076.0
themes:theme:defense|theme:solar_renewable,themes,theme:defense|theme:solar_renewable,5,0.08,-9.89,6.64,40.0,42.48,1.76,9.63,20.0,79651828.8
themes:theme:nuclear_smr|theme:copper_metals,themes,theme:nuclear_smr|theme:copper_metals,5,0.08,0.0,14.44,60.0,57.89,1.795,1.2,20.0,170517.7
themes:theme:ai_capex|theme:solar_renewable,themes,theme:ai_capex|theme:solar_renewable,4,0.07,0.285,1.595,25.0,44.19,1.45,12.98,75.0,129754625.55000001
themes:theme:copper_metals|theme:solar_renewable,themes,theme:copper_metals|theme:solar_renewable,4,0.07,8.645,-1.995,25.0,45.335,1.6099999999999999,9.135,25.0,25237501.299999997
themes:theme:data_center_power|theme:defense,themes,theme:data_center_power|theme:defense,4,0.07,-6.220000000000001,-0.9450000000000001,50.0,43.64,1.32,3.23,100.0,199137653.45
themes:theme:data_center_power|theme:solar_renewable,themes,theme:data_center_power|theme:solar_renewable,4,0.07,-6.335,2.495,25.0,42.519999999999996,1.575,4.9,50.0,102861190.6
themes:theme:optics_transceiver|theme:ai_capex,themes,theme:optics_transceiver|theme:ai_capex,4,0.07,4.205,15.375,50.0,51.120000000000005,1.415,3.38,75.0,1164441766.75
themes:theme:optics_transceiver|theme:copper_metals,themes,theme:optics_transceiver|theme:copper_metals,4,0.07,-14.145,-8.575,0.0,41.519999999999996,1.405,7.449999999999999,50.0,9949409.9
themes:theme:copper_metals|theme:ai_capex,themes,theme:copper_metals|theme:ai_capex,3,0.05,0.43,5.1,33.33333333333333,37.39,1.25,8.51,33.33333333333333,751189.3
themes:theme:copper_metals|theme:oil_gas,themes,theme:copper_metals|theme:oil_gas,3,0.05,7.45,20.62,66.66666666666666,57.72,1.4,1.95,33.33333333333333,357979.2
themes:theme:nuclear_smr|theme:ai_capex,themes,theme:nuclear_smr|theme:ai_capex,3,0.05,1.72,10.57,66.66666666666666,50.95,2.31,17.82,0.0,62342249.19999999
themes:theme:nuclear_smr|theme:biotech,themes,theme:nuclear_smr|theme:biotech,3,0.05,-1.71,-27.67,33.33333333333333,37.37,0.74,21.095,0.0,2344905.1999999997
themes:theme:ai_capex|theme:regional_bank|theme:housing,themes,theme:ai_capex|theme:regional_bank|theme:housing,2,0.03,1.3,-6.654999999999999,50.0,49.379999999999995,1.0350000000000001,4.37,50.0,1568810998.15
themes:theme:copper_metals|theme:biotech,themes,theme:copper_metals|theme:biotech,2,0.03,-3.5549999999999997,4.869999999999999,50.0,52.455,1.3800000000000001,4.76,0.0,717063.35
themes:theme:data_center_power|theme:ai_capex|theme:oil_gas,themes,theme:data_center_power|theme:ai_capex|theme:oil_gas,2,0.03,-1.2599999999999998,-5.370000000000001,50.0,51.795,-0.615,8.545,50.0,16380086.0
themes:theme:data_center_power|theme:ai_capex|theme:solar_renewable,themes,theme:data_center_power|theme:ai_capex|theme:solar_renewable,2,0.03,0.19000000000000017,24.865000000000002,100.0,53.64,1.5350000000000001,14.57,0.0,11817247.65
themes:theme:data_center_power|theme:crypto|theme:solar_renewable,themes,theme:data_center_power|theme:crypto|theme:solar_renewable,2,0.03,12.99,-4.484999999999999,0.0,48.769999999999996,5.225,22.735,0.0,270453959.5
themes:theme:nuclear_smr|theme:copper_metals|theme:oil_gas,themes,theme:nuclear_smr|theme:copper_metals|theme:oil_gas,2,0.03,6.084999999999999,6.455,50.0,54.045,2.115,10.334999999999999,50.0,152609006.5
themes:theme:nuclear_smr|theme:data_center_power,themes,theme:nuclear_smr|theme:data_center_power,2,0.03,-9.825,-0.3599999999999999,0.0,34.955,0.565,5.515000000000001,100.0,146838880.5
themes:theme:optics_transceiver|theme:biotech,themes,theme:optics_transceiver|theme:biotech,2,0.03,0.81,5.734999999999999,50.0,58.31,0.575,1.0899999999999999,0.0,1184646.6
themes:theme:optics_transceiver|theme:copper_metals|theme:defense|theme:solar_renewable,themes,theme:optics_transceiver|theme:copper_metals|theme:defense|theme:solar_renewable,2,0.03,-16.835,-10.355,0.0,37.875,1.56,8.135,100.0,53951403.19999999
themes:theme:semiconductor_equip|theme:solar_renewable,themes,theme:semiconductor_equip|theme:solar_renewable,2,0.03,0.19000000000000006,11.344999999999999,50.0,49.114999999999995,1.105,19.89,0.0,24091238.85
themes:theme:ai_capex|theme:biotech|theme:crypto,themes,theme:ai_capex|theme:biotech|theme:crypto,1,0.02,13.74,12.09,100.0,55.75,1.46,41.6,0.0,1806551.1
themes:theme:ai_capex|theme:oil_gas,themes,theme:ai_capex|theme:oil_gas,1,0.02,-2.24,-3.33,0.0,42.91,1.3,3.92,100.0,568686910.8
themes:theme:biotech|theme:crypto,themes,theme:biotech|theme:crypto,1,0.02,21.48,28.12,100.0,64.79,2.52,12.19,0.0,1628126.4
themes:theme:biotech|theme:housing,themes,theme:biotech|theme:housing,1,0.02,-11.96,8.36,0.0,46.74,0.45,4.22,0.0,847875.6000000001
themes:theme:biotech|theme:oil_gas,themes,theme:biotech|theme:oil_gas,1,0.02,-7.42,3.12,0.0,44.69,1.28,9.78,0.0,4009295.4999999995
themes:theme:copper_metals|theme:defense,themes,theme:copper_metals|theme:defense,1,0.02,0.0,0.41,0.0,50.57,1.12,1.48,100.0,4473627.2
themes:theme:copper_metals|theme:defense|theme:solar_renewable,themes,theme:copper_metals|theme:defense|theme:solar_renewable,1,0.02,37.18,-14.74,0.0,56.6,0.12,0.45,0.0,1453316.8
themes:theme:crypto|theme:housing,themes,theme:crypto|theme:housing,1,0.02,-1.17,35.43,100.0,58.49,2.52,1.36,0.0,34029.6
themes:theme:data_center_power|theme:ai_capex|theme:crypto|theme:solar_renewable,themes,theme:data_center_power|theme:ai_capex|theme:crypto|theme:solar_renewable,1,0.02,-3.21,12.01,0.0,48.29,4.3,31.9,100.0,1857677358.0
themes:theme:data_center_power|theme:ai_capex|theme:defense|theme:crypto,themes,theme:data_center_power|theme:ai_capex|theme:defense|theme:crypto,1,0.02,,-25.3,0.0,32.19,2.63,7.93,0.0,9613896.999999998
themes:theme:data_center_power|theme:ai_capex|theme:housing,themes,theme:data_center_power|theme:ai_capex|theme:housing,1,0.02,15.45,-6.29,0.0,50.86,0.22,7.97,0.0,6964463.1
themes:theme:data_center_power|theme:ai_capex|theme:semiconductor_equip,themes,theme:data_center_power|theme:ai_capex|theme:semiconductor_equip,1,0.02,-3.78,-4.26,0.0,44.02,1.61,1.8,100.0,4764499488.6
themes:theme:data_center_power|theme:copper_metals|theme:ai_capex,themes,theme:data_center_power|theme:copper_metals|theme:ai_capex,1,0.02,14.29,25.27,100.0,64.44,1.26,9.77,0.0,25693536.0
themes:theme:data_center_power|theme:solar_renewable|theme:housing,themes,theme:data_center_power|theme:solar_renewable|theme:housing,1,0.02,-4.04,5.21,100.0,47.06,1.0,3.9,100.0,28514940.299999997
themes:theme:hbm_memory|theme:ai_capex|theme:semiconductor_equip,themes,theme:hbm_memory|theme:ai_capex|theme:semiconductor_equip,1,0.02,0.44,4.05,0.0,48.74,1.39,0.64,100.0,5633828183.1
themes:theme:hbm_memory|theme:semiconductor_equip,themes,theme:hbm_memory|theme:semiconductor_equip,1,0.02,-5.44,-0.24,0.0,47.08,1.96,6.2,100.0,116560973.4
themes:theme:nuclear_smr|theme:crypto|theme:solar_renewable,themes,theme:nuclear_smr|theme:crypto|theme:solar_renewable,1,0.02,1.15,-12.12,0.0,41.12,3.75,31.84,0.0,524066566.0
themes:theme:nuclear_smr|theme:data_center_power|theme:ai_capex|theme:solar_renewable,themes,theme:nuclear_smr|theme:data_center_power|theme:ai_capex|theme:solar_renewable,1,0.02,-4.19,-3.43,0.0,42.69,1.0,3.21,100.0,2708174352.0
themes:theme:nuclear_smr|theme:data_center_power|theme:defense,themes,theme:nuclear_smr|theme:data_center_power|theme:defense,1,0.02,-6.49,-7.26,0.0,35.58,,8.0,100.0,165321094.2
themes:theme:nuclear_smr|theme:housing,themes,theme:nuclear_smr|theme:housing,1,0.02,-5.41,47.76,100.0,61.72,1.56,4.42,0.0,2821196.0
themes:theme:nuclear_smr|theme:oil_gas,themes,theme:nuclear_smr|theme:oil_gas,1,0.02,-3.83,2.28,100.0,51.04,0.96,2.48,100.0,523891901.2
themes:theme:nuclear_smr|theme:optics_transceiver|theme:solar_renewable,themes,theme:nuclear_smr|theme:optics_transceiver|theme:solar_renewable,1,0.02,-1.2,-5.74,0.0,47.78,1.26,11.43,0.0,141585613.4
themes:theme:nuclear_smr|theme:solar_renewable,themes,theme:nuclear_smr|theme:solar_renewable,1,0.02,-2.66,0.58,100.0,50.35,1.25,7.22,0.0,135111600.0
themes:theme:nuclear_smr|theme:solar_renewable|theme:oil_gas,themes,theme:nuclear_smr|theme:solar_renewable|theme:oil_gas,1,0.02,-4.55,-4.98,0.0,42.73,0.75,14.88,0.0,553224.0
themes:theme:optics_transceiver|theme:ai_capex|theme:biotech,themes,theme:optics_transceiver|theme:ai_capex|theme:biotech,1,0.02,-6.5,4.28,0.0,44.63,1.15,2.28,100.0,2104571299.9999998
themes:theme:optics_transceiver|theme:ai_capex|theme:semiconductor_equip,themes,theme:optics_transceiver|theme:ai_capex|theme:semiconductor_equip,1,0.02,-16.04,-8.03,0.0,39.46,2.01,9.36,100.0,6775527.2
themes:theme:optics_transceiver|theme:crypto,themes,theme:optics_transceiver|theme:crypto,1,0.02,-11.96,-26.45,0.0,29.55,2.11,19.34,0.0,575910.0000000001
themes:theme:optics_transceiver|theme:data_center_power,themes,theme:optics_transceiver|theme:data_center_power,1,0.02,-11.04,-0.39,0.0,43.0,3.96,4.89,0.0,248961066.9
themes:theme:optics_transceiver|theme:data_center_power|theme:copper_metals,themes,theme:optics_transceiver|theme:data_center_power|theme:copper_metals,1,0.02,-4.66,-8.44,0.0,40.46,2.54,8.32,100.0,72404545.5
themes:theme:optics_transceiver|theme:data_center_power|theme:hbm_memory|theme:ai_capex,themes,theme:optics_transceiver|theme:data_center_power|theme:hbm_memory|theme:ai_capex,1,0.02,-9.4,20.28,100.0,52.3,1.82,22.1,0.0,4118876.9999999995
themes:theme:optics_transceiver|theme:defense|theme:semiconductor_equip,themes,theme:optics_transceiver|theme:defense|theme:semiconductor_equip,1,0.02,-16.21,-16.15,0.0,34.24,1.53,3.76,100.0,2527315.0
themes:theme:optics_transceiver|theme:semiconductor_equip,themes,theme:optics_transceiver|theme:semiconductor_equip,1,0.02,-12.56,-20.74,0.0,31.62,0.98,13.63,100.0,33472458.0
themes:theme:regional_bank|theme:solar_renewable|theme:housing,themes,theme:regional_bank|theme:solar_renewable|theme:housing,1,0.02,-1.74,-1.19,100.0,48.63,0.87,2.27,100.0,448332220.0
themes:theme:semiconductor_equip|theme:biotech,themes,theme:semiconductor_equip|theme:biotech,1,0.02,13.04,28.25,100.0,68.1,1.6,5.68,0.0,753810.2
themes:theme:semiconductor_equip|theme:solar_renewable|theme:oil_gas,themes,theme:semiconductor_equip|theme:solar_renewable|theme:oil_gas,1,0.02,-21.68,-7.05,0.0,37.27,1.93,22.6,100.0,4198073.600000001
themes:theme:solar_renewable|theme:housing,themes,theme:solar_renewable|theme:housing,1,0.02,20.73,-43.72,0.0,37.77,0.69,8.83,0.0,1357092.9000000001
vol:mid,vol,mid,2552,43.2,0.71,3.15,63.59717868338558,53.13,0.87,4.38,75.50940438871473,31201567.049999997
vol:high,vol,high,2398,40.6,-1.505,0.93,36.86405337781485,46.7,1.24,5.0,20.266889074228526,2330317.35
vol:low,vol,low,957,16.2,-0.1,0.295,57.993730407523515,50.74,0.65,0.23,35.214211076280044,1706947.4
