date,source,commit_sha,commit_time,scrape_ts,note
2026-08-13,finviz_raw,a56a7f8d52cef158232fdeca25f9cf53f65291ab,2026-08-13T21:24:13Z,,latest raw.csv commit before the next session 09:30 ET
2026-08-14,finviz_raw,f895079d16ff8d579fcbba5654e4ebcc659bf92a,2026-08-14T20:58:12Z,,latest raw.csv commit before the next session 09:30 ET
2026-08-17,finviz_raw,72c7283431dd0dc8b0a4e73b3f38473235c8a58e,2026-08-17T20:56:34Z,,latest raw.csv commit before the next session 09:30 ET
2026-08-18,finviz_raw,16530295bda23cc14e4953601819d0f5712515b4,2026-08-18T20:52:34Z,,latest raw.csv commit before the next session 09:30 ET
2026-08-19,finviz_raw,c0ee269eed30f22e10fda1e8fd3c2f2ac4fe797f,2026-08-19T20:56:52Z,,latest raw.csv commit before the next session 09:30 ET
2026-08-20,finviz_raw,9f6efeb4c66746da92bd0eb6dba78007a5eb3ecf,2026-08-20T20:58:25Z,,latest raw.csv commit before the next session 09:30 ET
2026-08-21,finviz_raw,03103e30e9afa36218dc02e6813a1af938489a4f,2026-08-21T20:52:32Z,,latest raw.csv commit before the next session 09:30 ET
2026-08-24,finviz_raw,e05cc702340724294b9e3123b1f88bc5ce3b4802,2026-08-24T21:00:40Z,,latest raw.csv commit before the next session 09:30 ET
2026-08-25,finviz_raw,7948a17e4a8b373b4837dc540da73ba67149a2a4,2026-08-25T20:57:34Z,,latest raw.csv commit before the next session 09:30 ET
2026-08-26,finviz_raw,01a90174fa1039b0e2c242a68ca3ab6e054e3516,2026-08-27T00:00:57Z,,latest raw.csv commit before the next session 09:30 ET
2026-08-27,stooq,,,,no raw export
2026-08-28,finviz_raw,946f1237e81ffd3efc915e7c82daca3e4e0e5fef,2026-08-29T02:53:58Z,,latest raw.csv commit before the next session 09:30 ET
2026-08-31,finviz_raw,25568b6a6997c7015be4c1e90742beaf47213149,2026-09-01T00:02:52Z,,latest raw.csv commit before the next session 09:30 ET
2026-09-01,finviz_raw,c421900d79bad3ec5e0e187e5f7b1c27777b973b,2026-09-01T22:46:11Z,,latest raw.csv commit before the next session 09:30 ET
2026-09-02,finviz_raw,c21d7aaa3de0a9955a7ca393fc190a9e8f564544,2026-09-02T22:47:56Z,,latest raw.csv commit before the next session 09:30 ET
2026-09-03,finviz_raw,85cd460af8755afd3e5155f094220af1f860cd54,2026-09-03T22:45:46Z,,latest raw.csv commit before the next session 09:30 ET
2026-09-04,finviz_raw,9561fb79fd582e63c3eccf002cc1ee600e8c04b3,2026-09-04T22:30:10Z,,latest raw.csv commit before the next session 09:30 ET
2026-09-08,finviz_raw,fceabb131123514c75cd907f6dcb7cc3a7fd8b70,2026-09-08T22:55:52Z,,latest raw.csv commit before the next session 09:30 ET
2026-09-09,finviz_raw,15530ddba6757671303b008faa4fc8a44c6c3a63,2026-09-09T22:42:40Z,,latest raw.csv commit before the next session 09:30 ET
2026-09-10,finviz_raw,3897260ae9b3e435cf46e5a4da84b6450e4ee237,2026-09-10T22:44:38Z,,latest raw.csv commit before the next session 09:30 ET
2026-09-11,finviz_raw,f92bdcd00ad876275b95db10715f5117cf0b4704,2026-09-11T22:45:28Z,,latest raw.csv commit before the next session 09:30 ET
2026-09-14,finviz_raw,1d9b4deb7d71a3b865e23ce51e2cccc3195d0cd8,2026-09-14T23:21:47Z,,latest raw.csv commit before the next session 09:30 ET
2026-09-15,finviz_raw,7b6140343facf4bb891861fda235bb94003faa7b,2026-09-15T23:06:58Z,,latest raw.csv commit before the next session 09:30 ET
2026-09-16,finviz_raw,a5603aa8e05fcce93f78dd67b18784a0b4ec36ee,2026-09-16T23:12:37Z,,latest raw.csv commit before the next session 09:30 ET
2026-09-17,finviz_raw,4f519ef43b9bf44072aa6ee34826c014686692df,2026-09-17T23:00:45Z,,latest raw.csv commit before the next session 09:30 ET
2026-09-18,finviz_raw,afc389c69884e249990b6c908f245a19671e2e84,2026-09-18T22:46:50Z,,latest raw.csv commit before the next session 09:30 ET
2026-09-21,finviz_raw,d7e7ef46133e5824f9480278d315795c1fd8ec42,2026-09-21T23:30:50Z,,latest raw.csv commit before the next session 09:30 ET
2026-09-22,finviz_raw,1fecac14f8bfcd52df7e5d06c06eb2e45423e6d2,2026-09-22T23:12:57Z,,latest raw.csv commit before the next session 09:30 ET
2026-09-23,finviz_raw,59a0d63d0cb2b5e76125c7a7c18d3071ecf47681,2026-09-23T23:05:44Z,,latest raw.csv commit before the next session 09:30 ET
2026-09-24,finviz_raw,0598886bf6c3f3e470fea9e59ea3b2a056e9a003,2026-09-24T23:22:07Z,2026-09-24T23:22:06+00:00,latest raw.csv commit before the next session 09:30 ET; scrape_ts before the next session 09:30 ET
2026-09-25,finviz_raw,c420fb2abd57db441bac1c687ab9c9da599d480f,2026-09-25T20:45:01Z,2026-09-25T20:44:53+00:00,latest raw.csv commit before the next session 09:30 ET; scrape_ts before the next session 09:30 ET
2026-09-28,finviz_raw,652d4404c66e6a3fdfeb59b5153f7733a04ee6e3,2026-09-28T20:41:38Z,2026-09-28T20:41:30+00:00,latest raw.csv commit before the next session 09:30 ET; scrape_ts before the next session 09:30 ET
2026-09-29,finviz_raw,72c00985e5f34353864b9fd3fb661d2885bc9f79,2026-09-29T20:45:52Z,2026-09-29T20:45:45+00:00,latest raw.csv commit before the next session 09:30 ET; scrape_ts before the next session 09:30 ET
2026-09-30,finviz_raw,e6bdd68198be91fed3da8e655912281292260a75,2026-10-01T00:08:39Z,2026-10-01T00:08:31+00:00,latest raw.csv commit before the next session 09:30 ET; scrape_ts before the next session 09:30 ET
2026-10-01,finviz_raw,8677aa70142c3282889bf7d7f70f9135781f760d,2026-10-01T20:46:18Z,2026-10-01T20:46:09+00:00,latest raw.csv commit before the next session 09:30 ET; scrape_ts before the next session 09:30 ET
2026-10-02,finviz_raw,9d77c6b43fba13a06cdc809558d6281eb32d4aaf,2026-10-02T20:44:32Z,2026-10-02T20:44:23+00:00,latest raw.csv commit before the next session 09:30 ET; scrape_ts before the next session 09:30 ET
2026-10-05,finviz_raw,af68184f9259ba9065c10e4090071d3d8b3b9899,2026-10-05T20:49:08Z,2026-10-05T20:49:01+00:00,latest raw.csv commit before the next session 09:30 ET; scrape_ts before the next session 09:30 ET
2026-10-06,finviz_raw,cbd9750c3a0488cc761e502d848609e07e0fac66,2026-10-06T20:53:36Z,2026-10-06T20:53:26+00:00,latest raw.csv commit before the next session 09:30 ET; scrape_ts before the next session 09:30 ET; Stooq filled names missing from the file
2026-10-07,finviz_raw,751ed5230a78084c34d3cdcdbabecb1e7380c825,2026-10-07T20:42:40Z,2026-10-07T20:42:33+00:00,latest raw.csv commit before the next session 09:30 ET; scrape_ts before the next session 09:30 ET
2026-10-08,finviz_raw,871a0bb7cbd10c6695474d34f1fb53ea0cceacb0,2026-10-08T21:32:59Z,2026-10-08T21:32:50+00:00,latest raw.csv commit before the next session 09:30 ET; scrape_ts before the next session 09:30 ET
2026-10-09,finviz_raw,d5b9340b9caa445a6e3e2706c1e15fa6c7fb1f2b,2026-10-09T20:49:41Z,2026-10-09T20:49:33+00:00,latest raw.csv commit before the next session 09:30 ET; scrape_ts before the next session 09:30 ET
