ticker,month,buy_value,sell_value,n_buys,n_sells,n_trades,net_value,net_prev,net_delta,buy_prev,sell_prev
ADP,2026-07,0.0,641206.6799999999,0,3,3,-641206.6799999999,565808.7100000001,-1207015.3900000001,745694.9500000001,179886.24
AKAM,2026-07,0.0,392987.0,0,1,1,-392987.0,-343257.63,-49729.369999999995,0.0,343257.63
ALLE,2026-07,0.0,1596342.74,0,4,4,-1596342.74,-547639.9500000001,-1048702.79,0.0,547639.9500000001
ALRM,2026-07,0.0,35085.04,0,1,1,-35085.04,-564370.0,529284.96,0.0,564370.0
AMD,2026-07,0.0,3338579.9999999995,0,1,1,-3338579.9999999995,-60803694.54,57465114.54,0.0,60803694.54
ANET,2026-07,0.0,220141974.1044,0,62,62,-220141974.1044,-125709226.3803,-94432747.72410001,0.0,125709226.3803
ANF,2026-07,0.0,2050000.0,0,2,2,-2050000.0,-20019833.97,17969833.97,0.0,20019833.97
ARLO,2026-07,0.0,211705.57640000002,0,1,1,-211705.57640000002,-68510.974,-143194.60240000003,0.0,68510.974
ATI,2026-07,0.0,13381487.91,0,11,11,-13381487.91,-14850756.78,1469268.8699999992,0.0,14850756.78
ATRC,2026-07,0.0,1419141.6,0,3,3,-1419141.6,-226600.0,-1192541.6,0.0,226600.0
AVO,2026-07,31967762.15,0.0,4,0,4,31967762.15,12723334.479999999,19244427.67,12783984.479999999,60650.00000000001
AVPT,2026-07,0.0,656390.06,0,4,4,-656390.06,-812040.54,155650.47999999998,0.0,812040.54
AXON,2026-07,0.0,6437894.8098,0,26,26,-6437894.8098,-25619560.843000002,19181666.033200003,0.0,25619560.843000002
BBY,2026-07,0.0,73992923.302,0,7,7,-73992923.302,-39066430.6338,-34926492.6682,0.0,39066430.6338
BDX,2026-07,0.0,11784.75,0,1,1,-11784.75,-742825.3999999999,731040.6499999999,0.0,742825.3999999999
BFH,2026-07,0.0,297348.24,0,1,1,-297348.24,-1276211.86,978863.6200000001,60328.14000000001,1336540.0
BG,2026-07,689050.0,0.0,2,0,2,689050.0,-336889.0,1025939.0,0.0,336889.0
BJ,2026-07,0.0,8028435.079999999,0,4,4,-8028435.079999999,-2244081.0,-5784354.079999999,0.0,2244081.0
BKR,2026-07,0.0,3963600.0,0,1,1,-3963600.0,-23879990.01,19916390.01,0.0,23879990.01
BLK,2026-07,0.0,22000825.982,0,3,3,-22000825.982,-44847312.4234,22846486.4414,0.0,44847312.4234
CARG,2026-07,0.0,511298.11,0,4,4,-511298.11,-560384.99,49086.880000000005,0.0,560384.99
COF,2026-07,0.0,3504116.9400000004,0,5,5,-3504116.9400000004,-641760.0,-2862356.9400000004,0.0,641760.0
COMP,2026-07,0.0,293331.3536,0,1,1,-293331.3536,-180410.35040000002,-112921.00319999995,0.0,180410.35040000002
CRDO,2026-07,0.0,80936164.7697,0,134,134,-80936164.7697,-55493117.5616,-25443047.208100006,0.0,55493117.5616
CVLT,2026-07,0.0,38100.0,0,1,1,-38100.0,-6790252.829,6752152.829,0.0,6790252.829
DBX,2026-07,0.0,604097.3,0,5,5,-604097.3,-739103.1599999999,135005.85999999987,0.0,739103.1599999999
DDOG,2026-07,0.0,99160432.2897,0,84,84,-99160432.2897,-207273081.8553,108112649.56560001,0.0,207273081.8553
DELL,2026-07,0.0,222262033.42,0,226,226,-222262033.42,-1242757765.9,1020495732.4800001,0.0,1242757765.9
DGX,2026-07,0.0,376288.0,0,1,1,-376288.0,-3570800.0,3194512.0,0.0,3570800.0
DRS,2026-07,0.0,175355.05,0,1,1,-175355.05,-2551675.76,2376320.71,0.0,2551675.76
DXCM,2026-07,0.0,4425585.1908,0,5,5,-4425585.1908,-1147603.0304,-3277982.1604,0.0,1147603.0304
ECL,2026-07,0.0,929754.72,0,1,1,-929754.72,-345539.0,-584215.72,2263331.0,2608870.0
EFX,2026-07,0.0,6506254.577,0,8,8,-6506254.577,-1044789.95,-5461464.626999999,0.0,1044789.95
ELF,2026-07,0.0,5953412.458,0,8,8,-5953412.458,-5648064.859999999,-305347.59800000023,0.0,5648064.859999999
ELV,2026-07,1368280.05,0.0,3,0,3,1368280.05,-209433.31,1577713.36,0.0,209433.31
ENR,2026-07,13479866.0,0.0,30,0,30,13479866.0,3544021.1812,9935844.8188,3544021.1812,0.0
EPR,2026-07,0.0,122500.0,0,2,2,-122500.0,-988740.0,866240.0,0.0,988740.0
EVER,2026-07,0.0,609865.4,0,8,8,-609865.4,-146296.82,-463568.58,0.0,146296.82
EW,2026-07,0.0,1133441.93770688,0,4,4,-1133441.93770688,-102558.88380000001,-1030883.0539068801,0.0,102558.88380000001
FAF,2026-07,0.0,243924.35906890003,0,2,2,-243924.35906890003,-399647.138436,155722.77936709995,0.0,399647.138436
FAST,2026-07,0.0,147000.0,0,1,1,-147000.0,-1747922.02,1600922.02,0.0,1747922.02
FCX,2026-07,0.0,475650.0,0,1,1,-475650.0,-35838863.9602,35363213.9602,0.0,35838863.9602
FIGR,2026-07,0.0,112522.6704,0,3,3,-112522.6704,-504725.6106,392202.9402,0.0,504725.6106
FIS,2026-07,57366.54,0.0,1,0,1,57366.54,56725.83,640.7099999999991,56725.83,0.0
FLYW,2026-07,0.0,2875487.1192,0,3,3,-2875487.1192,-5204598.6599,2329111.5407000002,0.0,5204598.6599
FRSH,2026-07,0.0,173665.84000000003,0,3,3,-173665.84000000003,-96665.4,-77000.44000000003,0.0,96665.4
GLBE,2026-07,0.0,7572392.9655,0,9,9,-7572392.9655,-7281308.743,-291084.22250000015,0.0,7281308.743
HON,2026-07,0.0,4151890.64,0,6,6,-4151890.64,-759602.3,-3392288.34,0.0,759602.3
HQY,2026-07,0.0,458280.0,0,2,2,-458280.0,-1193000.0,734720.0,0.0,1193000.0
HSY,2026-07,0.0,37095477.1553,0,109,109,-37095477.1553,-39753773.2337,2658296.078400001,0.0,39753773.2337
HUBS,2026-07,0.0,1879265.0,0,1,1,-1879265.0,-1567570.0,-311695.0,0.0,1567570.0
INSW,2026-07,0.0,262665.19999999995,0,2,2,-262665.19999999995,-244356.19999999998,-18308.99999999997,0.0,244356.19999999998
IOT,2026-07,0.0,39943573.6103,0,50,50,-39943573.6103,-76847554.9738,36903981.36350001,0.0,76847554.9738
KNSA,2026-07,0.0,299092.39,0,1,1,-299092.39,-5761304.220000001,5462211.830000001,0.0,5761304.220000001
KNX,2026-07,0.0,3767242.0,0,2,2,-3767242.0,-7290386.2851,3523144.2851,0.0,7290386.2851
KSS,2026-07,0.0,910.0100000000001,0,1,1,-910.0100000000001,-6195.77,5285.76,0.0,6195.77
LTC,2026-07,0.0,123562.5,0,1,1,-123562.5,347700.0,-471262.5,347700.0,0.0
MANH,2026-07,0.0,1004830.7255999999,0,1,1,-1004830.7255999999,-146770.1,-858060.6255999999,0.0,146770.1
MAX,2026-07,0.0,8777737.3783,0,35,35,-8777737.3783,-1553245.868,-7224491.5103,0.0,1553245.868
MCK,2026-07,0.0,6715898.279999999,0,1,1,-6715898.279999999,-12358039.42,5642141.140000001,0.0,12358039.42
MCO,2026-07,0.0,739715.76,0,3,3,-739715.76,-737213.75,-2502.0100000000093,0.0,737213.75
MDT,2026-07,0.0,257931.30000000002,0,1,1,-257931.30000000002,-336965.43999999994,79034.13999999993,0.0,336965.43999999994
MGNI,2026-07,0.0,1506322.59,0,5,5,-1506322.59,-7822540.42,6316217.83,0.0,7822540.42
MGTX,2026-07,0.0,1110030.22,0,3,3,-1110030.22,-568540.0,-541490.22,0.0,568540.0
NBIS,2026-07,0.0,24311815.21,0,14,14,-24311815.21,-10083753.6208,-14228061.589200001,0.0,10083753.6208
NWBI,2026-07,0.0,209330.97999999998,0,1,1,-209330.97999999998,258383.0,-467713.98,258383.0,0.0
OMF,2026-07,0.0,160000.0,0,1,1,-160000.0,-424576.0,264576.0,0.0,424576.0
OSCR,2026-07,0.0,1484013.8,0,3,3,-1484013.8,-102826990.5,101342976.7,0.0,102826990.5
PANW,2026-07,0.0,553295.0,0,2,2,-553295.0,-10256099.167100001,9702804.167100001,0.0,10256099.167100001
PAYS,2026-07,0.0,986647.7648,0,3,3,-986647.7648,-1034869.8878,48222.12300000002,0.0,1034869.8878
PBF,2026-07,0.0,108556544.3512,0,16,16,-108556544.3512,-71933994.697,-36622549.6542,0.0,71933994.697
PHR,2026-07,0.0,34214.08,0,3,3,-34214.08,-24263.379999999997,-9950.700000000004,0.0,24263.379999999997
PINS,2026-07,0.0,6363100.3125,0,7,7,-6363100.3125,-10087606.4972,3724506.184699999,0.0,10087606.4972
PLTR,2026-07,0.0,26194770.09,0,6,6,-26194770.09,-2324357.95,-23870412.14,0.0,2324357.95
RDDT,2026-07,0.0,11473244.76,0,27,27,-11473244.76,-13255200.8,1781956.040000001,0.0,13255200.8
RDN,2026-07,0.0,780000.0,0,1,1,-780000.0,5727547.422179999,-6507547.422179999,5768292.200099999,40744.77791999999
RELY,2026-07,0.0,17610026.240000002,0,5,5,-17610026.240000002,-1974683.08,-15635343.160000002,0.0,1974683.08
RJF,2026-07,0.0,2758584.8610000005,0,2,2,-2758584.8610000005,-4206289.34,1447704.4789999994,0.0,4206289.34
RMD,2026-07,0.0,1090770.5725,0,1,1,-1090770.5725,-968064.342,-122706.23050000006,0.0,968064.342
RTX,2026-07,0.0,3804839.5565,0,5,5,-3804839.5565,-32684710.8623,28879871.305800002,0.0,32684710.8623
RUSHA,2026-07,0.0,8563009.730800001,0,6,6,-8563009.730800001,-577853.6,-7985156.130800001,0.0,577853.6
RVTY,2026-07,0.0,9305.800000000001,0,1,1,-9305.800000000001,-7424.0,-1881.800000000001,0.0,7424.0
SAIL,2026-07,0.0,7783581.2933,0,21,21,-7783581.2933,-149740.0,-7633841.2933,0.0,149740.0
SBLK,2026-07,0.0,144950.0,0,1,1,-144950.0,-681650.0,536700.0,0.0,681650.0
SE,2026-07,0.0,51716236.96,0,193,193,-51716236.96,-19543307.51,-32172929.45,0.0,19543307.51
SLDE,2026-07,0.0,2415076.7199999997,0,3,3,-2415076.7199999997,-5862824.23,3447747.5100000007,0.0,5862824.23
SMA,2026-07,0.0,14186.500000000002,0,1,1,-14186.500000000002,-13786.999999999998,-399.50000000000364,0.0,13786.999999999998
SN,2026-07,0.0,440264954.00000006,0,3,3,-440264954.00000006,-28769720.0,-411495234.00000006,0.0,28769720.0
SON,2026-07,0.0,15284.16,0,1,1,-15284.16,740181.53380176,-755465.69380176,740181.53380176,0.0
SONO,2026-07,0.0,665142.5,0,2,2,-665142.5,724.5,-665867.0,724.5,0.0
SPOT,2026-07,0.0,12581503.3162,0,22,22,-12581503.3162,-13052616.261400001,471112.9452000018,0.0,13052616.261400001
STGW,2026-07,0.0,524520.0,0,1,1,-524520.0,-12956019.18,12431499.18,117600.0,13073619.18
TOST,2026-07,0.0,1819566.795,0,8,8,-1819566.795,-2796029.8880000003,976463.0930000003,0.0,2796029.8880000003
TRU,2026-07,0.0,2873875.0,0,4,4,-2873875.0,-424380.0,-2449495.0,0.0,424380.0
TWLO,2026-07,0.0,4794250.118799999,0,7,7,-4794250.118799999,-15437839.4098,10643589.291000001,0.0,15437839.4098
UBSI,2026-07,29464.406,0.0,2,0,2,29464.406,296.17,29168.236,296.17,0.0
UMH,2026-07,2000.1,0.0,2,0,2,2000.1,2987.0775,-986.9775,2987.0775,0.0
VOR,2026-07,0.0,4206.75,0,1,1,-4206.75,-49415317.9,49411111.15,0.0,49415317.9
VSXY,2026-07,0.0,96956107.19,0,4,4,-96956107.19,-115398210.16,18442102.97,0.0,115398210.16
WAY,2026-07,0.0,1613976.1145000001,0,2,2,-1613976.1145000001,188985.6,-1802961.7145000002,188985.6,0.0
WDAY,2026-07,0.0,31346814.7156,0,34,34,-31346814.7156,-112865159.1067,81518344.3911,0.0,112865159.1067
WEX,2026-07,0.0,1289072.29,0,9,9,-1289072.29,40616.99999999997,-1329689.29,214424.99999999997,173808.0
WHD,2026-07,0.0,11455743.4,0,4,4,-11455743.4,-1256703.72,-10199039.68,0.0,1256703.72
WMT,2026-07,0.0,744888.6184,0,3,3,-744888.6184,-738455652.2735001,737710763.6551001,0.0,738455652.2735001
WYNN,2026-07,0.0,5718085.1,0,10,10,-5718085.1,-8596520.0,2878434.9000000004,0.0,8596520.0
XYZ,2026-07,0.0,24769580.0,0,24,24,-24769580.0,-23937633.0,-831947.0,0.0,23937633.0
YPF,2026-07,532929.6,0.0,3,0,3,532929.6,-10324.48,543254.08,0.0,10324.48
ZION,2026-07,0.0,62267.100000000006,0,2,2,-62267.100000000006,-297700.3125,235433.2125,0.0,297700.3125
ZIP,2026-07,0.0,160614.9969,0,5,5,-160614.9969,-282918.1266,122303.12970000002,0.0,282918.1266
